contig_1	1	309
contig_1	2	314
contig_1	3	312
contig_1	4	318
contig_1	5	315
contig_1	6	303
contig_1	7	321
contig_1	8	319
contig_1	9	316
contig_1	10	325
contig_1	11	329
contig_1	12	343
contig_1	13	338
contig_1	14	341
contig_1	15	342
contig_1	16	343
contig_1	17	342
contig_1	18	344
contig_1	19	350
contig_1	20	354
contig_1	21	359
contig_1	22	358
contig_1	23	357
contig_1	24	363
contig_1	25	358
contig_1	26	369
contig_1	27	365
contig_1	28	369
contig_1	29	363
contig_1	30	363
contig_1	31	380
contig_1	32	382
contig_1	33	386
contig_1	34	384
contig_1	35	385
contig_1	36	386
contig_1	37	390
contig_1	38	391
contig_1	39	396
contig_1	40	402
contig_1	41	396
contig_1	42	393
contig_1	43	415
contig_1	44	414
contig_1	45	418
contig_1	46	421
contig_1	47	423
contig_1	48	422
contig_1	49	422
contig_1	50	423
contig_1	51	426
contig_1	52	426
contig_1	53	407
contig_1	54	405
contig_1	55	411
contig_1	56	419
contig_1	57	424
contig_1	58	424
contig_1	59	419
contig_1	60	418
contig_1	61	421
contig_1	62	424
contig_1	63	417
contig_1	64	425
contig_1	65	411
contig_1	66	408
contig_1	67	412
contig_1	68	411
contig_1	69	401
contig_1	70	407
contig_1	71	403
contig_1	72	411
contig_1	73	406
contig_1	74	397
contig_1	75	408
contig_1	76	397
contig_1	77	408
contig_1	78	416
contig_1	79	408
contig_1	80	394
contig_1	81	395
contig_1	82	404
contig_1	83	396
contig_1	84	395
contig_1	85	402
contig_1	86	412
contig_1	87	413
contig_1	88	419
contig_1	89	424
contig_1	90	425
contig_1	91	420
contig_1	92	422
contig_1	93	407
contig_1	94	414
contig_1	95	416
contig_1	96	408
contig_1	97	389
contig_1	98	399
contig_1	99	403
contig_1	100	401
contig_1	101	406
contig_1	102	403
contig_1	103	413
contig_1	104	404
contig_1	105	392
contig_1	106	400
contig_1	107	393
contig_1	108	393
contig_1	109	387
contig_1	110	383
contig_1	111	370
contig_1	112	397
contig_1	113	382
contig_1	114	382
contig_1	115	396
contig_1	116	393
contig_1	117	379
contig_1	118	353
contig_1	119	367
contig_1	120	371
contig_1	121	367
contig_1	122	377
contig_1	123	376
contig_1	124	385
contig_1	125	370
contig_1	126	357
contig_1	127	382
contig_1	128	376
contig_1	129	374
contig_1	130	385
contig_1	131	377
contig_1	132	388
contig_1	133	389
contig_1	134	384
contig_1	135	389
contig_1	136	387
contig_1	137	388
contig_1	138	387
contig_1	139	379
contig_1	140	377
contig_1	141	374
contig_1	142	377
contig_1	143	357
contig_1	144	352
contig_1	145	359
contig_1	146	355
contig_1	147	349
contig_1	148	362
contig_1	149	347
contig_1	150	357
contig_1	151	355
contig_1	152	356
contig_1	153	363
contig_1	154	372
contig_1	155	365
contig_1	156	371
contig_1	157	380
contig_1	158	368
contig_1	159	363
contig_1	160	363
contig_1	161	364
contig_1	162	360
contig_1	163	364
contig_1	164	351
contig_1	165	365
contig_1	166	369
contig_1	167	360
contig_1	168	368
contig_1	169	371
contig_1	170	367
contig_1	171	355
contig_1	172	364
contig_1	173	362
contig_1	174	364
contig_1	175	357
contig_1	176	347
contig_1	177	343
contig_1	178	352
contig_1	179	353
contig_1	180	339
contig_1	181	358
contig_1	182	354
contig_1	183	360
contig_1	184	362
contig_1	185	356
contig_1	186	362
contig_1	187	360
contig_1	188	363
contig_1	189	356
contig_1	190	352
contig_1	191	355
contig_1	192	354
contig_1	193	348
contig_1	194	349
contig_1	195	349
contig_1	196	353
contig_1	197	355
contig_1	198	335
contig_1	199	353
contig_1	200	356
contig_1	201	367
contig_1	202	364
contig_1	203	352
contig_1	204	356
contig_1	205	341
contig_1	206	338
contig_1	207	349
contig_1	208	340
contig_1	209	345
contig_1	210	341
contig_1	211	349
contig_1	212	342
contig_1	213	357
contig_1	214	353
contig_1	215	348
contig_1	216	356
contig_1	217	359
contig_1	218	347
contig_1	219	346
contig_1	220	332
contig_1	221	341
contig_1	222	349
contig_1	223	352
contig_1	224	352
contig_1	225	351
contig_1	226	357
contig_1	227	373
contig_1	228	363
contig_1	229	369
contig_1	230	367
contig_1	231	359
contig_1	232	363
contig_1	233	360
contig_1	234	362
contig_1	235	367
contig_1	236	350
contig_1	237	362
contig_1	238	361
contig_1	239	347
contig_1	240	356
contig_1	241	355
contig_1	242	353
contig_1	243	359
contig_1	244	366
contig_1	245	351
contig_1	246	340
contig_1	247	353
contig_1	248	355
contig_1	249	345
contig_1	250	363
contig_1	251	354
contig_1	252	345
contig_1	253	353
contig_1	254	342
contig_1	255	336
contig_1	256	356
contig_1	257	352
contig_1	258	344
contig_1	259	353
contig_1	260	323
contig_1	261	326
contig_1	262	332
contig_1	263	334
contig_1	264	327
contig_1	265	327
contig_1	266	325
contig_1	267	321
contig_1	268	306
contig_1	269	321
contig_1	270	315
contig_1	271	309
contig_1	272	302
contig_1	273	306
contig_1	274	305
contig_1	275	304
contig_1	276	303
contig_1	277	303
contig_1	278	294
contig_1	279	296
contig_1	280	296
contig_1	281	288
contig_1	282	278
contig_1	283	291
contig_1	284	283
contig_1	285	284
contig_1	286	287
contig_1	287	276
contig_1	288	284
contig_1	289	279
contig_1	290	277
contig_1	291	272
contig_1	292	268
contig_1	293	269
contig_1	294	272
contig_1	295	271
contig_1	296	271
contig_1	297	269
contig_1	298	272
contig_1	299	271
contig_1	300	261
contig_1	301	247
contig_1	302	254
contig_1	303	245
contig_1	304	250
contig_1	305	234
contig_1	306	244
contig_1	307	243
contig_1	308	246
contig_1	309	246
contig_1	310	248
contig_1	311	247
contig_1	312	248
contig_1	313	251
contig_1	314	255
contig_1	315	254
contig_1	316	249
contig_1	317	247
contig_1	318	245
contig_1	319	243
contig_1	320	246
contig_1	321	242
contig_1	322	225
contig_1	323	229
contig_1	324	231
contig_1	325	232
contig_1	326	233
contig_1	327	229
contig_1	328	235
contig_1	329	233
contig_1	330	228
contig_1	331	227
contig_1	332	225
contig_1	333	228
contig_1	334	220
contig_1	335	212
contig_1	336	221
contig_1	337	219
contig_1	338	217
contig_1	339	214
contig_1	340	213
contig_1	341	212
contig_1	342	212
contig_1	343	211
contig_1	344	208
contig_1	345	206
contig_1	346	197
contig_1	347	197
contig_1	348	205
contig_1	349	209
contig_1	350	202
contig_1	351	183
contig_1	352	186
contig_1	353	191
contig_1	354	194
contig_1	355	189
contig_1	356	193
contig_1	357	192
contig_1	358	187
contig_1	359	188
contig_1	360	188
contig_1	361	189
contig_1	362	183
contig_1	363	181
contig_1	364	186
contig_1	365	184
contig_1	366	179
contig_1	367	177
contig_1	368	172
contig_1	369	173
contig_1	370	171
contig_1	371	169
contig_1	372	165
contig_1	373	161
contig_1	374	157
contig_1	375	159
contig_1	376	154
contig_1	377	140
contig_1	378	130
contig_1	379	138
contig_1	380	134
contig_1	381	135
contig_1	382	133
contig_1	383	135
contig_1	384	132
contig_1	385	130
contig_1	386	124
contig_1	387	128
contig_1	388	130
contig_1	389	132
contig_1	390	131
contig_1	391	130
contig_1	392	127
contig_1	393	125
contig_1	394	118
contig_1	395	119
contig_1	396	118
contig_1	397	118
contig_1	398	118
contig_1	399	118
contig_1	400	118
contig_1	401	114
contig_1	402	113
contig_1	403	110
contig_1	404	114
contig_1	405	113
contig_1	406	108
contig_1	407	108
contig_1	408	107
contig_1	409	105
contig_1	410	104
contig_1	411	107
contig_1	412	103
contig_1	413	106
contig_1	414	103
contig_1	415	105
contig_1	416	105
contig_1	417	105
contig_1	418	105
contig_1	419	103
contig_1	420	101
contig_1	421	100
contig_1	422	100
contig_1	423	97
contig_1	424	98
contig_1	425	100
contig_1	426	97
contig_1	427	96
contig_1	428	97
contig_1	429	95
contig_1	430	92
contig_1	431	93
contig_1	432	91
contig_1	433	90
contig_1	434	91
contig_1	435	91
contig_1	436	91
contig_1	437	92
contig_1	438	93
contig_1	439	91
contig_1	440	92
contig_1	441	94
contig_1	442	91
contig_1	443	88
contig_1	444	89
contig_1	445	88
contig_1	446	96
contig_1	447	97
contig_1	448	96
contig_1	449	96
contig_1	450	97
contig_1	451	95
contig_1	452	95
contig_1	453	96
contig_1	454	96
contig_1	455	97
contig_1	456	99
contig_1	457	96
contig_1	458	95
contig_1	459	91
contig_1	460	84
contig_1	461	85
contig_1	462	88
contig_1	463	83
contig_1	464	78
contig_1	465	85
contig_1	466	83
contig_1	467	85
contig_1	468	84
contig_1	469	81
contig_1	470	85
contig_1	471	87
contig_1	472	91
contig_1	473	89
contig_1	474	93
contig_1	475	95
contig_1	476	97
contig_1	477	98
contig_1	478	96
contig_1	479	98
contig_1	480	97
contig_1	481	97
contig_1	482	97
contig_1	483	100
contig_1	484	98
contig_1	485	96
contig_1	486	99
contig_1	487	101
contig_1	488	101
contig_1	489	98
contig_1	490	99
contig_1	491	98
contig_1	492	101
contig_1	493	99
contig_1	494	103
contig_1	495	102
contig_1	496	102
contig_1	497	99
contig_1	498	102
contig_1	499	103
contig_1	500	105
contig_1	501	104
contig_1	502	106
contig_1	503	105
contig_1	504	108
contig_1	505	109
contig_1	506	109
contig_1	507	109
contig_1	508	108
contig_1	509	107
contig_1	510	109
contig_1	511	110
contig_1	512	106
contig_1	513	111
contig_1	514	111
contig_1	515	112
contig_1	516	117
contig_1	517	118
contig_1	518	119
contig_1	519	118
contig_1	520	112
contig_1	521	120
contig_1	522	128
contig_1	523	127
contig_1	524	127
contig_1	525	128
contig_1	526	131
contig_1	527	135
contig_1	528	135
contig_1	529	135
contig_1	530	136
contig_1	531	146
contig_1	532	146
contig_1	533	150
contig_1	534	147
contig_1	535	156
contig_1	536	154
contig_1	537	153
contig_1	538	155
contig_1	539	155
contig_1	540	150
contig_1	541	160
contig_1	542	158
contig_1	543	157
contig_1	544	160
contig_1	545	155
contig_1	546	155
contig_1	547	168
contig_1	548	165
contig_1	549	165
contig_1	550	173
contig_1	551	173
contig_1	552	182
contig_1	553	179
contig_1	554	181
contig_1	555	184
contig_1	556	187
contig_1	557	186
contig_1	558	184
contig_1	559	188
contig_1	560	186
contig_1	561	184
contig_1	562	185
contig_1	563	186
contig_1	564	186
contig_1	565	187
contig_1	566	187
contig_1	567	188
contig_1	568	182
contig_1	569	194
contig_1	570	189
contig_1	571	186
contig_1	572	194
contig_1	573	196
contig_1	574	201
contig_1	575	197
contig_1	576	193
contig_1	577	197
contig_1	578	198
contig_1	579	198
contig_1	580	201
contig_1	581	203
contig_1	582	203
contig_1	583	196
contig_1	584	204
contig_1	585	206
contig_1	586	202
contig_1	587	202
contig_1	588	205
contig_1	589	204
contig_1	590	206
contig_1	591	210
contig_1	592	211
contig_1	593	205
contig_1	594	215
contig_1	595	219
contig_1	596	217
contig_1	597	214
contig_1	598	213
contig_1	599	212
contig_1	600	212
contig_1	601	211
contig_1	602	214
contig_1	603	215
contig_1	604	204
contig_1	605	199
contig_1	606	210
contig_1	607	204
contig_1	608	208
contig_1	609	206
contig_1	610	209
contig_1	611	201
contig_1	612	205
contig_1	613	201
contig_1	614	202
contig_1	615	206
contig_1	616	205
contig_1	617	203
contig_1	618	206
contig_1	619	202
contig_1	620	204
contig_1	621	194
contig_1	622	199
contig_1	623	201
contig_1	624	199
contig_1	625	196
contig_1	626	197
contig_1	627	195
contig_1	628	195
contig_1	629	194
contig_1	630	197
contig_1	631	192
contig_1	632	194
contig_1	633	190
contig_1	634	186
contig_1	635	190
contig_1	636	190
contig_1	637	179
contig_1	638	185
contig_1	639	185
contig_1	640	189
contig_1	641	189
contig_1	642	192
contig_1	643	186
contig_1	644	189
contig_1	645	184
contig_1	646	187
contig_1	647	190
contig_1	648	178
contig_1	649	177
contig_1	650	184
contig_1	651	177
contig_1	652	180
contig_1	653	179
contig_1	654	176
contig_1	655	172
contig_1	656	177
contig_1	657	177
contig_1	658	172
contig_1	659	165
contig_1	660	175
contig_1	661	169
contig_1	662	171
contig_1	663	171
contig_1	664	168
contig_1	665	170
contig_1	666	165
contig_1	667	166
contig_1	668	165
contig_1	669	155
contig_1	670	147
contig_1	671	153
contig_1	672	155
contig_1	673	153
contig_1	674	155
contig_1	675	143
contig_1	676	144
contig_1	677	151
contig_1	678	148
contig_1	679	143
contig_1	680	145
contig_1	681	131
contig_1	682	125
contig_1	683	124
contig_1	684	119
contig_1	685	121
contig_1	686	121
contig_1	687	116
contig_1	688	122
contig_1	689	119
contig_1	690	117
contig_1	691	117
contig_1	692	114
contig_1	693	119
contig_1	694	116
contig_1	695	114
contig_1	696	106
contig_1	697	114
contig_1	698	113
contig_1	699	111
contig_1	700	108
contig_1	701	110
contig_1	702	102
contig_1	703	102
contig_1	704	101
contig_1	705	98
contig_1	706	92
contig_1	707	99
contig_1	708	101
contig_1	709	98
contig_1	710	97
contig_1	711	99
contig_1	712	99
contig_1	713	99
contig_1	714	101
contig_1	715	99
contig_1	716	101
contig_1	717	98
contig_1	718	98
contig_1	719	92
contig_1	720	94
contig_1	721	93
contig_1	722	92
contig_1	723	91
contig_1	724	90
contig_1	725	88
contig_1	726	87
contig_1	727	92
contig_1	728	86
contig_1	729	91
contig_1	730	90
contig_1	731	89
contig_1	732	89
contig_1	733	89
contig_1	734	90
contig_1	735	88
contig_1	736	89
contig_1	737	88
contig_1	738	89
contig_1	739	88
contig_1	740	87
contig_1	741	83
contig_1	742	84
contig_1	743	83
contig_1	744	81
contig_1	745	78
contig_1	746	81
contig_1	747	81
contig_1	748	82
contig_1	749	80
contig_1	750	81
contig_1	751	79
contig_1	752	75
contig_1	753	79
contig_1	754	80
contig_1	755	79
contig_1	756	84
contig_1	757	87
contig_1	758	92
contig_1	759	91
contig_1	760	92
contig_1	761	91
contig_1	762	86
contig_1	763	92
contig_1	764	90
contig_1	765	90
contig_1	766	90
contig_1	767	93
contig_1	768	94
contig_1	769	95
contig_1	770	97
contig_1	771	99
contig_1	772	102
contig_1	773	101
contig_1	774	103
contig_1	775	103
contig_1	776	103
contig_1	777	103
contig_1	778	103
contig_1	779	107
contig_1	780	108
contig_1	781	112
contig_1	782	116
contig_1	783	113
contig_1	784	118
contig_1	785	112
contig_1	786	118
contig_1	787	119
contig_1	788	117
contig_1	789	115
contig_1	790	116
contig_1	791	120
contig_1	792	118
contig_1	793	116
contig_1	794	125
contig_1	795	126
contig_1	796	123
contig_1	797	128
contig_1	798	130
contig_1	799	128
contig_1	800	130
contig_1	801	131
contig_1	802	132
contig_1	803	134
contig_1	804	131
contig_1	805	123
contig_1	806	133
contig_1	807	143
contig_1	808	138
contig_1	809	144
contig_1	810	149
contig_1	811	148
contig_1	812	153
contig_1	813	153
contig_1	814	159
contig_1	815	161
contig_1	816	158
contig_1	817	156
contig_1	818	156
contig_1	819	159
contig_1	820	157
contig_1	821	161
contig_1	822	164
contig_1	823	159
contig_1	824	161
contig_1	825	162
contig_1	826	160
contig_1	827	156
contig_1	828	164
contig_1	829	166
contig_1	830	169
contig_1	831	176
contig_1	832	177
contig_1	833	178
contig_1	834	182
contig_1	835	182
contig_1	836	180
contig_1	837	186
contig_1	838	186
contig_1	839	183
contig_1	840	182
contig_1	841	187
contig_1	842	184
contig_1	843	192
contig_1	844	197
contig_1	845	202
contig_1	846	202
contig_1	847	199
contig_1	848	200
contig_1	849	197
contig_1	850	197
contig_1	851	208
contig_1	852	218
contig_1	853	217
contig_1	854	216
contig_1	855	215
contig_1	856	220
contig_1	857	217
contig_1	858	223
contig_1	859	226
contig_1	860	225
contig_1	861	229
contig_1	862	226
contig_1	863	225
contig_1	864	233
contig_1	865	236
contig_1	866	234
contig_1	867	236
contig_1	868	242
contig_1	869	239
contig_1	870	245
contig_1	871	247
contig_1	872	245
contig_1	873	251
contig_1	874	248
contig_1	875	245
contig_1	876	248
contig_1	877	247
contig_1	878	251
contig_1	879	250
contig_1	880	252
contig_1	881	255
contig_1	882	255
contig_1	883	255
contig_1	884	256
contig_1	885	257
contig_1	886	254
contig_1	887	244
contig_1	888	262
contig_1	889	267
contig_1	890	265
contig_1	891	268
contig_1	892	266
contig_1	893	266
contig_1	894	265
contig_1	895	269
contig_1	896	271
contig_1	897	269
contig_1	898	267
contig_1	899	262
contig_1	900	274
contig_1	901	275
contig_1	902	275
contig_1	903	278
contig_1	904	292
contig_1	905	293
contig_1	906	293
contig_1	907	298
contig_1	908	299
contig_1	909	301
contig_1	910	303
contig_1	911	305
contig_1	912	305
contig_1	913	310
contig_1	914	316
contig_1	915	318
contig_1	916	321
contig_1	917	315
contig_1	918	319
contig_1	919	322
contig_1	920	319
contig_1	921	317
contig_1	922	322
contig_1	923	326
contig_1	924	334
contig_1	925	334
contig_1	926	332
contig_1	927	330
contig_1	928	340
contig_1	929	339
contig_1	930	330
contig_1	931	332
contig_1	932	338
contig_1	933	347
contig_1	934	354
contig_1	935	350
contig_1	936	350
contig_1	937	353
contig_1	938	355
contig_1	939	354
contig_1	940	351
contig_1	941	352
contig_1	942	353
contig_1	943	355
contig_1	944	352
contig_1	945	352
contig_1	946	370
contig_1	947	362
contig_1	948	368
contig_1	949	367
contig_1	950	371
contig_1	951	371
contig_1	952	370
contig_1	953	374
contig_1	954	371
contig_1	955	361
contig_1	956	377
contig_1	957	373
contig_1	958	375
contig_1	959	373
contig_1	960	367
contig_1	961	370
contig_1	962	366
contig_1	963	361
contig_1	964	359
contig_1	965	365
contig_1	966	368
contig_1	967	373
contig_1	968	375
contig_1	969	374
contig_1	970	379
contig_1	971	376
contig_1	972	375
contig_1	973	376
contig_1	974	373
contig_1	975	372
contig_1	976	379
contig_1	977	372
contig_1	978	379
contig_1	979	379
contig_1	980	371
contig_1	981	376
contig_1	982	375
contig_1	983	367
contig_1	984	372
contig_1	985	372
contig_1	986	365
contig_1	987	370
contig_1	988	375
contig_1	989	378
contig_1	990	377
contig_1	991	379
contig_1	992	380
contig_1	993	376
contig_1	994	373
contig_1	995	375
contig_1	996	378
contig_1	997	380
contig_1	998	380
contig_1	999	383
contig_1	1000	379
contig_1	1001	379
contig_1	1002	375
contig_1	1003	384
contig_1	1004	386
contig_1	1005	373
contig_1	1006	372
contig_1	1007	380
contig_1	1008	386
contig_1	1009	383
contig_1	1010	382
contig_1	1011	390
contig_1	1012	388
contig_1	1013	389
contig_1	1014	386
contig_1	1015	387
contig_1	1016	383
contig_1	1017	390
contig_1	1018	389
contig_1	1019	393
contig_1	1020	389
contig_1	1021	385
contig_1	1022	385
contig_1	1023	395
contig_1	1024	397
contig_1	1025	395
contig_1	1026	393
contig_1	1027	400
contig_1	1028	400
contig_1	1029	397
contig_1	1030	400
contig_1	1031	399
contig_1	1032	395
contig_1	1033	395
contig_1	1034	401
contig_1	1035	395
contig_1	1036	395
contig_1	1037	399
contig_1	1038	394
contig_1	1039	400
contig_1	1040	394
contig_1	1041	395
contig_1	1042	400
contig_1	1043	394
contig_1	1044	406
contig_1	1045	405
contig_1	1046	391
contig_1	1047	401
contig_1	1048	413
contig_1	1049	404
contig_1	1050	408
contig_1	1051	403
contig_1	1052	407
contig_1	1053	403
contig_1	1054	393
contig_1	1055	396
contig_1	1056	390
contig_1	1057	396
contig_1	1058	397
contig_1	1059	394
contig_1	1060	400
contig_1	1061	395
contig_1	1062	390
contig_1	1063	390
contig_1	1064	393
contig_1	1065	397
contig_1	1066	397
contig_1	1067	385
contig_1	1068	390
contig_1	1069	391
contig_1	1070	389
contig_1	1071	389
contig_1	1072	385
contig_1	1073	382
contig_1	1074	376
contig_1	1075	380
contig_1	1076	389
contig_1	1077	389
contig_1	1078	391
contig_1	1079	385
contig_1	1080	382
contig_1	1081	391
contig_1	1082	384
contig_1	1083	384
contig_1	1084	390
contig_1	1085	383
contig_1	1086	384
contig_1	1087	393
contig_1	1088	392
contig_1	1089	390
contig_1	1090	393
contig_1	1091	406
contig_1	1092	407
contig_1	1093	407
contig_1	1094	410
contig_1	1095	408
contig_1	1096	398
contig_1	1097	396
contig_1	1098	397
contig_1	1099	399
contig_1	1100	392
contig_1	1101	397
contig_1	1102	402
contig_1	1103	405
contig_1	1104	407
contig_1	1105	404
contig_1	1106	410
contig_1	1107	409
contig_1	1108	408
contig_1	1109	410
contig_1	1110	410
contig_1	1111	413
contig_1	1112	415
contig_1	1113	404
contig_1	1114	421
contig_1	1115	423
contig_1	1116	418
contig_1	1117	424
contig_1	1118	418
contig_1	1119	416
contig_1	1120	434
contig_1	1121	424
contig_1	1122	427
contig_1	1123	437
contig_1	1124	438
contig_1	1125	424
contig_1	1126	431
contig_1	1127	437
contig_1	1128	440
contig_1	1129	442
contig_1	1130	440
contig_1	1131	441
contig_1	1132	442
contig_1	1133	442
contig_1	1134	443
contig_1	1135	437
contig_1	1136	437
contig_1	1137	430
contig_1	1138	432
contig_1	1139	435
contig_1	1140	434
contig_1	1141	439
contig_1	1142	432
contig_1	1143	430
contig_1	1144	428
contig_1	1145	435
contig_1	1146	432
contig_1	1147	430
contig_1	1148	431
contig_1	1149	437
contig_1	1150	436
contig_1	1151	431
contig_1	1152	433
contig_1	1153	435
contig_1	1154	428
contig_1	1155	425
contig_1	1156	428
contig_1	1157	420
contig_1	1158	411
contig_1	1159	423
contig_1	1160	416
contig_1	1161	417
contig_1	1162	426
contig_1	1163	430
contig_1	1164	429
contig_1	1165	431
contig_1	1166	429
contig_1	1167	422
contig_1	1168	427
contig_1	1169	430
contig_1	1170	430
contig_1	1171	426
contig_1	1172	427
contig_1	1173	422
contig_1	1174	427
contig_1	1175	424
contig_1	1176	432
contig_1	1177	432
contig_1	1178	432
contig_1	1179	423
contig_1	1180	436
contig_1	1181	440
contig_1	1182	438
contig_1	1183	437
contig_1	1184	440
contig_1	1185	438
contig_1	1186	435
contig_1	1187	436
contig_1	1188	435
contig_1	1189	435
contig_1	1190	421
contig_1	1191	434
contig_1	1192	430
contig_1	1193	424
contig_1	1194	421
contig_1	1195	421
contig_1	1196	416
contig_1	1197	420
contig_1	1198	424
contig_1	1199	430
contig_1	1200	426
contig_1	1201	423
contig_1	1202	427
contig_1	1203	419
contig_1	1204	427
contig_1	1205	427
contig_1	1206	431
contig_1	1207	429
contig_1	1208	418
contig_1	1209	408
contig_1	1210	422
contig_1	1211	414
contig_1	1212	415
contig_1	1213	409
contig_1	1214	401
contig_1	1215	414
contig_1	1216	417
contig_1	1217	417
contig_1	1218	420
contig_1	1219	421
contig_1	1220	423
contig_1	1221	424
contig_1	1222	434
contig_1	1223	433
contig_1	1224	435
contig_1	1225	440
contig_1	1226	436
contig_1	1227	431
contig_1	1228	436
contig_1	1229	438
contig_1	1230	432
contig_1	1231	440
contig_1	1232	438
contig_1	1233	444
contig_1	1234	439
contig_1	1235	439
contig_1	1236	431
contig_1	1237	452
contig_1	1238	435
contig_1	1239	430
contig_1	1240	446
contig_1	1241	437
contig_1	1242	425
contig_1	1243	441
contig_1	1244	449
contig_1	1245	451
contig_1	1246	449
contig_1	1247	449
contig_1	1248	451
contig_1	1249	445
contig_1	1250	435
contig_1	1251	437
contig_1	1252	440
contig_1	1253	444
contig_1	1254	434
contig_1	1255	440
contig_1	1256	434
contig_1	1257	442
contig_1	1258	446
contig_1	1259	452
contig_1	1260	450
contig_1	1261	457
contig_1	1262	451
contig_1	1263	437
contig_1	1264	448
contig_1	1265	449
contig_1	1266	448
contig_1	1267	452
contig_1	1268	445
contig_1	1269	441
contig_1	1270	443
contig_1	1271	453
contig_1	1272	462
contig_1	1273	462
contig_1	1274	454
contig_1	1275	463
contig_1	1276	467
contig_1	1277	466
contig_1	1278	456
contig_1	1279	460
contig_1	1280	462
contig_1	1281	465
contig_1	1282	465
contig_1	1283	466
contig_1	1284	461
contig_1	1285	450
contig_1	1286	448
contig_1	1287	446
contig_1	1288	445
contig_1	1289	448
contig_1	1290	441
contig_1	1291	457
contig_1	1292	460
contig_1	1293	448
contig_1	1294	457
contig_1	1295	451
contig_1	1296	450
contig_1	1297	454
contig_1	1298	454
contig_1	1299	451
contig_1	1300	456
contig_1	1301	453
contig_1	1302	459
contig_1	1303	462
contig_1	1304	460
contig_1	1305	464
contig_1	1306	469
contig_1	1307	474
contig_1	1308	473
contig_1	1309	477
contig_1	1310	476
contig_1	1311	477
contig_1	1312	473
contig_1	1313	476
contig_1	1314	470
contig_1	1315	479
contig_1	1316	473
contig_1	1317	476
contig_1	1318	475
contig_1	1319	472
contig_1	1320	469
contig_1	1321	469
contig_1	1322	459
contig_1	1323	468
contig_1	1324	468
contig_1	1325	471
contig_1	1326	464
contig_1	1327	472
contig_1	1328	478
contig_1	1329	479
contig_1	1330	469
contig_1	1331	463
contig_1	1332	469
contig_1	1333	474
contig_1	1334	478
contig_1	1335	483
contig_1	1336	484
contig_1	1337	491
contig_1	1338	492
contig_1	1339	497
contig_1	1340	494
contig_1	1341	500
contig_1	1342	509
contig_1	1343	515
contig_1	1344	522
contig_1	1345	529
contig_1	1346	527
contig_1	1347	519
contig_1	1348	521
contig_1	1349	524
contig_1	1350	522
contig_1	1351	506
contig_1	1352	518
contig_1	1353	519
contig_1	1354	521
contig_1	1355	531
contig_1	1356	532
contig_1	1357	521
contig_1	1358	528
contig_1	1359	531
contig_1	1360	529
contig_1	1361	534
contig_1	1362	521
contig_1	1363	523
contig_1	1364	538
contig_1	1365	541
contig_1	1366	545
contig_1	1367	545
contig_1	1368	551
contig_1	1369	550
contig_1	1370	555
contig_1	1371	562
contig_1	1372	554
contig_1	1373	548
contig_1	1374	545
contig_1	1375	552
contig_1	1376	543
contig_1	1377	531
contig_1	1378	544
contig_1	1379	537
contig_1	1380	537
contig_1	1381	545
contig_1	1382	539
contig_1	1383	542
contig_1	1384	537
contig_1	1385	533
contig_1	1386	538
contig_1	1387	536
contig_1	1388	533
contig_1	1389	528
contig_1	1390	529
contig_1	1391	512
contig_1	1392	512
contig_1	1393	522
contig_1	1394	517
contig_1	1395	521
contig_1	1396	524
contig_1	1397	525
contig_1	1398	525
contig_1	1399	523
contig_1	1400	524
contig_1	1401	512
contig_1	1402	516
contig_1	1403	511
contig_1	1404	517
contig_1	1405	512
contig_1	1406	511
contig_1	1407	501
contig_1	1408	508
contig_1	1409	505
contig_1	1410	510
contig_1	1411	510
contig_1	1412	506
contig_1	1413	511
contig_1	1414	513
contig_1	1415	510
contig_1	1416	517
contig_1	1417	506
contig_1	1418	492
contig_1	1419	507
contig_1	1420	521
contig_1	1421	517
contig_1	1422	519
contig_1	1423	530
contig_1	1424	525
contig_1	1425	534
contig_1	1426	534
contig_1	1427	527
contig_1	1428	527
contig_1	1429	524
contig_1	1430	507
contig_1	1431	521
contig_1	1432	530
contig_1	1433	520
contig_1	1434	519
contig_1	1435	527
contig_1	1436	525
contig_1	1437	534
contig_1	1438	537
contig_1	1439	531
contig_1	1440	540
contig_1	1441	536
contig_1	1442	527
contig_1	1443	533
contig_1	1444	540
contig_1	1445	537
contig_1	1446	536
contig_1	1447	525
contig_1	1448	525
contig_1	1449	536
contig_1	1450	531
contig_1	1451	534
contig_1	1452	541
contig_1	1453	544
contig_1	1454	542
contig_1	1455	544
contig_1	1456	538
contig_1	1457	544
contig_1	1458	547
contig_1	1459	542
contig_1	1460	537
contig_1	1461	541
contig_1	1462	530
contig_1	1463	532
contig_1	1464	537
contig_1	1465	533
contig_1	1466	531
contig_1	1467	534
contig_1	1468	524
contig_1	1469	532
contig_1	1470	528
contig_1	1471	540
contig_1	1472	536
contig_1	1473	533
contig_1	1474	542
contig_1	1475	545
contig_1	1476	538
contig_1	1477	545
contig_1	1478	540
contig_1	1479	535
contig_1	1480	532
contig_1	1481	521
contig_1	1482	522
contig_1	1483	520
contig_1	1484	509
contig_1	1485	518
contig_1	1486	519
contig_1	1487	518
contig_1	1488	515
contig_1	1489	515
contig_1	1490	503
contig_1	1491	502
contig_1	1492	503
contig_1	1493	492
contig_1	1494	494
contig_1	1495	493
contig_1	1496	486
contig_1	1497	479
contig_1	1498	483
contig_1	1499	483
contig_1	1500	479
contig_1	1501	489
contig_1	1502	481
contig_1	1503	476
contig_1	1504	484
contig_1	1505	479
contig_1	1506	474
contig_1	1507	475
contig_1	1508	464
contig_1	1509	467
contig_1	1510	462
contig_1	1511	457
contig_1	1512	461
contig_1	1513	460
contig_1	1514	463
contig_1	1515	459
contig_1	1516	459
contig_1	1517	456
contig_1	1518	449
contig_1	1519	442
contig_1	1520	442
contig_1	1521	444
contig_1	1522	435
contig_1	1523	439
contig_1	1524	435
contig_1	1525	434
contig_1	1526	432
contig_1	1527	436
contig_1	1528	428
contig_1	1529	438
contig_1	1530	430
contig_1	1531	430
contig_1	1532	429
contig_1	1533	423
contig_1	1534	420
contig_1	1535	418
contig_1	1536	413
contig_1	1537	412
contig_1	1538	415
contig_1	1539	417
contig_1	1540	419
contig_1	1541	419
contig_1	1542	409
contig_1	1543	413
contig_1	1544	401
contig_1	1545	412
contig_1	1546	412
contig_1	1547	409
contig_1	1548	426
contig_1	1549	430
contig_1	1550	421
contig_1	1551	428
contig_1	1552	425
contig_1	1553	411
contig_1	1554	399
contig_1	1555	411
contig_1	1556	412
contig_1	1557	414
contig_1	1558	412
contig_1	1559	413
contig_1	1560	415
contig_1	1561	416
contig_1	1562	407
contig_1	1563	410
contig_1	1564	410
contig_1	1565	396
contig_1	1566	394
contig_1	1567	397
contig_1	1568	390
contig_1	1569	391
contig_1	1570	388
contig_1	1571	386
contig_1	1572	386
contig_1	1573	373
contig_1	1574	364
contig_1	1575	364
contig_1	1576	368
contig_1	1577	360
contig_1	1578	371
contig_1	1579	370
contig_1	1580	373
contig_1	1581	377
contig_1	1582	375
contig_1	1583	378
contig_1	1584	375
contig_1	1585	370
contig_1	1586	370
contig_1	1587	371
contig_1	1588	367
contig_1	1589	359
contig_1	1590	365
contig_1	1591	368
contig_1	1592	362
contig_1	1593	357
contig_1	1594	362
contig_1	1595	359
contig_1	1596	359
contig_1	1597	355
contig_1	1598	347
contig_1	1599	354
contig_1	1600	348
contig_1	1601	342
contig_1	1602	336
contig_1	1603	345
contig_1	1604	343
contig_1	1605	338
contig_1	1606	340
contig_1	1607	334
contig_1	1608	334
contig_1	1609	338
contig_1	1610	336
contig_1	1611	339
contig_1	1612	339
contig_1	1613	328
contig_1	1614	318
contig_1	1615	328
contig_1	1616	324
contig_1	1617	322
contig_1	1618	321
contig_1	1619	322
contig_1	1620	317
contig_1	1621	319
contig_1	1622	308
contig_1	1623	310
contig_1	1624	304
contig_1	1625	302
contig_1	1626	299
contig_1	1627	301
contig_1	1628	298
contig_1	1629	302
contig_1	1630	300
contig_1	1631	300
contig_1	1632	301
contig_1	1633	295
contig_1	1634	294
contig_1	1635	293
contig_1	1636	292
contig_1	1637	279
contig_1	1638	286
contig_1	1639	292
contig_1	1640	293
contig_1	1641	285
contig_1	1642	290
contig_1	1643	295
contig_1	1644	297
contig_1	1645	297
contig_1	1646	292
contig_1	1647	299
contig_1	1648	305
contig_1	1649	303
contig_1	1650	300
contig_1	1651	299
contig_1	1652	288
contig_1	1653	292
contig_1	1654	288
contig_1	1655	287
contig_1	1656	288
contig_1	1657	299
contig_1	1658	292
contig_1	1659	291
contig_1	1660	296
contig_1	1661	292
contig_1	1662	305
contig_1	1663	297
contig_1	1664	296
contig_1	1665	296
contig_1	1666	297
contig_1	1667	292
contig_1	1668	294
contig_1	1669	286
contig_1	1670	285
contig_1	1671	285
contig_1	1672	295
contig_1	1673	288
contig_1	1674	293
contig_1	1675	286
contig_1	1676	289
contig_1	1677	282
contig_1	1678	278
contig_1	1679	290
contig_1	1680	292
contig_1	1681	298
contig_1	1682	297
contig_1	1683	295
contig_1	1684	297
contig_1	1685	296
contig_1	1686	292
contig_1	1687	292
contig_1	1688	292
contig_1	1689	278
contig_1	1690	282
contig_1	1691	278
contig_1	1692	282
contig_1	1693	279
contig_1	1694	281
contig_1	1695	279
contig_1	1696	283
contig_1	1697	277
contig_1	1698	265
contig_1	1699	268
contig_1	1700	267
contig_1	1701	270
contig_1	1702	272
contig_1	1703	276
contig_1	1704	269
contig_1	1705	262
contig_1	1706	260
contig_1	1707	260
contig_1	1708	263
contig_1	1709	253
contig_1	1710	262
contig_1	1711	264
contig_1	1712	257
contig_1	1713	260
contig_1	1714	253
contig_1	1715	243
contig_1	1716	251
contig_1	1717	260
contig_1	1718	253
contig_1	1719	253
contig_1	1720	258
contig_1	1721	251
contig_1	1722	248
contig_1	1723	239
contig_1	1724	242
contig_1	1725	236
contig_1	1726	238
contig_1	1727	236
contig_1	1728	233
contig_1	1729	232
contig_1	1730	232
contig_1	1731	233
contig_1	1732	231
contig_1	1733	233
contig_1	1734	232
contig_1	1735	236
contig_1	1736	238
contig_1	1737	243
contig_1	1738	233
contig_1	1739	229
contig_1	1740	241
contig_1	1741	236
contig_1	1742	224
contig_1	1743	234
contig_1	1744	234
contig_1	1745	241
contig_1	1746	241
contig_1	1747	235
contig_1	1748	228
contig_1	1749	242
contig_1	1750	236
contig_1	1751	228
contig_1	1752	235
contig_1	1753	233
contig_1	1754	234
contig_1	1755	242
contig_1	1756	243
contig_1	1757	243
contig_1	1758	234
contig_1	1759	230
contig_1	1760	234
contig_1	1761	232
contig_1	1762	230
contig_1	1763	228
contig_1	1764	230
contig_1	1765	229
contig_1	1766	227
contig_1	1767	230
contig_1	1768	224
contig_1	1769	229
contig_1	1770	229
contig_1	1771	224
contig_1	1772	226
contig_1	1773	217
contig_1	1774	211
contig_1	1775	214
contig_1	1776	220
contig_1	1777	222
contig_1	1778	217
contig_1	1779	216
contig_1	1780	221
contig_1	1781	216
contig_1	1782	224
contig_1	1783	221
contig_1	1784	222
contig_1	1785	220
contig_1	1786	219
contig_1	1787	215
contig_1	1788	216
contig_1	1789	212
contig_1	1790	209
contig_1	1791	198
contig_1	1792	200
contig_1	1793	198
contig_1	1794	195
contig_1	1795	189
contig_1	1796	188
contig_1	1797	185
contig_1	1798	180
contig_1	1799	181
contig_1	1800	182
contig_1	1801	177
contig_1	1802	176
contig_1	1803	175
contig_1	1804	176
contig_1	1805	171
contig_1	1806	170
contig_1	1807	167
contig_1	1808	169
contig_1	1809	166
contig_1	1810	167
contig_1	1811	165
contig_1	1812	164
contig_1	1813	165
contig_1	1814	156
contig_1	1815	163
contig_1	1816	157
contig_1	1817	163
contig_1	1818	166
contig_1	1819	165
contig_1	1820	165
contig_1	1821	163
contig_1	1822	159
contig_1	1823	159
contig_1	1824	158
contig_1	1825	159
contig_1	1826	156
contig_1	1827	151
contig_1	1828	154
contig_1	1829	154
contig_1	1830	151
contig_1	1831	150
contig_1	1832	151
contig_1	1833	152
contig_1	1834	155
contig_1	1835	155
contig_1	1836	155
contig_1	1837	157
contig_1	1838	158
contig_1	1839	158
contig_1	1840	158
contig_1	1841	150
contig_1	1842	158
contig_1	1843	153
contig_1	1844	154
contig_1	1845	146
contig_1	1846	146
contig_1	1847	151
contig_1	1848	149
contig_1	1849	142
contig_1	1850	146
contig_1	1851	143
contig_1	1852	143
contig_1	1853	145
contig_1	1854	145
contig_1	1855	138
contig_1	1856	142
contig_1	1857	142
contig_1	1858	143
contig_1	1859	142
contig_1	1860	137
contig_1	1861	137
contig_1	1862	138
contig_1	1863	139
contig_1	1864	133
contig_1	1865	137
contig_1	1866	134
contig_1	1867	135
contig_1	1868	136
contig_1	1869	137
contig_1	1870	134
contig_1	1871	133
contig_1	1872	139
contig_1	1873	137
contig_1	1874	136
contig_1	1875	134
contig_1	1876	137
contig_1	1877	133
contig_1	1878	138
contig_1	1879	139
contig_1	1880	140
contig_1	1881	144
contig_1	1882	143
contig_1	1883	140
contig_1	1884	138
contig_1	1885	137
contig_1	1886	135
contig_1	1887	135
contig_1	1888	130
contig_1	1889	137
contig_1	1890	136
contig_1	1891	134
contig_1	1892	137
contig_1	1893	137
contig_1	1894	137
contig_1	1895	137
contig_1	1896	135
contig_1	1897	125
contig_1	1898	134
contig_1	1899	133
contig_1	1900	135
contig_1	1901	131
contig_1	1902	130
contig_1	1903	130
contig_1	1904	130
contig_1	1905	127
contig_1	1906	127
contig_1	1907	127
contig_1	1908	123
contig_1	1909	126
contig_1	1910	128
contig_1	1911	127
contig_1	1912	125
contig_1	1913	124
contig_1	1914	123
contig_1	1915	116
contig_1	1916	120
contig_1	1917	112
contig_1	1918	120
contig_1	1919	120
contig_1	1920	115
contig_1	1921	113
contig_1	1922	119
contig_1	1923	116
contig_1	1924	106
contig_1	1925	107
contig_1	1926	113
contig_1	1927	109
contig_1	1928	108
contig_1	1929	108
contig_1	1930	106
contig_1	1931	107
contig_1	1932	105
contig_1	1933	103
contig_1	1934	105
contig_1	1935	105
contig_1	1936	103
contig_1	1937	103
contig_1	1938	105
contig_1	1939	104
contig_1	1940	105
contig_1	1941	104
contig_1	1942	105
contig_1	1943	104
contig_1	1944	101
contig_1	1945	103
contig_1	1946	100
contig_1	1947	97
contig_1	1948	102
contig_1	1949	98
contig_1	1950	97
contig_1	1951	100
contig_1	1952	100
contig_1	1953	99
contig_1	1954	98
contig_1	1955	99
contig_1	1956	97
contig_1	1957	98
contig_1	1958	97
contig_1	1959	93
contig_1	1960	89
contig_1	1961	91
contig_1	1962	94
contig_1	1963	95
contig_1	1964	95
contig_1	1965	93
contig_1	1966	90
contig_1	1967	92
contig_1	1968	90
contig_1	1969	90
contig_1	1970	86
contig_1	1971	83
contig_1	1972	83
contig_1	1973	86
contig_1	1974	86
contig_1	1975	86
contig_1	1976	87
contig_1	1977	86
contig_1	1978	86
contig_1	1979	87
contig_1	1980	88
contig_1	1981	82
contig_1	1982	80
contig_1	1983	84
contig_1	1984	83
contig_1	1985	83
contig_1	1986	84
contig_1	1987	81
contig_1	1988	82
contig_1	1989	79
contig_1	1990	77
contig_1	1991	79
contig_1	1992	80
contig_1	1993	81
contig_1	1994	79
contig_1	1995	78
contig_1	1996	78
contig_1	1997	75
contig_1	1998	73
contig_1	1999	73
contig_1	2000	74
contig_1	2001	73
contig_1	2002	72
contig_1	2003	69
contig_1	2004	68
contig_1	2005	68
contig_1	2006	69
contig_1	2007	69
contig_1	2008	70
contig_1	2009	71
contig_1	2010	69
contig_1	2011	70
contig_1	2012	68
contig_1	2013	67
contig_1	2014	67
contig_1	2015	66
contig_1	2016	66
contig_1	2017	64
contig_1	2018	63
contig_1	2019	62
contig_1	2020	64
contig_1	2021	62
contig_1	2022	62
contig_1	2023	60
contig_1	2024	62
contig_1	2025	61
contig_1	2026	63
contig_1	2027	63
contig_1	2028	61
contig_1	2029	59
contig_1	2030	57
contig_1	2031	56
contig_1	2032	57
contig_1	2033	56
contig_1	2034	58
contig_1	2035	56
contig_1	2036	57
contig_1	2037	56
contig_1	2038	53
contig_1	2039	52
contig_1	2040	54
contig_1	2041	52
contig_1	2042	51
contig_1	2043	51
contig_1	2044	50
contig_1	2045	48
contig_1	2046	49
contig_1	2047	48
contig_1	2048	48
contig_1	2049	47
contig_1	2050	47
contig_1	2051	47
contig_1	2052	47
contig_1	2053	47
contig_1	2054	48
contig_1	2055	46
contig_1	2056	43
contig_1	2057	42
contig_1	2058	40
contig_1	2059	41
contig_1	2060	41
contig_1	2061	40
contig_1	2062	38
contig_1	2063	37
contig_1	2064	38
contig_1	2065	40
contig_1	2066	39
contig_1	2067	37
contig_1	2068	40
contig_1	2069	40
contig_1	2070	40
contig_1	2071	39
contig_1	2072	38
contig_1	2073	38
contig_1	2074	38
contig_1	2075	38
contig_1	2076	36
contig_1	2077	36
contig_1	2078	36
contig_1	2079	35
contig_1	2080	37
contig_1	2081	37
contig_1	2082	36
contig_1	2083	35
contig_1	2084	33
contig_1	2085	33
contig_1	2086	33
contig_1	2087	32
contig_1	2088	32
contig_1	2089	31
contig_1	2090	32
contig_1	2091	31
contig_1	2092	32
contig_1	2093	31
contig_1	2094	30
contig_1	2095	30
contig_1	2096	31
contig_1	2097	30
contig_1	2098	29
contig_1	2099	29
contig_1	2100	29
contig_1	2101	27
contig_1	2102	28
contig_1	2103	28
contig_1	2104	28
contig_1	2105	28
contig_1	2106	27
contig_1	2107	27
contig_1	2108	29
contig_1	2109	29
contig_1	2110	29
contig_1	2111	29
contig_1	2112	29
contig_1	2113	29
contig_1	2114	28
contig_1	2115	28
contig_1	2116	28
contig_1	2117	28
contig_1	2118	28
contig_1	2119	28
contig_1	2120	28
contig_1	2121	28
contig_1	2122	30
contig_1	2123	29
contig_1	2124	29
contig_1	2125	30
contig_1	2126	30
contig_1	2127	31
contig_1	2128	31
contig_1	2129	30
contig_1	2130	30
contig_1	2131	30
contig_1	2132	30
contig_1	2133	32
contig_1	2134	31
contig_1	2135	31
contig_1	2136	31
contig_1	2137	32
contig_1	2138	32
contig_1	2139	33
contig_1	2140	33
contig_1	2141	35
contig_1	2142	35
contig_1	2143	34
contig_1	2144	34
contig_1	2145	34
contig_1	2146	33
contig_1	2147	33
contig_1	2148	33
contig_1	2149	32
contig_1	2150	32
contig_1	2151	32
contig_1	2152	31
contig_1	2153	34
contig_1	2154	35
contig_1	2155	35
contig_1	2156	33
contig_1	2157	33
contig_1	2158	33
contig_1	2159	32
contig_1	2160	33
contig_1	2161	34
contig_1	2162	34
contig_1	2163	34
contig_1	2164	34
contig_1	2165	34
contig_1	2166	34
contig_1	2167	34
contig_1	2168	33
contig_1	2169	33
contig_1	2170	38
contig_1	2171	39
contig_1	2172	39
contig_1	2173	41
contig_1	2174	41
contig_1	2175	39
contig_1	2176	41
contig_1	2177	41
contig_1	2178	43
contig_1	2179	43
contig_1	2180	43
contig_1	2181	46
contig_1	2182	46
contig_1	2183	47
contig_1	2184	46
contig_1	2185	44
contig_1	2186	46
contig_1	2187	46
contig_1	2188	47
contig_1	2189	46
contig_1	2190	48
contig_1	2191	48
contig_1	2192	50
contig_1	2193	51
contig_1	2194	51
contig_1	2195	51
contig_1	2196	52
contig_1	2197	51
contig_1	2198	52
contig_1	2199	54
contig_1	2200	56
contig_1	2201	59
contig_1	2202	59
contig_1	2203	64
contig_1	2204	68
contig_1	2205	71
contig_1	2206	72
contig_1	2207	75
contig_1	2208	77
contig_1	2209	76
contig_1	2210	75
contig_1	2211	80
contig_1	2212	81
contig_1	2213	80
contig_1	2214	78
contig_1	2215	81
contig_1	2216	82
contig_1	2217	82
contig_1	2218	83
contig_1	2219	83
contig_1	2220	84
contig_1	2221	85
contig_1	2222	83
contig_1	2223	87
contig_1	2224	89
contig_1	2225	90
contig_1	2226	89
contig_1	2227	110
contig_1	2228	111
contig_1	2229	117
contig_1	2230	120
contig_1	2231	122
contig_1	2232	119
contig_1	2233	127
contig_1	2234	126
contig_1	2235	127
contig_1	2236	132
contig_1	2237	132
contig_1	2238	132
contig_1	2239	136
contig_1	2240	134
contig_1	2241	140
contig_1	2242	144
contig_1	2243	145
contig_1	2244	146
contig_1	2245	149
contig_1	2246	150
contig_1	2247	151
contig_1	2248	147
contig_1	2249	150
contig_1	2250	153
contig_1	2251	159
contig_1	2252	159
contig_1	2253	162
contig_1	2254	163
contig_1	2255	163
contig_1	2256	164
contig_1	2257	162
contig_1	2258	164
contig_1	2259	164
contig_1	2260	161
contig_1	2261	160
contig_1	2262	164
contig_1	2263	166
contig_1	2264	175
contig_1	2265	176
contig_1	2266	172
contig_1	2267	176
contig_1	2268	178
contig_1	2269	183
contig_1	2270	181
contig_1	2271	184
contig_1	2272	186
contig_1	2273	179
contig_1	2274	187
contig_1	2275	184
contig_1	2276	188
contig_1	2277	193
contig_1	2278	198
contig_1	2279	199
contig_1	2280	201
contig_1	2281	200
contig_1	2282	202
contig_1	2283	203
contig_1	2284	203
contig_1	2285	194
contig_1	2286	192
contig_1	2287	195
contig_1	2288	207
contig_1	2289	208
contig_1	2290	206
contig_1	2291	209
contig_1	2292	217
contig_1	2293	216
contig_1	2294	217
contig_1	2295	224
contig_1	2296	226
contig_1	2297	229
contig_1	2298	227
contig_1	2299	235
contig_1	2300	234
contig_1	2301	234
contig_1	2302	239
contig_1	2303	235
contig_1	2304	238
contig_1	2305	238
contig_1	2306	240
contig_1	2307	241
contig_1	2308	244
contig_1	2309	247
contig_1	2310	245
contig_1	2311	251
contig_1	2312	257
contig_1	2313	257
contig_1	2314	255
contig_1	2315	261
contig_1	2316	259
contig_1	2317	278
contig_1	2318	281
contig_1	2319	278
contig_1	2320	273
contig_1	2321	276
contig_1	2322	281
contig_1	2323	279
contig_1	2324	278
contig_1	2325	278
contig_1	2326	287
contig_1	2327	291
contig_1	2328	290
contig_1	2329	295
contig_1	2330	303
contig_1	2331	298
contig_1	2332	309
contig_1	2333	313
contig_1	2334	312
contig_1	2335	315
contig_1	2336	322
contig_1	2337	323
contig_1	2338	326
contig_1	2339	325
contig_1	2340	326
contig_1	2341	321
contig_1	2342	323
contig_1	2343	314
contig_1	2344	318
contig_1	2345	320
contig_1	2346	326
contig_1	2347	341
contig_1	2348	341
contig_1	2349	336
contig_1	2350	338
contig_1	2351	342
contig_1	2352	351
contig_1	2353	345
contig_1	2354	349
contig_1	2355	351
contig_1	2356	348
contig_1	2357	349
contig_1	2358	350
contig_1	2359	349
contig_1	2360	355
contig_1	2361	354
contig_1	2362	352
contig_1	2363	353
contig_1	2364	352
contig_1	2365	353
contig_1	2366	342
contig_1	2367	354
contig_1	2368	366
contig_1	2369	369
contig_1	2370	373
contig_1	2371	377
contig_1	2372	380
contig_1	2373	384
contig_1	2374	376
contig_1	2375	381
contig_1	2376	379
contig_1	2377	351
contig_1	2378	355
contig_1	2379	365
contig_1	2380	363
contig_1	2381	364
contig_1	2382	359
contig_1	2383	354
contig_1	2384	361
contig_1	2385	368
contig_1	2386	367
contig_1	2387	362
contig_1	2388	364
contig_1	2389	355
contig_1	2390	358
contig_1	2391	364
contig_1	2392	358
contig_1	2393	361
contig_1	2394	364
contig_1	2395	362
contig_1	2396	363
contig_1	2397	364
contig_1	2398	362
contig_1	2399	367
contig_1	2400	365
contig_1	2401	359
contig_1	2402	363
contig_1	2403	373
contig_1	2404	377
contig_1	2405	384
contig_1	2406	383
contig_1	2407	381
contig_1	2408	389
contig_1	2409	391
contig_1	2410	394
contig_1	2411	389
contig_1	2412	395
contig_1	2413	401
contig_1	2414	395
contig_1	2415	399
contig_1	2416	399
contig_1	2417	401
contig_1	2418	392
contig_1	2419	399
contig_1	2420	398
contig_1	2421	400
contig_1	2422	395
contig_1	2423	391
contig_1	2424	402
contig_1	2425	390
contig_1	2426	389
contig_1	2427	397
contig_1	2428	401
contig_1	2429	406
contig_1	2430	413
contig_1	2431	420
contig_1	2432	418
contig_1	2433	427
contig_1	2434	429
contig_1	2435	434
contig_1	2436	439
contig_1	2437	439
contig_1	2438	440
contig_1	2439	440
contig_1	2440	438
contig_1	2441	441
contig_1	2442	437
contig_1	2443	431
contig_1	2444	433
contig_1	2445	439
contig_1	2446	435
contig_1	2447	434
contig_1	2448	434
contig_1	2449	435
contig_1	2450	445
contig_1	2451	450
contig_1	2452	448
contig_1	2453	448
contig_1	2454	454
contig_1	2455	450
contig_1	2456	453
contig_1	2457	451
contig_1	2458	452
contig_1	2459	433
contig_1	2460	442
contig_1	2461	446
contig_1	2462	445
contig_1	2463	442
contig_1	2464	437
contig_1	2465	439
contig_1	2466	436
contig_1	2467	434
contig_1	2468	434
contig_1	2469	431
contig_1	2470	434
contig_1	2471	429
contig_1	2472	429
contig_1	2473	428
contig_1	2474	432
contig_1	2475	430
contig_1	2476	426
contig_1	2477	424
contig_1	2478	424
contig_1	2479	431
contig_1	2480	427
contig_1	2481	420
contig_1	2482	427
contig_1	2483	428
contig_1	2484	426
contig_1	2485	426
contig_1	2486	430
contig_1	2487	436
contig_1	2488	434
contig_1	2489	426
contig_1	2490	442
contig_1	2491	445
contig_1	2492	437
contig_1	2493	437
contig_1	2494	444
contig_1	2495	441
contig_1	2496	442
contig_1	2497	442
contig_1	2498	439
contig_1	2499	443
contig_1	2500	448
contig_1	2501	436
contig_1	2502	444
contig_1	2503	445
contig_1	2504	437
contig_1	2505	429
contig_1	2506	439
contig_1	2507	431
contig_1	2508	432
contig_1	2509	443
contig_1	2510	442
contig_1	2511	439
contig_1	2512	433
contig_1	2513	429
contig_1	2514	430
contig_1	2515	435
contig_1	2516	442
contig_1	2517	439
contig_1	2518	444
contig_1	2519	441
contig_1	2520	433
contig_1	2521	432
contig_1	2522	431
contig_1	2523	435
contig_1	2524	435
contig_1	2525	439
contig_1	2526	435
contig_1	2527	435
contig_1	2528	442
contig_1	2529	440
contig_1	2530	444
contig_1	2531	446
contig_1	2532	443
contig_1	2533	432
contig_1	2534	438
contig_1	2535	452
contig_1	2536	449
contig_1	2537	441
contig_1	2538	448
contig_1	2539	450
contig_1	2540	446
contig_1	2541	454
contig_1	2542	462
contig_1	2543	457
contig_1	2544	458
contig_1	2545	457
contig_1	2546	459
contig_1	2547	464
contig_1	2548	460
contig_1	2549	463
contig_1	2550	463
contig_1	2551	461
contig_1	2552	461
contig_1	2553	454
contig_1	2554	461
contig_1	2555	458
contig_1	2556	459
contig_1	2557	453
contig_1	2558	446
contig_1	2559	445
contig_1	2560	440
contig_1	2561	446
contig_1	2562	445
contig_1	2563	440
contig_1	2564	443
contig_1	2565	444
contig_1	2566	447
contig_1	2567	447
contig_1	2568	445
contig_1	2569	442
contig_1	2570	448
contig_1	2571	453
contig_1	2572	453
contig_1	2573	455
contig_1	2574	454
contig_1	2575	456
contig_1	2576	451
contig_1	2577	458
contig_1	2578	448
contig_1	2579	436
contig_1	2580	436
contig_1	2581	429
contig_1	2582	426
contig_1	2583	432
contig_1	2584	421
contig_1	2585	416
contig_1	2586	426
contig_1	2587	423
contig_1	2588	424
contig_1	2589	420
contig_1	2590	424
contig_1	2591	423
contig_1	2592	417
contig_1	2593	420
contig_1	2594	418
contig_1	2595	416
contig_1	2596	410
contig_1	2597	408
contig_1	2598	408
contig_1	2599	402
contig_1	2600	397
contig_1	2601	394
contig_1	2602	391
contig_1	2603	393
contig_1	2604	399
contig_1	2605	398
contig_1	2606	394
contig_1	2607	401
contig_1	2608	398
contig_1	2609	395
contig_1	2610	395
contig_1	2611	400
contig_1	2612	403
contig_1	2613	402
contig_1	2614	400
contig_1	2615	396
contig_1	2616	400
contig_1	2617	396
contig_1	2618	396
contig_1	2619	396
contig_1	2620	399
contig_1	2621	392
contig_1	2622	389
contig_1	2623	396
contig_1	2624	394
contig_1	2625	391
contig_1	2626	380
contig_1	2627	381
contig_1	2628	385
contig_1	2629	385
contig_1	2630	383
contig_1	2631	388
contig_1	2632	381
contig_1	2633	380
contig_1	2634	380
contig_1	2635	380
contig_1	2636	379
contig_1	2637	376
contig_1	2638	366
contig_1	2639	372
contig_1	2640	374
contig_1	2641	364
contig_1	2642	360
contig_1	2643	370
contig_1	2644	370
contig_1	2645	365
contig_1	2646	364
contig_1	2647	364
contig_1	2648	369
contig_1	2649	366
contig_1	2650	366
contig_1	2651	363
contig_1	2652	361
contig_1	2653	355
contig_1	2654	365
contig_1	2655	370
contig_1	2656	371
contig_1	2657	368
contig_1	2658	367
contig_1	2659	357
contig_1	2660	357
contig_1	2661	354
contig_1	2662	355
contig_1	2663	361
contig_1	2664	360
contig_1	2665	359
contig_1	2666	360
contig_1	2667	359
contig_1	2668	348
contig_1	2669	338
contig_1	2670	346
contig_1	2671	348
contig_1	2672	349
contig_1	2673	350
contig_1	2674	346
contig_1	2675	347
contig_1	2676	347
contig_1	2677	350
contig_1	2678	354
contig_1	2679	348
contig_1	2680	346
contig_1	2681	348
contig_1	2682	351
contig_1	2683	354
contig_1	2684	352
contig_1	2685	359
contig_1	2686	366
contig_1	2687	365
contig_1	2688	364
contig_1	2689	364
contig_1	2690	363
contig_1	2691	359
contig_1	2692	352
contig_1	2693	352
contig_1	2694	356
contig_1	2695	354
contig_1	2696	356
contig_1	2697	354
contig_1	2698	350
contig_1	2699	352
contig_1	2700	349
contig_1	2701	345
contig_1	2702	348
contig_1	2703	346
contig_1	2704	346
contig_1	2705	345
contig_1	2706	346
contig_1	2707	343
contig_1	2708	345
contig_1	2709	338
contig_1	2710	337
contig_1	2711	344
contig_1	2712	343
contig_1	2713	335
contig_1	2714	345
contig_1	2715	344
contig_1	2716	346
contig_1	2717	346
contig_1	2718	346
contig_1	2719	345
contig_1	2720	345
contig_1	2721	344
contig_1	2722	346
contig_1	2723	345
contig_1	2724	336
contig_1	2725	331
contig_1	2726	338
contig_1	2727	333
contig_1	2728	325
contig_1	2729	330
contig_1	2730	322
contig_1	2731	327
contig_1	2732	322
contig_1	2733	325
contig_1	2734	324
contig_1	2735	328
contig_1	2736	326
contig_1	2737	323
contig_1	2738	323
contig_1	2739	331
contig_1	2740	333
contig_1	2741	331
contig_1	2742	331
contig_1	2743	329
contig_1	2744	335
contig_1	2745	335
contig_1	2746	328
contig_1	2747	337
contig_1	2748	338
contig_1	2749	338
contig_1	2750	339
contig_1	2751	343
contig_1	2752	338
contig_1	2753	340
contig_1	2754	337
contig_1	2755	334
contig_1	2756	335
contig_1	2757	334
contig_1	2758	321
contig_1	2759	325
contig_1	2760	328
contig_1	2761	331
contig_1	2762	334
contig_1	2763	330
contig_1	2764	334
contig_1	2765	329
contig_1	2766	331
contig_1	2767	331
contig_1	2768	333
contig_1	2769	332
contig_1	2770	327
contig_1	2771	318
contig_1	2772	318
contig_1	2773	321
contig_1	2774	323
contig_1	2775	319
contig_1	2776	316
contig_1	2777	302
contig_1	2778	304
contig_1	2779	310
contig_1	2780	310
contig_1	2781	313
contig_1	2782	308
contig_1	2783	310
contig_1	2784	309
contig_1	2785	311
contig_1	2786	313
contig_1	2787	311
contig_1	2788	310
contig_1	2789	303
contig_1	2790	307
contig_1	2791	310
contig_1	2792	308
contig_1	2793	301
contig_1	2794	298
contig_1	2795	307
contig_1	2796	306
contig_1	2797	302
contig_1	2798	310
contig_1	2799	309
contig_1	2800	303
contig_1	2801	304
contig_1	2802	302
contig_1	2803	301
contig_1	2804	303
contig_1	2805	297
contig_1	2806	297
contig_1	2807	293
contig_1	2808	295
contig_1	2809	295
contig_1	2810	292
contig_1	2811	298
contig_1	2812	297
contig_1	2813	297
contig_1	2814	298
contig_1	2815	292
contig_1	2816	294
contig_1	2817	291
contig_1	2818	292
contig_1	2819	293
contig_1	2820	293
contig_1	2821	287
contig_1	2822	286
contig_1	2823	289
contig_1	2824	288
contig_1	2825	288
contig_1	2826	278
contig_1	2827	279
contig_1	2828	276
contig_1	2829	278
contig_1	2830	277
contig_1	2831	274
contig_1	2832	268
contig_1	2833	266
contig_1	2834	270
contig_1	2835	260
contig_1	2836	243
contig_1	2837	239
contig_1	2838	240
contig_1	2839	232
contig_1	2840	232
contig_1	2841	236
contig_1	2842	235
contig_1	2843	231
contig_1	2844	232
contig_1	2845	232
contig_1	2846	232
contig_1	2847	231
contig_1	2848	225
contig_1	2849	225
contig_1	2850	227
contig_1	2851	224
contig_1	2852	225
contig_1	2853	221
contig_1	2854	218
contig_1	2855	216
contig_1	2856	217
contig_1	2857	215
contig_1	2858	214
contig_1	2859	217
contig_1	2860	213
contig_1	2861	211
contig_1	2862	214
contig_1	2863	211
contig_1	2864	209
contig_1	2865	206
contig_1	2866	207
contig_1	2867	210
contig_1	2868	201
contig_1	2869	206
contig_1	2870	204
contig_1	2871	202
contig_1	2872	201
contig_1	2873	199
contig_1	2874	192
contig_1	2875	196
contig_1	2876	185
contig_1	2877	194
contig_1	2878	187
contig_1	2879	187
contig_1	2880	185
contig_1	2881	182
contig_1	2882	182
contig_1	2883	179
contig_1	2884	180
contig_1	2885	177
contig_1	2886	176
contig_1	2887	175
contig_1	2888	171
contig_1	2889	163
contig_1	2890	159
contig_1	2891	160
contig_1	2892	161
contig_1	2893	157
contig_1	2894	150
contig_1	2895	146
contig_1	2896	143
contig_1	2897	146
contig_1	2898	145
contig_1	2899	143
contig_1	2900	139
contig_1	2901	139
contig_1	2902	136
contig_1	2903	132
contig_1	2904	130
contig_1	2905	128
contig_1	2906	124
contig_1	2907	122
contig_1	2908	122
contig_1	2909	121
contig_1	2910	118
contig_1	2911	115
contig_1	2912	116
contig_1	2913	115
contig_1	2914	114
contig_1	2915	114
contig_1	2916	114
contig_1	2917	110
contig_1	2918	110
contig_1	2919	109
contig_1	2920	107
contig_1	2921	106
contig_1	2922	101
contig_1	2923	101
contig_1	2924	101
contig_1	2925	100
contig_1	2926	100
contig_1	2927	99
contig_1	2928	96
contig_1	2929	92
contig_1	2930	88
contig_1	2931	87
contig_1	2932	88
contig_1	2933	85
contig_1	2934	83
contig_1	2935	82
contig_1	2936	80
contig_1	2937	80
contig_1	2938	79
contig_1	2939	76
contig_1	2940	73
contig_1	2941	71
contig_1	2942	71
contig_1	2943	70
contig_1	2944	67
contig_1	2945	64
contig_1	2946	64
contig_1	2947	63
contig_1	2948	58
contig_1	2949	58
contig_1	2950	57
contig_1	2951	56
contig_1	2952	56
contig_1	2953	55
contig_1	2954	51
contig_1	2955	51
contig_1	2956	49
contig_1	2957	49
contig_1	2958	44
contig_1	2959	41
contig_1	2960	32
contig_1	2961	30
contig_1	2962	24
contig_1	2963	25
contig_1	2964	24
contig_1	2965	22
contig_1	2966	22
contig_1	2967	22
contig_1	2968	20
contig_1	2969	20
contig_1	2970	18
contig_1	2971	18
contig_1	2972	16
contig_1	2973	14
contig_1	2974	14
contig_1	2975	14
contig_1	2976	14
contig_1	2977	12
contig_1	2978	9
contig_1	2979	9
contig_1	2980	7
contig_1	2981	7
contig_1	2982	5
contig_1	2983	4
contig_1	2984	2
contig_1	2985	2
contig_1	2986	2
contig_1	2987	1
contig_1	2988	1
contig_1	2989	1
contig_1	2990	1
contig_1	2991	1
contig_1	2992	1
contig_1	2993	1
contig_1	2994	1
contig_1	2995	1
contig_1	2996	1
contig_1	2997	1
contig_1	2998	1
contig_1	2999	1
contig_1	3000	1
contig_1	3001	1
contig_1	3002	1
contig_1	3003	1
contig_1	3004	1
contig_1	3005	0
contig_1	3006	0
contig_1	3007	0
contig_1	3008	0
contig_1	3009	0
contig_1	3010	0
contig_1	3011	0
contig_1	3012	0
contig_1	3013	0
contig_1	3014	0
contig_1	3015	0
contig_1	3016	0
contig_1	3017	0
contig_1	3018	0
contig_1	3019	0
contig_1	3020	0
contig_1	3021	0
contig_1	3022	0
contig_1	3023	0
contig_1	3024	0
contig_1	3025	0
contig_1	3026	0
contig_1	3027	0
contig_1	3028	0
contig_1	3029	0
contig_1	3030	0
contig_1	3031	0
contig_1	3032	0
contig_1	3033	0
contig_1	3034	0
contig_1	3035	0
contig_1	3036	0
contig_1	3037	0
contig_1	3038	0
contig_1	3039	0
contig_1	3040	0
contig_1	3041	0
contig_1	3042	0
contig_1	3043	0
contig_1	3044	0
contig_1	3045	0
contig_1	3046	0
contig_1	3047	0
contig_1	3048	0
contig_1	3049	0
contig_1	3050	0
contig_1	3051	0
contig_1	3052	0
contig_1	3053	0
contig_1	3054	0
contig_1	3055	0
contig_1	3056	0
contig_1	3057	0
contig_1	3058	0
contig_1	3059	0
contig_1	3060	0
contig_1	3061	0
contig_1	3062	0
contig_1	3063	0
contig_1	3064	0
contig_1	3065	0
contig_1	3066	0
contig_1	3067	0
contig_1	3068	0
contig_1	3069	0
contig_1	3070	0
contig_1	3071	0
contig_1	3072	0
contig_1	3073	0
contig_1	3074	0
contig_1	3075	0
contig_1	3076	0
contig_1	3077	0
contig_1	3078	0
contig_1	3079	0
contig_1	3080	0
contig_1	3081	0
contig_1	3082	0
contig_1	3083	0
contig_1	3084	0
contig_1	3085	0
contig_1	3086	0
contig_1	3087	0
contig_1	3088	0
contig_1	3089	0
contig_1	3090	0
contig_1	3091	0
contig_1	3092	0
contig_1	3093	0
contig_1	3094	0
contig_1	3095	0
contig_1	3096	0
contig_1	3097	0
contig_1	3098	0
contig_1	3099	0
contig_1	3100	0
contig_1	3101	0
contig_1	3102	0
contig_1	3103	0
contig_1	3104	0
contig_1	3105	0
contig_1	3106	0
contig_1	3107	0
contig_1	3108	0
contig_1	3109	0
contig_1	3110	0
contig_1	3111	0
contig_1	3112	0
contig_1	3113	0
contig_1	3114	0
contig_1	3115	0
contig_1	3116	0
contig_1	3117	0
contig_1	3118	0
contig_1	3119	0
contig_1	3120	0
contig_1	3121	0
contig_1	3122	0
contig_1	3123	0
contig_1	3124	0
contig_1	3125	0
contig_1	3126	0
contig_1	3127	0
contig_1	3128	0
contig_1	3129	0
contig_1	3130	0
contig_1	3131	0
contig_1	3132	0
contig_1	3133	0
contig_1	3134	0
contig_1	3135	0
contig_1	3136	0
contig_1	3137	0
contig_1	3138	0
contig_1	3139	0
contig_1	3140	0
contig_1	3141	0
contig_1	3142	0
contig_1	3143	0
contig_1	3144	0
contig_1	3145	0
contig_1	3146	0
contig_1	3147	0
contig_1	3148	0
contig_1	3149	0
contig_1	3150	0
contig_1	3151	0
contig_1	3152	0
contig_1	3153	0
contig_1	3154	0
contig_1	3155	0
contig_1	3156	0
contig_1	3157	0
contig_1	3158	0
contig_1	3159	0
contig_1	3160	0
contig_1	3161	0
contig_1	3162	0
contig_1	3163	0
contig_1	3164	0
contig_1	3165	0
contig_1	3166	0
contig_1	3167	0
contig_1	3168	0
contig_1	3169	0
contig_1	3170	0
contig_1	3171	0
contig_1	3172	0
contig_1	3173	0
contig_1	3174	0
contig_1	3175	0
contig_1	3176	0
contig_1	3177	0
contig_1	3178	0
contig_1	3179	0
contig_1	3180	0
contig_1	3181	0
contig_1	3182	0
contig_1	3183	0
contig_1	3184	0
contig_1	3185	0
contig_1	3186	0
contig_1	3187	0
contig_1	3188	0
contig_1	3189	0
contig_1	3190	0
contig_1	3191	0
contig_1	3192	0
contig_1	3193	0
contig_1	3194	0
contig_1	3195	0
contig_1	3196	0
contig_1	3197	0
contig_1	3198	0
contig_1	3199	0
contig_1	3200	0
contig_1	3201	0
contig_1	3202	0
contig_1	3203	0
contig_1	3204	0
contig_1	3205	0
contig_1	3206	0
contig_1	3207	0
contig_1	3208	0
contig_1	3209	0
contig_1	3210	0
contig_1	3211	0
contig_1	3212	0
contig_1	3213	0
contig_1	3214	0
contig_1	3215	0
contig_1	3216	0
contig_1	3217	0
contig_1	3218	0
contig_1	3219	0
contig_1	3220	0
contig_1	3221	0
contig_1	3222	0
contig_1	3223	0
contig_1	3224	0
contig_1	3225	0
contig_1	3226	0
contig_1	3227	0
contig_1	3228	0
contig_1	3229	0
contig_1	3230	0
contig_1	3231	0
contig_1	3232	0
contig_1	3233	0
contig_1	3234	0
contig_1	3235	0
contig_1	3236	0
contig_1	3237	0
contig_1	3238	0
contig_1	3239	0
contig_1	3240	0
contig_1	3241	0
contig_1	3242	0
contig_1	3243	0
contig_2	1	0
contig_2	2	0
contig_2	3	0
contig_2	4	0
contig_2	5	0
contig_2	6	0
contig_2	7	0
contig_2	8	0
contig_2	9	0
contig_2	10	0
contig_2	11	0
contig_2	12	0
contig_2	13	0
contig_2	14	0
contig_2	15	0
contig_2	16	0
contig_2	17	0
contig_2	18	0
contig_2	19	0
contig_2	20	0
contig_2	21	0
contig_2	22	0
contig_2	23	0
contig_2	24	0
contig_2	25	0
contig_2	26	0
contig_2	27	0
contig_2	28	0
contig_2	29	0
contig_2	30	0
contig_2	31	0
contig_2	32	0
contig_2	33	0
contig_2	34	0
contig_2	35	0
contig_2	36	0
contig_2	37	0
contig_2	38	0
contig_2	39	0
contig_2	40	0
contig_2	41	0
contig_2	42	0
contig_2	43	0
contig_2	44	0
contig_2	45	0
contig_2	46	0
contig_2	47	0
contig_2	48	0
contig_2	49	0
contig_2	50	0
contig_2	51	0
contig_2	52	0
contig_2	53	0
contig_2	54	0
contig_2	55	0
contig_2	56	0
contig_2	57	0
contig_2	58	0
contig_2	59	0
contig_2	60	0
contig_2	61	0
contig_2	62	0
contig_2	63	0
contig_2	64	0
contig_2	65	0
contig_2	66	0
contig_2	67	0
contig_2	68	0
contig_2	69	0
contig_2	70	0
contig_2	71	0
contig_2	72	0
contig_2	73	0
contig_2	74	0
contig_2	75	0
contig_2	76	0
contig_2	77	0
contig_2	78	0
contig_2	79	0
contig_2	80	0
contig_2	81	0
contig_2	82	0
contig_2	83	0
contig_2	84	0
contig_2	85	0
contig_2	86	0
contig_2	87	0
contig_2	88	0
contig_2	89	0
contig_2	90	0
contig_2	91	0
contig_2	92	0
contig_2	93	0
contig_2	94	0
contig_2	95	0
contig_2	96	0
contig_2	97	0
contig_2	98	0
contig_2	99	0
contig_2	100	0
contig_2	101	0
contig_2	102	0
contig_2	103	0
contig_2	104	0
contig_2	105	0
contig_2	106	0
contig_2	107	0
contig_2	108	0
contig_2	109	0
contig_2	110	0
contig_2	111	0
contig_2	112	0
contig_2	113	0
contig_2	114	0
contig_2	115	0
contig_2	116	0
contig_2	117	0
contig_2	118	0
contig_2	119	0
contig_2	120	0
contig_2	121	0
contig_2	122	0
contig_2	123	0
contig_2	124	0
contig_2	125	0
contig_2	126	0
contig_2	127	0
contig_2	128	0
contig_2	129	0
contig_2	130	0
contig_2	131	0
contig_2	132	0
contig_2	133	0
contig_2	134	0
contig_2	135	0
contig_2	136	0
contig_2	137	0
contig_2	138	0
contig_2	139	0
contig_2	140	0
contig_2	141	0
contig_2	142	0
contig_2	143	0
contig_2	144	0
contig_2	145	0
contig_2	146	0
contig_2	147	0
contig_2	148	0
contig_2	149	0
contig_2	150	0
contig_2	151	0
contig_2	152	0
contig_2	153	0
contig_2	154	0
contig_2	155	0
contig_2	156	0
contig_2	157	0
contig_2	158	0
contig_2	159	0
contig_2	160	0
contig_2	161	0
contig_2	162	0
contig_2	163	0
contig_2	164	0
contig_2	165	0
contig_2	166	0
contig_2	167	0
contig_2	168	0
contig_2	169	0
contig_2	170	0
contig_2	171	0
contig_2	172	0
contig_2	173	0
contig_2	174	0
contig_2	175	0
contig_2	176	0
contig_2	177	0
contig_2	178	0
contig_2	179	0
contig_2	180	0
contig_2	181	0
contig_2	182	0
contig_2	183	0
contig_2	184	0
contig_2	185	0
contig_2	186	0
contig_2	187	0
contig_2	188	0
contig_2	189	0
contig_2	190	0
contig_2	191	0
contig_2	192	0
contig_2	193	0
contig_2	194	0
contig_2	195	0
contig_2	196	0
contig_2	197	0
contig_2	198	0
contig_2	199	0
contig_2	200	0
contig_2	201	0
contig_2	202	0
contig_2	203	0
contig_2	204	0
contig_2	205	0
contig_2	206	0
contig_2	207	0
contig_2	208	0
contig_2	209	0
contig_2	210	0
contig_2	211	0
contig_2	212	0
contig_2	213	0
contig_2	214	0
contig_2	215	0
contig_2	216	0
contig_2	217	0
contig_2	218	0
contig_2	219	0
contig_2	220	0
contig_2	221	0
contig_2	222	0
contig_2	223	0
contig_2	224	0
contig_2	225	0
contig_2	226	0
contig_2	227	0
contig_2	228	0
contig_2	229	0
contig_2	230	0
contig_2	231	0
contig_2	232	0
contig_2	233	0
contig_2	234	0
contig_2	235	0
contig_2	236	0
contig_2	237	0
contig_2	238	0
contig_2	239	0
contig_2	240	0
contig_2	241	0
contig_2	242	0
contig_2	243	0
contig_2	244	0
contig_2	245	0
contig_2	246	0
contig_2	247	0
contig_2	248	0
contig_2	249	0
contig_2	250	0
contig_2	251	0
contig_2	252	0
contig_2	253	0
contig_2	254	0
contig_2	255	0
contig_2	256	0
contig_2	257	0
contig_2	258	0
contig_2	259	0
contig_2	260	0
contig_2	261	0
contig_2	262	0
contig_2	263	0
contig_2	264	0
contig_2	265	0
contig_2	266	0
contig_2	267	0
contig_2	268	0
contig_2	269	0
contig_2	270	0
contig_2	271	0
contig_2	272	0
contig_2	273	0
contig_2	274	0
contig_2	275	0
contig_2	276	0
contig_2	277	0
contig_2	278	0
contig_2	279	0
contig_2	280	0
contig_2	281	0
contig_2	282	0
contig_2	283	0
contig_2	284	0
contig_2	285	0
contig_2	286	0
contig_2	287	0
contig_2	288	0
contig_2	289	0
contig_2	290	0
contig_2	291	0
contig_2	292	0
contig_2	293	0
contig_2	294	0
contig_2	295	0
contig_2	296	0
contig_2	297	0
contig_2	298	0
contig_2	299	0
contig_2	300	0
contig_2	301	0
contig_2	302	0
contig_2	303	0
contig_2	304	0
contig_2	305	0
contig_2	306	0
contig_2	307	0
contig_2	308	0
contig_2	309	0
contig_2	310	0
contig_2	311	0
contig_2	312	0
contig_2	313	0
contig_2	314	0
contig_2	315	0
contig_2	316	0
contig_2	317	0
contig_2	318	0
contig_2	319	0
contig_2	320	0
contig_2	321	0
contig_2	322	0
contig_2	323	0
contig_2	324	0
contig_2	325	0
contig_2	326	0
contig_2	327	0
contig_2	328	0
contig_2	329	0
contig_2	330	0
contig_2	331	0
contig_2	332	0
contig_2	333	0
contig_2	334	0
contig_2	335	0
contig_2	336	0
contig_2	337	0
contig_2	338	0
contig_2	339	0
contig_2	340	0
contig_2	341	0
contig_2	342	0
contig_2	343	0
contig_2	344	0
contig_2	345	0
contig_2	346	0
contig_2	347	0
contig_2	348	0
contig_2	349	0
contig_2	350	0
contig_2	351	0
contig_2	352	0
contig_2	353	0
contig_2	354	0
contig_2	355	0
contig_2	356	0
contig_2	357	0
contig_2	358	0
contig_2	359	0
contig_2	360	0
contig_2	361	0
contig_2	362	0
contig_2	363	0
contig_2	364	0
contig_2	365	0
contig_2	366	0
contig_2	367	0
contig_2	368	0
contig_2	369	0
contig_2	370	0
contig_2	371	0
contig_2	372	0
contig_2	373	0
contig_2	374	0
contig_2	375	0
contig_2	376	0
contig_2	377	0
contig_2	378	0
contig_2	379	0
contig_2	380	0
contig_2	381	0
contig_2	382	0
contig_2	383	0
contig_2	384	0
contig_2	385	0
contig_2	386	0
contig_2	387	0
contig_2	388	0
contig_2	389	0
contig_2	390	0
contig_2	391	0
contig_2	392	0
contig_2	393	0
contig_2	394	0
contig_2	395	0
contig_2	396	0
contig_2	397	0
contig_2	398	0
contig_2	399	0
contig_2	400	0
contig_2	401	0
contig_2	402	0
contig_2	403	0
contig_2	404	0
contig_2	405	0
contig_2	406	0
contig_2	407	0
contig_2	408	0
contig_2	409	0
contig_2	410	0
contig_2	411	0
contig_2	412	0
contig_2	413	0
contig_2	414	0
contig_2	415	0
contig_2	416	0
contig_2	417	0
contig_2	418	0
contig_2	419	0
contig_2	420	0
contig_2	421	0
contig_2	422	0
contig_2	423	0
contig_2	424	0
contig_2	425	0
contig_2	426	0
contig_2	427	0
contig_2	428	0
contig_2	429	0
contig_2	430	0
contig_2	431	0
contig_2	432	0
contig_2	433	0
contig_2	434	0
contig_2	435	0
contig_2	436	0
contig_2	437	0
contig_2	438	0
contig_2	439	0
contig_2	440	0
contig_2	441	0
contig_2	442	0
contig_2	443	0
contig_2	444	0
contig_2	445	0
contig_2	446	0
contig_2	447	0
contig_2	448	0
contig_2	449	0
contig_2	450	0
contig_2	451	0
contig_2	452	0
contig_2	453	0
contig_2	454	0
contig_2	455	0
contig_2	456	0
contig_2	457	0
contig_2	458	0
contig_2	459	0
contig_2	460	0
contig_2	461	0
contig_2	462	0
contig_2	463	0
contig_2	464	0
contig_2	465	0
contig_2	466	0
contig_2	467	0
contig_2	468	0
contig_2	469	0
contig_2	470	0
contig_2	471	0
contig_2	472	0
contig_2	473	0
contig_2	474	0
contig_2	475	0
contig_2	476	0
contig_2	477	0
contig_2	478	0
contig_2	479	0
contig_2	480	0
contig_2	481	0
contig_2	482	0
contig_2	483	0
contig_2	484	0
contig_2	485	0
contig_2	486	0
contig_2	487	0
contig_2	488	0
contig_2	489	0
contig_2	490	0
contig_2	491	0
contig_2	492	0
contig_2	493	0
contig_2	494	0
contig_2	495	0
contig_2	496	0
contig_2	497	0
contig_2	498	0
contig_2	499	0
contig_2	500	0
contig_2	501	0
contig_2	502	0
contig_2	503	0
contig_2	504	0
contig_2	505	0
contig_2	506	0
contig_2	507	0
contig_2	508	0
contig_2	509	0
contig_2	510	0
contig_2	511	0
contig_2	512	0
contig_2	513	0
contig_2	514	0
contig_2	515	0
contig_2	516	0
contig_2	517	0
contig_2	518	0
contig_2	519	0
contig_2	520	0
contig_2	521	0
contig_2	522	0
contig_2	523	0
contig_2	524	0
contig_2	525	0
contig_2	526	0
contig_2	527	0
contig_2	528	0
contig_2	529	0
contig_2	530	0
contig_2	531	0
contig_2	532	0
contig_2	533	0
contig_2	534	0
contig_2	535	0
contig_2	536	0
contig_2	537	0
contig_2	538	0
contig_2	539	0
contig_2	540	0
contig_2	541	0
contig_2	542	0
contig_2	543	0
contig_2	544	0
contig_2	545	0
contig_2	546	0
contig_2	547	0
contig_2	548	0
contig_2	549	0
contig_2	550	0
contig_2	551	0
contig_2	552	0
contig_2	553	0
contig_2	554	0
contig_2	555	0
contig_2	556	0
contig_2	557	0
contig_2	558	0
contig_2	559	0
contig_2	560	0
contig_2	561	0
contig_2	562	0
contig_2	563	0
contig_2	564	0
contig_2	565	0
contig_2	566	0
contig_2	567	0
contig_2	568	0
contig_2	569	0
contig_2	570	0
contig_2	571	0
contig_2	572	0
contig_2	573	0
contig_2	574	0
contig_2	575	0
contig_2	576	0
contig_2	577	0
contig_2	578	0
contig_2	579	0
contig_2	580	0
contig_2	581	0
contig_2	582	0
contig_2	583	0
contig_2	584	0
contig_2	585	0
contig_2	586	0
contig_2	587	0
contig_2	588	0
contig_2	589	0
contig_2	590	0
contig_2	591	0
contig_2	592	0
contig_2	593	0
contig_2	594	0
contig_2	595	0
contig_2	596	0
contig_2	597	0
contig_2	598	0
contig_2	599	0
contig_2	600	0
contig_2	601	0
contig_2	602	0
contig_2	603	0
contig_2	604	0
contig_2	605	0
contig_2	606	0
contig_2	607	0
contig_2	608	0
contig_2	609	0
contig_2	610	0
contig_2	611	0
contig_2	612	0
contig_2	613	0
contig_2	614	0
contig_2	615	0
contig_2	616	0
contig_2	617	0
contig_2	618	0
contig_2	619	0
contig_2	620	0
contig_2	621	0
contig_2	622	0
contig_2	623	0
contig_2	624	0
contig_2	625	0
contig_2	626	0
contig_2	627	0
contig_2	628	0
contig_2	629	0
contig_2	630	0
contig_2	631	0
contig_2	632	0
contig_2	633	0
contig_2	634	0
contig_2	635	0
contig_2	636	0
contig_2	637	0
contig_2	638	0
contig_2	639	0
contig_2	640	0
contig_2	641	0
contig_2	642	0
contig_2	643	0
contig_2	644	0
contig_2	645	0
contig_2	646	0
contig_2	647	0
contig_2	648	0
contig_2	649	0
contig_2	650	0
contig_2	651	0
contig_2	652	0
contig_2	653	0
contig_2	654	0
contig_2	655	0
contig_2	656	0
contig_2	657	0
contig_2	658	0
contig_2	659	0
contig_2	660	0
contig_2	661	0
contig_2	662	0
contig_2	663	0
contig_2	664	0
contig_2	665	0
contig_2	666	0
contig_2	667	0
contig_2	668	0
contig_2	669	0
contig_2	670	0
contig_2	671	0
contig_2	672	0
contig_2	673	0
contig_2	674	0
contig_2	675	0
contig_2	676	0
contig_2	677	0
contig_2	678	0
contig_2	679	0
contig_2	680	0
contig_2	681	0
contig_2	682	0
contig_2	683	0
contig_2	684	0
contig_2	685	0
contig_2	686	0
contig_2	687	0
contig_2	688	0
contig_2	689	0
contig_2	690	0
contig_2	691	0
contig_2	692	0
contig_2	693	0
contig_2	694	0
contig_2	695	0
contig_2	696	0
contig_2	697	0
contig_2	698	0
contig_2	699	0
contig_2	700	0
contig_2	701	0
contig_2	702	0
contig_2	703	0
contig_2	704	0
contig_2	705	0
contig_2	706	0
contig_2	707	0
contig_2	708	0
contig_2	709	0
contig_2	710	0
contig_2	711	0
contig_2	712	0
contig_2	713	0
contig_2	714	0
contig_2	715	0
contig_2	716	0
contig_2	717	0
contig_2	718	0
contig_2	719	0
contig_2	720	0
contig_2	721	0
contig_2	722	0
contig_2	723	0
contig_2	724	0
contig_2	725	0
contig_2	726	0
contig_2	727	0
contig_2	728	0
contig_2	729	0
contig_2	730	0
contig_2	731	0
contig_2	732	0
contig_2	733	0
contig_2	734	0
contig_2	735	0
contig_2	736	0
contig_2	737	0
contig_2	738	0
contig_2	739	0
contig_2	740	0
contig_2	741	0
contig_2	742	0
contig_2	743	0
contig_2	744	0
contig_2	745	0
contig_2	746	0
contig_2	747	0
contig_2	748	0
contig_2	749	0
contig_2	750	0
contig_2	751	0
contig_2	752	0
contig_2	753	0
contig_2	754	0
contig_2	755	0
contig_2	756	0
contig_2	757	0
contig_2	758	0
contig_2	759	0
contig_2	760	0
contig_2	761	0
contig_2	762	0
contig_2	763	0
contig_2	764	0
contig_2	765	0
contig_2	766	0
contig_2	767	0
contig_2	768	0
contig_2	769	0
contig_2	770	0
contig_2	771	0
contig_2	772	0
contig_2	773	0
contig_2	774	0
contig_2	775	0
contig_2	776	0
contig_2	777	0
contig_2	778	0
contig_2	779	0
contig_2	780	0
contig_2	781	0
contig_2	782	0
contig_2	783	0
contig_2	784	0
contig_2	785	0
contig_2	786	0
contig_2	787	0
contig_2	788	0
contig_2	789	0
contig_2	790	0
contig_2	791	0
contig_2	792	0
contig_2	793	0
contig_2	794	0
contig_2	795	0
contig_2	796	0
contig_2	797	0
contig_2	798	0
contig_2	799	0
contig_2	800	0
contig_2	801	0
contig_2	802	0
contig_2	803	0
contig_2	804	0
contig_2	805	0
contig_2	806	0
contig_2	807	0
contig_2	808	0
contig_2	809	0
contig_2	810	0
contig_2	811	0
contig_2	812	0
contig_2	813	0
contig_2	814	0
contig_2	815	0
contig_2	816	0
contig_2	817	0
contig_2	818	0
contig_2	819	0
contig_2	820	0
contig_2	821	0
contig_2	822	0
contig_2	823	0
contig_2	824	0
contig_2	825	0
contig_2	826	0
contig_2	827	0
contig_2	828	0
contig_2	829	0
contig_2	830	0
contig_2	831	0
contig_2	832	0
contig_2	833	0
contig_2	834	0
contig_2	835	0
contig_2	836	0
contig_2	837	0
contig_2	838	0
contig_2	839	0
contig_2	840	0
contig_2	841	0
contig_2	842	0
contig_2	843	0
contig_2	844	0
contig_2	845	0
contig_2	846	0
contig_2	847	0
contig_2	848	0
contig_2	849	0
contig_2	850	0
contig_2	851	0
contig_2	852	0
contig_2	853	0
contig_2	854	0
contig_2	855	0
contig_2	856	0
contig_2	857	0
contig_2	858	0
contig_2	859	0
contig_2	860	0
contig_2	861	0
contig_2	862	0
contig_2	863	0
contig_2	864	0
contig_2	865	0
contig_2	866	0
contig_2	867	0
contig_2	868	0
contig_2	869	0
contig_2	870	0
contig_2	871	0
contig_2	872	0
contig_2	873	0
contig_2	874	0
contig_2	875	0
contig_2	876	0
contig_2	877	0
contig_2	878	0
contig_2	879	0
contig_2	880	0
contig_2	881	0
contig_2	882	0
contig_2	883	0
contig_2	884	0
contig_2	885	0
contig_2	886	0
contig_2	887	0
contig_2	888	0
contig_2	889	0
contig_2	890	0
contig_2	891	0
contig_2	892	0
contig_2	893	0
contig_2	894	0
contig_2	895	0
contig_2	896	0
contig_2	897	0
contig_2	898	0
contig_2	899	0
contig_2	900	0
contig_2	901	0
contig_2	902	0
contig_2	903	0
contig_2	904	0
contig_2	905	0
contig_2	906	0
contig_2	907	0
contig_2	908	0
contig_2	909	0
contig_2	910	0
contig_2	911	0
contig_2	912	0
contig_2	913	0
contig_2	914	0
contig_2	915	0
contig_2	916	0
contig_2	917	0
contig_2	918	0
contig_2	919	0
contig_2	920	0
contig_2	921	0
contig_2	922	0
contig_2	923	0
contig_2	924	0
contig_2	925	0
contig_2	926	0
contig_2	927	0
contig_2	928	0
contig_2	929	0
contig_2	930	0
contig_2	931	0
contig_2	932	0
contig_2	933	0
contig_2	934	0
contig_2	935	0
contig_2	936	0
contig_2	937	0
contig_2	938	0
contig_2	939	0
contig_2	940	0
contig_2	941	0
contig_2	942	0
contig_2	943	0
contig_2	944	0
contig_2	945	0
contig_2	946	0
contig_2	947	0
contig_2	948	0
contig_2	949	0
contig_2	950	0
contig_2	951	0
contig_2	952	0
contig_2	953	0
contig_2	954	0
contig_2	955	0
contig_2	956	0
contig_2	957	0
contig_2	958	0
contig_2	959	0
contig_2	960	0
contig_2	961	0
contig_2	962	0
contig_2	963	0
contig_2	964	0
contig_2	965	0
contig_2	966	0
contig_2	967	0
contig_2	968	0
contig_2	969	0
contig_2	970	0
contig_2	971	0
contig_2	972	0
contig_2	973	0
contig_2	974	0
contig_2	975	0
contig_2	976	0
contig_2	977	0
contig_2	978	0
contig_2	979	0
contig_2	980	0
contig_2	981	0
contig_2	982	0
contig_2	983	0
contig_2	984	0
contig_2	985	0
contig_2	986	0
contig_2	987	0
contig_2	988	0
contig_2	989	0
contig_2	990	0
contig_2	991	0
contig_2	992	0
contig_2	993	0
contig_2	994	0
contig_2	995	0
contig_2	996	0
contig_2	997	0
contig_2	998	0
contig_2	999	0
contig_2	1000	0
contig_2	1001	0
contig_2	1002	0
contig_2	1003	0
contig_2	1004	0
contig_2	1005	0
contig_2	1006	0
contig_2	1007	0
contig_2	1008	0
contig_2	1009	0
contig_2	1010	0
contig_2	1011	0
contig_2	1012	0
contig_2	1013	0
contig_2	1014	0
contig_2	1015	0
contig_2	1016	0
contig_2	1017	0
contig_2	1018	0
contig_2	1019	0
contig_2	1020	0
contig_2	1021	0
contig_2	1022	0
contig_2	1023	0
contig_2	1024	0
contig_2	1025	0
contig_2	1026	0
contig_2	1027	0
contig_2	1028	0
contig_2	1029	0
contig_2	1030	0
contig_2	1031	0
contig_2	1032	0
contig_2	1033	0
contig_2	1034	0
contig_2	1035	0
contig_2	1036	0
contig_2	1037	0
contig_2	1038	0
contig_2	1039	0
contig_2	1040	0
contig_2	1041	0
contig_2	1042	0
contig_2	1043	0
contig_2	1044	0
contig_2	1045	0
contig_2	1046	0
contig_2	1047	0
contig_2	1048	0
contig_2	1049	0
contig_2	1050	0
contig_2	1051	0
contig_2	1052	0
contig_2	1053	0
contig_2	1054	0
contig_2	1055	0
contig_2	1056	0
contig_2	1057	0
contig_2	1058	0
contig_2	1059	0
contig_2	1060	0
contig_2	1061	0
contig_2	1062	0
contig_2	1063	0
contig_2	1064	0
contig_2	1065	0
contig_2	1066	0
contig_2	1067	0
contig_2	1068	0
contig_2	1069	0
contig_2	1070	0
contig_2	1071	0
contig_2	1072	0
contig_2	1073	0
contig_2	1074	0
contig_2	1075	0
contig_2	1076	0
contig_2	1077	0
contig_2	1078	0
contig_2	1079	0
contig_2	1080	0
contig_2	1081	0
contig_2	1082	0
contig_2	1083	0
contig_2	1084	0
contig_2	1085	0
contig_2	1086	0
contig_2	1087	0
contig_2	1088	0
contig_2	1089	0
contig_2	1090	0
contig_2	1091	0
contig_2	1092	0
contig_2	1093	0
contig_2	1094	0
contig_2	1095	0
contig_2	1096	0
contig_2	1097	0
contig_2	1098	0
contig_2	1099	0
contig_2	1100	0
contig_2	1101	0
contig_2	1102	0
contig_2	1103	0
contig_2	1104	0
contig_2	1105	0
contig_2	1106	0
contig_2	1107	0
contig_2	1108	0
contig_2	1109	0
contig_2	1110	0
contig_2	1111	0
contig_2	1112	0
contig_2	1113	0
contig_2	1114	0
contig_2	1115	0
contig_2	1116	0
contig_2	1117	0
contig_2	1118	0
contig_2	1119	0
contig_2	1120	0
contig_2	1121	0
contig_2	1122	0
contig_2	1123	0
contig_2	1124	0
contig_2	1125	0
contig_2	1126	0
contig_2	1127	0
contig_2	1128	0
contig_2	1129	0
contig_2	1130	0
contig_2	1131	0
contig_2	1132	0
contig_2	1133	0
contig_2	1134	0
contig_2	1135	0
contig_2	1136	0
contig_2	1137	0
contig_2	1138	0
contig_2	1139	0
contig_2	1140	0
contig_2	1141	0
contig_2	1142	0
contig_2	1143	0
contig_2	1144	0
contig_2	1145	0
contig_2	1146	0
contig_2	1147	0
contig_2	1148	0
contig_2	1149	0
contig_2	1150	0
contig_2	1151	0
contig_2	1152	0
contig_2	1153	0
contig_2	1154	0
contig_2	1155	0
contig_2	1156	0
contig_2	1157	0
contig_2	1158	0
contig_2	1159	0
contig_2	1160	0
contig_2	1161	0
contig_2	1162	0
contig_2	1163	0
contig_2	1164	0
contig_2	1165	0
contig_2	1166	0
contig_2	1167	0
contig_2	1168	0
contig_2	1169	0
contig_2	1170	0
contig_2	1171	0
contig_2	1172	0
contig_2	1173	0
contig_2	1174	0
contig_2	1175	0
contig_2	1176	0
contig_2	1177	0
contig_2	1178	0
contig_2	1179	0
contig_2	1180	0
contig_2	1181	0
contig_2	1182	0
contig_2	1183	0
contig_2	1184	0
contig_2	1185	0
contig_2	1186	0
contig_2	1187	0
contig_2	1188	0
contig_2	1189	0
contig_2	1190	0
contig_2	1191	0
contig_2	1192	0
contig_2	1193	0
contig_2	1194	0
contig_2	1195	0
contig_2	1196	0
contig_2	1197	0
contig_2	1198	0
contig_2	1199	0
contig_2	1200	0
contig_2	1201	0
contig_2	1202	0
contig_2	1203	0
contig_2	1204	0
contig_2	1205	0
contig_2	1206	0
contig_2	1207	0
contig_2	1208	0
contig_2	1209	0
contig_2	1210	0
contig_2	1211	0
contig_2	1212	0
contig_2	1213	0
contig_2	1214	0
contig_2	1215	0
contig_2	1216	0
contig_2	1217	0
contig_2	1218	0
contig_2	1219	0
contig_2	1220	0
contig_2	1221	0
contig_2	1222	0
contig_2	1223	0
contig_2	1224	0
contig_2	1225	0
contig_2	1226	0
contig_2	1227	0
contig_2	1228	0
contig_2	1229	0
contig_2	1230	0
contig_2	1231	0
contig_2	1232	0
contig_2	1233	0
contig_2	1234	0
contig_2	1235	0
contig_2	1236	0
contig_2	1237	0
contig_2	1238	0
contig_2	1239	0
contig_2	1240	0
contig_2	1241	0
contig_2	1242	0
contig_2	1243	0
contig_2	1244	0
contig_2	1245	0
contig_2	1246	0
contig_2	1247	0
contig_2	1248	0
contig_2	1249	0
contig_2	1250	0
contig_2	1251	0
contig_2	1252	0
contig_2	1253	0
contig_2	1254	0
contig_2	1255	0
contig_2	1256	0
contig_2	1257	0
contig_2	1258	0
contig_2	1259	0
contig_2	1260	0
contig_2	1261	0
contig_2	1262	0
contig_2	1263	0
contig_2	1264	0
contig_2	1265	0
contig_2	1266	0
contig_2	1267	0
contig_2	1268	0
contig_2	1269	0
contig_2	1270	0
contig_2	1271	0
contig_2	1272	0
contig_2	1273	0
contig_2	1274	0
contig_2	1275	0
contig_2	1276	0
contig_2	1277	0
contig_2	1278	0
contig_2	1279	0
contig_2	1280	0
contig_2	1281	0
contig_2	1282	0
contig_2	1283	0
contig_2	1284	0
contig_2	1285	0
contig_2	1286	0
contig_2	1287	0
contig_2	1288	0
contig_2	1289	0
contig_2	1290	0
contig_2	1291	0
contig_2	1292	0
contig_2	1293	0
contig_2	1294	0
contig_2	1295	0
contig_2	1296	0
contig_2	1297	0
contig_2	1298	0
contig_2	1299	0
contig_2	1300	0
contig_2	1301	0
contig_2	1302	0
contig_2	1303	0
contig_2	1304	0
contig_2	1305	0
contig_2	1306	0
contig_2	1307	0
contig_2	1308	0
contig_2	1309	0
contig_2	1310	0
contig_2	1311	0
contig_2	1312	0
contig_2	1313	0
contig_2	1314	0
contig_2	1315	0
contig_2	1316	0
contig_2	1317	0
contig_2	1318	0
contig_2	1319	0
contig_2	1320	0
contig_2	1321	0
contig_2	1322	0
contig_2	1323	0
contig_2	1324	0
contig_2	1325	0
contig_2	1326	0
contig_2	1327	0
contig_2	1328	0
contig_2	1329	0
contig_2	1330	0
contig_2	1331	0
contig_2	1332	0
contig_2	1333	0
contig_2	1334	0
contig_2	1335	0
contig_2	1336	0
contig_2	1337	0
contig_2	1338	0
contig_2	1339	0
contig_2	1340	0
contig_2	1341	0
contig_2	1342	0
contig_2	1343	0
contig_2	1344	0
contig_2	1345	0
contig_2	1346	0
contig_2	1347	0
contig_2	1348	0
contig_2	1349	0
contig_2	1350	0
contig_2	1351	0
contig_2	1352	0
contig_2	1353	0
contig_2	1354	0
contig_2	1355	0
contig_2	1356	0
contig_2	1357	0
contig_2	1358	0
contig_2	1359	0
contig_2	1360	0
contig_2	1361	0
contig_2	1362	0
contig_2	1363	0
contig_2	1364	0
contig_2	1365	0
contig_2	1366	0
contig_2	1367	0
contig_2	1368	0
contig_2	1369	0
contig_2	1370	0
contig_2	1371	0
contig_2	1372	0
contig_2	1373	0
contig_2	1374	0
contig_2	1375	0
contig_2	1376	0
contig_2	1377	0
contig_2	1378	0
contig_2	1379	0
contig_2	1380	0
contig_2	1381	0
contig_2	1382	0
contig_2	1383	0
contig_2	1384	0
contig_2	1385	0
contig_2	1386	0
contig_2	1387	0
contig_2	1388	0
contig_2	1389	0
contig_2	1390	0
contig_2	1391	0
contig_2	1392	0
contig_2	1393	0
contig_2	1394	0
contig_2	1395	0
contig_2	1396	0
contig_2	1397	0
contig_2	1398	0
contig_2	1399	0
contig_2	1400	0
contig_2	1401	0
contig_2	1402	0
contig_2	1403	0
contig_2	1404	0
contig_2	1405	0
contig_2	1406	0
contig_2	1407	0
contig_2	1408	0
contig_2	1409	0
contig_2	1410	0
contig_2	1411	0
contig_2	1412	0
contig_2	1413	0
contig_2	1414	0
contig_2	1415	0
contig_2	1416	0
contig_2	1417	0
contig_2	1418	0
contig_2	1419	0
contig_2	1420	0
contig_2	1421	0
contig_2	1422	0
contig_2	1423	0
contig_2	1424	0
contig_2	1425	0
contig_2	1426	0
contig_2	1427	0
contig_2	1428	0
contig_2	1429	0
contig_2	1430	0
contig_2	1431	0
contig_2	1432	0
contig_2	1433	0
contig_2	1434	0
contig_2	1435	0
contig_2	1436	0
contig_2	1437	0
contig_2	1438	0
contig_2	1439	0
contig_2	1440	0
contig_2	1441	0
contig_2	1442	0
contig_2	1443	0
contig_2	1444	0
contig_2	1445	0
contig_2	1446	0
contig_2	1447	0
contig_2	1448	0
contig_2	1449	0
contig_2	1450	0
contig_2	1451	0
contig_2	1452	0
contig_2	1453	0
contig_2	1454	0
contig_2	1455	0
contig_2	1456	0
contig_2	1457	0
contig_2	1458	0
contig_2	1459	0
contig_2	1460	0
contig_2	1461	0
contig_2	1462	0
contig_2	1463	0
contig_2	1464	0
contig_2	1465	0
contig_2	1466	0
contig_2	1467	0
contig_2	1468	0
contig_2	1469	0
contig_2	1470	0
contig_2	1471	0
contig_2	1472	0
contig_2	1473	0
contig_2	1474	0
contig_2	1475	0
contig_2	1476	0
contig_2	1477	0
contig_2	1478	0
contig_2	1479	0
contig_2	1480	0
contig_2	1481	0
contig_2	1482	0
contig_2	1483	0
contig_2	1484	0
contig_2	1485	0
contig_2	1486	0
contig_2	1487	0
contig_2	1488	0
contig_2	1489	0
contig_2	1490	0
contig_2	1491	0
contig_2	1492	0
contig_2	1493	0
contig_2	1494	0
contig_2	1495	0
contig_2	1496	0
contig_2	1497	0
contig_2	1498	0
contig_2	1499	0
contig_2	1500	0
contig_2	1501	0
contig_2	1502	0
contig_2	1503	0
contig_2	1504	0
contig_2	1505	0
contig_2	1506	0
contig_2	1507	0
contig_2	1508	0
contig_2	1509	0
contig_2	1510	0
contig_2	1511	0
contig_2	1512	0
contig_2	1513	0
contig_2	1514	0
contig_2	1515	0
contig_2	1516	0
contig_2	1517	0
contig_2	1518	0
contig_2	1519	0
contig_2	1520	0
contig_2	1521	0
contig_2	1522	0
contig_2	1523	0
contig_2	1524	0
contig_2	1525	0
contig_2	1526	0
contig_2	1527	0
contig_2	1528	0
contig_2	1529	0
contig_2	1530	0
contig_2	1531	0
contig_2	1532	0
contig_2	1533	0
contig_2	1534	0
contig_2	1535	0
contig_2	1536	0
contig_2	1537	0
contig_2	1538	0
contig_2	1539	0
contig_2	1540	0
contig_2	1541	0
contig_2	1542	0
contig_2	1543	0
contig_2	1544	0
contig_2	1545	0
contig_2	1546	0
contig_2	1547	0
contig_2	1548	0
contig_2	1549	0
contig_2	1550	0
contig_2	1551	0
contig_2	1552	0
contig_2	1553	0
contig_2	1554	0
contig_2	1555	0
contig_2	1556	0
contig_2	1557	0
contig_2	1558	0
contig_2	1559	0
contig_2	1560	0
contig_2	1561	0
contig_2	1562	0
contig_2	1563	0
contig_2	1564	0
contig_2	1565	0
contig_2	1566	0
contig_2	1567	0
contig_2	1568	0
contig_2	1569	0
contig_2	1570	0
contig_2	1571	0
contig_2	1572	0
contig_2	1573	0
contig_2	1574	0
contig_2	1575	0
contig_2	1576	0
contig_2	1577	0
contig_2	1578	0
contig_2	1579	0
contig_2	1580	0
contig_2	1581	0
contig_2	1582	0
contig_2	1583	0
contig_2	1584	0
contig_2	1585	0
contig_2	1586	0
contig_2	1587	0
contig_2	1588	0
contig_2	1589	0
contig_2	1590	0
contig_2	1591	0
contig_2	1592	0
contig_2	1593	0
contig_2	1594	0
contig_2	1595	0
contig_2	1596	0
contig_2	1597	0
contig_2	1598	0
contig_2	1599	0
contig_2	1600	0
contig_2	1601	0
contig_2	1602	0
contig_2	1603	0
contig_2	1604	0
contig_2	1605	0
contig_2	1606	0
contig_2	1607	0
contig_2	1608	0
contig_2	1609	0
contig_2	1610	0
contig_2	1611	0
contig_2	1612	0
contig_2	1613	0
contig_2	1614	0
contig_2	1615	0
contig_2	1616	0
contig_2	1617	0
contig_2	1618	0
contig_2	1619	0
contig_2	1620	0
contig_2	1621	0
contig_2	1622	0
contig_2	1623	0
contig_2	1624	0
contig_2	1625	0
contig_2	1626	0
contig_2	1627	0
contig_2	1628	0
contig_2	1629	0
contig_2	1630	0
contig_2	1631	0
contig_2	1632	0
contig_2	1633	0
contig_2	1634	0
contig_2	1635	0
contig_2	1636	0
contig_2	1637	0
contig_2	1638	0
contig_2	1639	0
contig_2	1640	0
contig_2	1641	0
contig_2	1642	0
contig_2	1643	0
contig_2	1644	0
contig_2	1645	0
contig_2	1646	0
contig_2	1647	0
contig_2	1648	0
contig_2	1649	0
contig_2	1650	0
contig_2	1651	0
contig_2	1652	0
contig_2	1653	0
contig_2	1654	0
contig_2	1655	0
contig_2	1656	0
contig_2	1657	0
contig_2	1658	0
contig_2	1659	0
contig_2	1660	0
contig_2	1661	0
contig_2	1662	0
contig_2	1663	0
contig_2	1664	0
contig_2	1665	0
contig_2	1666	0
contig_2	1667	0
contig_2	1668	0
contig_2	1669	0
contig_2	1670	0
contig_2	1671	0
contig_2	1672	0
contig_2	1673	0
contig_2	1674	0
contig_2	1675	0
contig_2	1676	0
contig_2	1677	0
contig_2	1678	0
contig_2	1679	0
contig_2	1680	0
contig_2	1681	0
contig_2	1682	0
contig_2	1683	0
contig_2	1684	0
contig_2	1685	0
contig_2	1686	0
contig_2	1687	0
contig_2	1688	0
contig_2	1689	0
contig_2	1690	0
contig_2	1691	0
contig_2	1692	0
contig_2	1693	0
contig_2	1694	0
contig_2	1695	0
contig_2	1696	0
contig_2	1697	0
contig_2	1698	0
contig_2	1699	0
contig_2	1700	0
contig_2	1701	0
contig_2	1702	0
contig_2	1703	0
contig_2	1704	0
contig_2	1705	0
contig_2	1706	0
contig_2	1707	0
contig_2	1708	0
contig_2	1709	0
contig_2	1710	0
contig_2	1711	0
contig_2	1712	0
contig_2	1713	0
contig_2	1714	0
contig_2	1715	0
contig_2	1716	0
contig_2	1717	0
contig_2	1718	0
contig_2	1719	0
contig_2	1720	0
contig_2	1721	0
contig_2	1722	0
contig_2	1723	0
contig_2	1724	0
contig_2	1725	0
contig_2	1726	0
contig_2	1727	0
contig_2	1728	0
contig_2	1729	0
contig_2	1730	0
contig_2	1731	0
contig_2	1732	0
contig_2	1733	0
contig_2	1734	0
contig_2	1735	0
contig_2	1736	0
contig_2	1737	0
contig_2	1738	0
contig_2	1739	0
contig_2	1740	0
contig_2	1741	0
contig_2	1742	0
contig_2	1743	0
contig_2	1744	0
contig_2	1745	0
contig_2	1746	0
contig_2	1747	0
contig_2	1748	0
contig_2	1749	0
contig_2	1750	0
contig_2	1751	0
contig_2	1752	0
contig_2	1753	0
contig_2	1754	0
contig_2	1755	0
contig_2	1756	0
contig_2	1757	0
contig_2	1758	0
contig_2	1759	0
contig_2	1760	0
contig_2	1761	0
contig_2	1762	0
contig_2	1763	0
contig_2	1764	0
contig_2	1765	0
contig_2	1766	0
contig_2	1767	0
contig_2	1768	0
contig_2	1769	0
contig_2	1770	0
contig_2	1771	0
contig_2	1772	0
contig_2	1773	0
contig_2	1774	0
contig_2	1775	0
contig_2	1776	0
contig_2	1777	0
contig_2	1778	0
contig_2	1779	0
contig_2	1780	0
contig_2	1781	0
contig_2	1782	0
contig_2	1783	0
contig_2	1784	0
contig_2	1785	0
contig_2	1786	0
contig_2	1787	0
contig_2	1788	0
contig_2	1789	0
contig_2	1790	0
contig_2	1791	0
contig_2	1792	0
contig_2	1793	0
contig_2	1794	0
contig_2	1795	0
contig_2	1796	0
contig_2	1797	0
contig_2	1798	0
contig_2	1799	0
contig_2	1800	0
contig_2	1801	0
contig_2	1802	0
contig_2	1803	0
contig_2	1804	0
contig_2	1805	0
contig_2	1806	0
contig_2	1807	0
contig_2	1808	0
contig_2	1809	0
contig_2	1810	0
contig_2	1811	0
contig_2	1812	0
contig_2	1813	0
contig_2	1814	0
contig_2	1815	0
contig_2	1816	0
contig_2	1817	0
contig_2	1818	0
contig_2	1819	0
contig_2	1820	0
contig_2	1821	0
contig_2	1822	0
contig_2	1823	0
contig_2	1824	0
contig_2	1825	0
contig_2	1826	0
contig_2	1827	0
contig_2	1828	0
contig_2	1829	0
contig_2	1830	0
contig_2	1831	0
contig_2	1832	0
contig_2	1833	0
contig_2	1834	0
contig_2	1835	0
contig_2	1836	0
contig_2	1837	0
contig_2	1838	0
contig_2	1839	0
contig_2	1840	0
contig_2	1841	0
contig_2	1842	0
contig_2	1843	0
contig_2	1844	0
contig_2	1845	0
contig_2	1846	0
contig_2	1847	0
contig_2	1848	0
contig_2	1849	0
contig_2	1850	0
contig_2	1851	0
contig_2	1852	0
contig_2	1853	0
contig_2	1854	0
contig_2	1855	0
contig_2	1856	0
contig_2	1857	0
contig_2	1858	0
contig_2	1859	0
contig_2	1860	0
contig_2	1861	0
contig_2	1862	0
contig_2	1863	0
contig_2	1864	0
contig_2	1865	0
contig_2	1866	0
contig_2	1867	0
contig_2	1868	0
contig_2	1869	0
contig_2	1870	0
contig_2	1871	0
contig_2	1872	0
contig_2	1873	0
contig_2	1874	0
contig_2	1875	0
contig_2	1876	0
contig_2	1877	0
contig_2	1878	0
contig_2	1879	0
contig_2	1880	0
contig_2	1881	0
contig_2	1882	0
contig_2	1883	0
contig_2	1884	0
contig_2	1885	0
contig_2	1886	0
contig_2	1887	0
contig_2	1888	0
contig_2	1889	0
contig_2	1890	0
contig_2	1891	0
contig_2	1892	0
contig_2	1893	0
contig_2	1894	0
contig_2	1895	0
contig_2	1896	0
contig_2	1897	0
contig_2	1898	0
contig_2	1899	0
contig_2	1900	0
contig_2	1901	0
contig_2	1902	0
contig_2	1903	0
contig_2	1904	0
contig_2	1905	0
contig_2	1906	0
contig_2	1907	0
contig_2	1908	0
contig_2	1909	0
contig_2	1910	0
contig_2	1911	0
contig_2	1912	0
contig_2	1913	0
contig_2	1914	0
contig_2	1915	0
contig_2	1916	0
contig_2	1917	0
contig_2	1918	0
contig_2	1919	0
contig_2	1920	0
contig_2	1921	0
contig_2	1922	0
contig_2	1923	0
contig_2	1924	0
contig_2	1925	0
contig_2	1926	0
contig_2	1927	0
contig_2	1928	0
contig_2	1929	0
contig_2	1930	0
contig_2	1931	0
contig_2	1932	0
contig_2	1933	0
contig_2	1934	0
contig_2	1935	0
contig_2	1936	0
contig_2	1937	0
contig_2	1938	0
contig_2	1939	0
contig_2	1940	0
contig_2	1941	0
contig_2	1942	0
contig_2	1943	0
contig_2	1944	0
contig_2	1945	0
contig_2	1946	0
contig_2	1947	0
contig_2	1948	0
contig_2	1949	0
contig_2	1950	0
contig_2	1951	0
contig_2	1952	0
contig_2	1953	0
contig_2	1954	0
contig_2	1955	0
contig_2	1956	0
contig_2	1957	0
contig_2	1958	0
contig_2	1959	0
contig_2	1960	0
contig_2	1961	0
contig_2	1962	0
contig_2	1963	0
contig_2	1964	0
contig_2	1965	0
contig_2	1966	0
contig_2	1967	0
contig_2	1968	0
contig_2	1969	0
contig_2	1970	0
contig_2	1971	0
contig_2	1972	0
contig_2	1973	0
contig_2	1974	0
contig_2	1975	0
contig_2	1976	0
contig_2	1977	0
contig_2	1978	0
contig_2	1979	0
contig_2	1980	0
contig_2	1981	0
contig_2	1982	0
contig_2	1983	0
contig_2	1984	0
contig_2	1985	0
contig_2	1986	0
contig_2	1987	0
contig_2	1988	0
contig_2	1989	0
contig_2	1990	0
contig_2	1991	0
contig_2	1992	0
contig_2	1993	0
contig_2	1994	0
contig_2	1995	0
contig_2	1996	0
contig_2	1997	0
contig_2	1998	0
contig_2	1999	0
contig_2	2000	0
contig_2	2001	0
contig_2	2002	0
contig_2	2003	0
contig_2	2004	0
contig_2	2005	0
contig_2	2006	0
contig_2	2007	0
contig_2	2008	0
contig_2	2009	0
contig_2	2010	0
contig_2	2011	0
contig_2	2012	0
contig_2	2013	0
contig_2	2014	0
contig_2	2015	0
contig_2	2016	0
contig_2	2017	0
contig_2	2018	0
contig_2	2019	0
contig_2	2020	0
contig_2	2021	0
contig_2	2022	0
contig_2	2023	0
contig_2	2024	0
contig_2	2025	0
contig_2	2026	0
contig_2	2027	0
contig_2	2028	0
contig_2	2029	0
contig_2	2030	0
contig_2	2031	0
contig_2	2032	0
contig_2	2033	0
contig_2	2034	0
contig_2	2035	0
contig_2	2036	0
contig_2	2037	0
contig_2	2038	0
contig_2	2039	0
contig_2	2040	0
contig_2	2041	0
contig_2	2042	0
contig_2	2043	0
contig_2	2044	0
contig_2	2045	0
contig_2	2046	0
contig_2	2047	0
contig_2	2048	0
contig_2	2049	0
contig_2	2050	0
contig_2	2051	0
contig_2	2052	0
contig_2	2053	0
contig_2	2054	0
contig_2	2055	0
contig_2	2056	0
contig_2	2057	0
contig_2	2058	0
contig_2	2059	0
contig_2	2060	0
contig_2	2061	0
contig_2	2062	0
contig_2	2063	0
contig_2	2064	0
contig_2	2065	0
contig_2	2066	0
contig_2	2067	0
contig_2	2068	0
contig_2	2069	0
contig_2	2070	0
contig_2	2071	0
contig_2	2072	0
contig_2	2073	0
contig_2	2074	0
contig_2	2075	0
contig_2	2076	0
contig_2	2077	0
contig_2	2078	0
contig_2	2079	0
contig_2	2080	0
contig_2	2081	0
contig_2	2082	0
contig_2	2083	0
contig_2	2084	0
contig_2	2085	0
contig_2	2086	0
contig_2	2087	0
contig_2	2088	0
contig_2	2089	0
contig_2	2090	0
contig_2	2091	0
contig_2	2092	0
contig_2	2093	0
contig_2	2094	0
contig_2	2095	0
contig_2	2096	0
contig_2	2097	0
contig_2	2098	0
contig_2	2099	0
contig_2	2100	0
contig_2	2101	0
contig_2	2102	0
contig_2	2103	0
contig_2	2104	0
contig_2	2105	0
contig_2	2106	0
contig_2	2107	0
contig_2	2108	0
contig_2	2109	0
contig_2	2110	0
contig_2	2111	0
contig_2	2112	0
contig_2	2113	0
contig_2	2114	0
contig_2	2115	0
contig_2	2116	0
contig_2	2117	0
contig_2	2118	0
contig_2	2119	0
contig_2	2120	0
contig_2	2121	0
contig_2	2122	0
contig_2	2123	0
contig_2	2124	0
contig_2	2125	0
contig_2	2126	0
contig_2	2127	0
contig_2	2128	0
contig_2	2129	0
contig_2	2130	0
contig_2	2131	0
contig_2	2132	0
contig_2	2133	0
contig_2	2134	0
contig_2	2135	0
contig_2	2136	0
contig_2	2137	0
contig_2	2138	0
contig_2	2139	0
contig_2	2140	0
contig_2	2141	0
contig_2	2142	0
contig_2	2143	0
contig_2	2144	0
contig_2	2145	0
contig_2	2146	0
contig_2	2147	0
contig_2	2148	0
contig_2	2149	0
contig_2	2150	0
contig_2	2151	0
contig_2	2152	0
contig_2	2153	0
contig_2	2154	0
contig_2	2155	0
contig_2	2156	0
contig_2	2157	0
contig_2	2158	0
contig_2	2159	0
contig_2	2160	0
contig_2	2161	0
contig_2	2162	0
contig_2	2163	0
contig_2	2164	0
contig_2	2165	0
contig_2	2166	0
contig_2	2167	0
contig_2	2168	0
contig_2	2169	0
contig_2	2170	0
contig_2	2171	0
contig_2	2172	0
contig_2	2173	0
contig_2	2174	0
contig_2	2175	0
contig_2	2176	0
contig_2	2177	0
contig_2	2178	0
contig_2	2179	0
contig_2	2180	0
contig_2	2181	0
contig_2	2182	0
contig_2	2183	0
contig_2	2184	0
contig_2	2185	0
contig_2	2186	0
contig_2	2187	0
contig_2	2188	0
contig_2	2189	0
contig_2	2190	0
contig_2	2191	0
contig_2	2192	0
contig_2	2193	0
contig_2	2194	0
contig_2	2195	0
contig_2	2196	0
contig_2	2197	0
contig_2	2198	0
contig_2	2199	0
contig_2	2200	0
contig_2	2201	0
contig_2	2202	0
contig_2	2203	0
contig_2	2204	0
contig_2	2205	0
contig_2	2206	0
contig_2	2207	0
contig_2	2208	0
contig_2	2209	0
contig_2	2210	0
contig_2	2211	0
contig_2	2212	0
contig_2	2213	0
contig_2	2214	0
contig_2	2215	0
contig_2	2216	0
contig_2	2217	0
contig_2	2218	0
contig_2	2219	0
contig_2	2220	0
contig_2	2221	0
contig_2	2222	0
contig_2	2223	0
contig_2	2224	0
contig_2	2225	0
contig_2	2226	0
contig_2	2227	0
contig_2	2228	0
contig_2	2229	0
contig_2	2230	0
contig_2	2231	0
contig_2	2232	0
contig_2	2233	0
contig_2	2234	0
contig_2	2235	0
contig_2	2236	0
contig_2	2237	0
contig_2	2238	0
contig_2	2239	0
contig_2	2240	0
contig_2	2241	0
contig_2	2242	0
contig_2	2243	0
contig_2	2244	0
contig_2	2245	0
contig_2	2246	0
contig_2	2247	0
contig_2	2248	0
contig_2	2249	0
contig_2	2250	0
contig_2	2251	0
contig_2	2252	0
contig_2	2253	0
contig_2	2254	0
contig_2	2255	0
contig_2	2256	0
contig_2	2257	0
contig_2	2258	0
contig_2	2259	0
contig_2	2260	0
contig_2	2261	0
contig_2	2262	0
contig_2	2263	0
contig_2	2264	0
contig_2	2265	0
contig_2	2266	0
contig_2	2267	0
contig_2	2268	0
contig_2	2269	0
contig_2	2270	0
contig_2	2271	0
contig_2	2272	0
contig_2	2273	0
contig_2	2274	0
contig_2	2275	0
contig_2	2276	0
contig_2	2277	0
contig_2	2278	0
contig_2	2279	0
contig_2	2280	0
contig_2	2281	0
contig_2	2282	0
contig_2	2283	0
contig_2	2284	0
contig_2	2285	0
contig_2	2286	0
contig_2	2287	0
contig_2	2288	0
contig_2	2289	0
contig_2	2290	0
contig_2	2291	0
contig_2	2292	0
contig_2	2293	0
contig_2	2294	0
contig_2	2295	0
contig_2	2296	0
contig_2	2297	0
contig_2	2298	0
contig_2	2299	0
contig_2	2300	0
contig_2	2301	0
contig_2	2302	0
contig_2	2303	0
contig_2	2304	0
contig_2	2305	0
contig_2	2306	0
contig_2	2307	0
contig_2	2308	0
contig_2	2309	0
contig_2	2310	0
contig_2	2311	0
contig_2	2312	0
contig_2	2313	0
contig_2	2314	0
contig_2	2315	0
contig_2	2316	0
contig_2	2317	0
contig_2	2318	0
contig_2	2319	0
contig_2	2320	0
contig_2	2321	0
contig_2	2322	0
contig_2	2323	0
contig_2	2324	0
contig_2	2325	0
contig_2	2326	0
contig_2	2327	0
contig_2	2328	0
contig_2	2329	0
contig_2	2330	0
contig_2	2331	0
contig_2	2332	0
contig_2	2333	0
contig_2	2334	0
contig_2	2335	0
contig_2	2336	0
contig_2	2337	0
contig_2	2338	0
contig_2	2339	0
contig_2	2340	0
contig_2	2341	0
contig_2	2342	0
contig_2	2343	0
contig_2	2344	0
contig_2	2345	0
contig_2	2346	0
contig_2	2347	0
contig_2	2348	0
contig_2	2349	0
contig_2	2350	0
contig_2	2351	0
contig_2	2352	0
contig_2	2353	0
contig_2	2354	0
contig_2	2355	0
contig_2	2356	0
contig_2	2357	0
contig_2	2358	0
contig_2	2359	0
contig_2	2360	0
contig_2	2361	0
contig_2	2362	0
contig_2	2363	0
contig_2	2364	0
contig_2	2365	0
contig_2	2366	0
contig_2	2367	0
contig_2	2368	0
contig_2	2369	0
contig_2	2370	0
contig_2	2371	0
contig_2	2372	0
contig_2	2373	0
contig_2	2374	0
contig_2	2375	0
contig_2	2376	0
contig_2	2377	0
contig_2	2378	0
contig_2	2379	0
contig_2	2380	0
contig_2	2381	0
contig_2	2382	0
contig_2	2383	0
contig_2	2384	0
contig_2	2385	0
contig_2	2386	0
contig_2	2387	0
contig_2	2388	0
contig_2	2389	0
contig_2	2390	0
contig_2	2391	0
contig_2	2392	0
contig_2	2393	0
contig_2	2394	0
contig_2	2395	0
contig_2	2396	0
contig_2	2397	0
contig_2	2398	0
contig_2	2399	0
contig_2	2400	0
contig_2	2401	0
contig_2	2402	0
contig_2	2403	0
contig_2	2404	0
contig_2	2405	0
contig_2	2406	0
contig_2	2407	0
contig_2	2408	0
contig_2	2409	0
contig_2	2410	0
contig_2	2411	0
contig_2	2412	0
contig_2	2413	0
contig_2	2414	0
contig_2	2415	0
contig_2	2416	0
contig_2	2417	0
contig_2	2418	0
contig_2	2419	0
contig_2	2420	0
contig_2	2421	0
contig_2	2422	0
contig_2	2423	0
contig_2	2424	0
contig_2	2425	0
contig_2	2426	0
contig_2	2427	0
contig_2	2428	0
contig_2	2429	0
contig_2	2430	0
contig_2	2431	0
contig_2	2432	0
contig_2	2433	0
contig_2	2434	0
contig_2	2435	0
contig_2	2436	0
contig_2	2437	0
contig_2	2438	0
contig_2	2439	0
contig_2	2440	0
contig_2	2441	0
contig_2	2442	0
contig_2	2443	0
contig_2	2444	0
contig_2	2445	0
contig_2	2446	0
contig_2	2447	0
contig_2	2448	0
contig_2	2449	0
contig_2	2450	0
contig_2	2451	0
contig_2	2452	0
contig_2	2453	0
contig_2	2454	0
contig_2	2455	0
contig_2	2456	0
contig_2	2457	0
contig_2	2458	0
contig_2	2459	0
contig_2	2460	0
contig_2	2461	0
contig_2	2462	0
contig_2	2463	0
contig_2	2464	0
contig_2	2465	0
contig_2	2466	0
contig_2	2467	0
contig_2	2468	0
contig_2	2469	0
contig_2	2470	0
contig_2	2471	0
contig_2	2472	0
contig_2	2473	0
contig_2	2474	0
contig_2	2475	0
contig_2	2476	0
contig_2	2477	0
contig_2	2478	0
contig_2	2479	0
contig_2	2480	0
contig_2	2481	0
contig_2	2482	0
contig_2	2483	0
contig_2	2484	0
contig_2	2485	0
contig_2	2486	0
contig_2	2487	0
contig_2	2488	0
contig_2	2489	0
contig_2	2490	0
contig_2	2491	0
contig_2	2492	0
contig_2	2493	0
contig_2	2494	0
contig_2	2495	0
contig_2	2496	0
contig_2	2497	0
contig_2	2498	0
contig_2	2499	0
contig_2	2500	0
contig_2	2501	0
contig_2	2502	0
contig_2	2503	0
contig_2	2504	0
contig_2	2505	0
contig_2	2506	0
contig_2	2507	0
contig_2	2508	0
contig_2	2509	0
contig_2	2510	0
contig_2	2511	0
contig_2	2512	0
contig_2	2513	0
contig_2	2514	0
contig_2	2515	0
contig_2	2516	0
contig_2	2517	0
contig_2	2518	0
contig_2	2519	0
contig_2	2520	0
contig_2	2521	0
contig_2	2522	0
contig_2	2523	0
contig_2	2524	0
contig_2	2525	0
contig_2	2526	0
contig_2	2527	0
contig_2	2528	0
contig_2	2529	0
contig_2	2530	0
contig_2	2531	0
contig_2	2532	0
contig_2	2533	0
contig_2	2534	0
contig_2	2535	0
contig_2	2536	0
contig_2	2537	0
contig_2	2538	0
contig_2	2539	0
contig_2	2540	0
contig_2	2541	0
contig_2	2542	0
contig_2	2543	0
contig_2	2544	0
contig_2	2545	0
contig_2	2546	0
contig_2	2547	0
contig_2	2548	0
contig_2	2549	0
contig_2	2550	0
contig_2	2551	0
contig_2	2552	0
contig_2	2553	0
contig_2	2554	0
contig_2	2555	0
contig_2	2556	0
contig_2	2557	0
contig_2	2558	0
contig_2	2559	0
contig_2	2560	0
contig_2	2561	0
contig_2	2562	0
contig_2	2563	0
contig_2	2564	0
contig_2	2565	0
contig_2	2566	0
contig_2	2567	0
contig_2	2568	0
contig_2	2569	0
contig_2	2570	0
contig_2	2571	0
contig_2	2572	0
contig_2	2573	0
contig_2	2574	0
contig_2	2575	0
contig_2	2576	0
contig_2	2577	0
contig_2	2578	0
contig_2	2579	0
contig_2	2580	0
contig_2	2581	0
contig_2	2582	0
contig_2	2583	0
contig_2	2584	0
contig_2	2585	0
contig_2	2586	0
contig_2	2587	0
contig_2	2588	0
contig_2	2589	0
contig_2	2590	0
contig_2	2591	0
contig_2	2592	0
contig_2	2593	0
contig_2	2594	0
contig_2	2595	0
contig_2	2596	0
contig_2	2597	0
contig_2	2598	0
contig_2	2599	0
contig_2	2600	0
contig_2	2601	0
contig_2	2602	0
contig_2	2603	0
contig_2	2604	0
contig_2	2605	0
contig_2	2606	0
contig_2	2607	0
contig_2	2608	0
contig_2	2609	0
contig_2	2610	0
contig_2	2611	0
contig_2	2612	0
contig_2	2613	0
contig_2	2614	0
contig_2	2615	0
contig_2	2616	0
contig_2	2617	0
contig_2	2618	0
contig_2	2619	0
contig_2	2620	0
contig_2	2621	0
contig_2	2622	0
contig_2	2623	0
contig_2	2624	0
contig_2	2625	0
contig_2	2626	0
contig_2	2627	0
contig_2	2628	0
contig_2	2629	0
contig_2	2630	0
contig_2	2631	0
contig_2	2632	0
contig_2	2633	0
contig_2	2634	0
contig_2	2635	0
contig_2	2636	0
contig_2	2637	0
contig_2	2638	0
contig_2	2639	0
contig_2	2640	0
contig_2	2641	0
contig_2	2642	0
contig_2	2643	0
contig_2	2644	0
contig_2	2645	0
contig_2	2646	0
contig_2	2647	0
contig_2	2648	0
contig_2	2649	0
contig_2	2650	0
contig_2	2651	0
contig_2	2652	0
contig_2	2653	0
contig_2	2654	0
contig_2	2655	0
contig_2	2656	0
contig_2	2657	0
contig_2	2658	0
contig_2	2659	0
contig_2	2660	0
contig_2	2661	0
contig_2	2662	0
contig_2	2663	0
contig_2	2664	0
contig_2	2665	0
contig_2	2666	0
contig_2	2667	0
contig_2	2668	0
contig_2	2669	0
contig_2	2670	0
contig_2	2671	0
contig_2	2672	0
contig_2	2673	0
contig_2	2674	0
contig_2	2675	0
contig_2	2676	0
contig_2	2677	0
contig_2	2678	0
contig_2	2679	0
contig_2	2680	0
contig_2	2681	0
contig_2	2682	0
contig_2	2683	0
contig_2	2684	0
contig_2	2685	0
contig_2	2686	0
contig_2	2687	0
contig_2	2688	0
contig_2	2689	0
contig_2	2690	0
contig_2	2691	0
contig_2	2692	0
contig_2	2693	0
contig_2	2694	0
contig_2	2695	0
contig_2	2696	0
contig_2	2697	0
contig_2	2698	0
contig_2	2699	0
contig_2	2700	0
contig_2	2701	0
contig_2	2702	0
contig_2	2703	0
contig_2	2704	0
contig_2	2705	0
contig_2	2706	0
contig_2	2707	0
contig_2	2708	0
contig_2	2709	0
contig_2	2710	0
contig_2	2711	0
contig_2	2712	0
contig_2	2713	0
contig_2	2714	0
contig_2	2715	0
contig_2	2716	0
contig_2	2717	0
contig_2	2718	0
contig_2	2719	0
contig_2	2720	0
contig_2	2721	0
contig_2	2722	0
contig_2	2723	0
contig_2	2724	0
contig_2	2725	0
contig_2	2726	0
contig_2	2727	0
contig_2	2728	0
contig_2	2729	0
contig_2	2730	0
contig_2	2731	0
contig_2	2732	0
contig_2	2733	0
contig_2	2734	0
contig_2	2735	0
contig_2	2736	0
contig_2	2737	0
contig_2	2738	0
contig_2	2739	0
contig_2	2740	0
contig_2	2741	0
contig_2	2742	0
contig_2	2743	0
contig_2	2744	0
contig_2	2745	0
contig_2	2746	0
contig_2	2747	0
contig_2	2748	0
contig_2	2749	0
contig_2	2750	0
contig_2	2751	0
contig_2	2752	0
contig_2	2753	0
contig_2	2754	0
contig_2	2755	0
contig_2	2756	0
contig_2	2757	0
contig_2	2758	0
contig_2	2759	0
contig_2	2760	0
contig_2	2761	0
contig_2	2762	0
contig_2	2763	0
contig_2	2764	0
contig_2	2765	0
contig_2	2766	0
contig_2	2767	0
contig_2	2768	0
contig_2	2769	0
contig_2	2770	0
contig_2	2771	0
contig_2	2772	0
contig_2	2773	0
contig_2	2774	0
contig_2	2775	0
contig_2	2776	0
contig_2	2777	0
contig_2	2778	0
contig_2	2779	0
contig_2	2780	0
contig_2	2781	0
contig_2	2782	0
contig_2	2783	0
contig_2	2784	0
contig_2	2785	0
contig_2	2786	0
contig_2	2787	0
contig_2	2788	0
contig_2	2789	0
contig_2	2790	0
contig_2	2791	0
contig_2	2792	0
contig_2	2793	0
contig_2	2794	0
contig_2	2795	0
contig_2	2796	0
contig_2	2797	0
contig_2	2798	0
contig_2	2799	0
contig_2	2800	0
contig_2	2801	0
contig_2	2802	0
contig_2	2803	0
contig_2	2804	0
contig_2	2805	0
contig_2	2806	0
contig_2	2807	0
contig_2	2808	0
contig_2	2809	0
contig_2	2810	0
contig_2	2811	0
contig_2	2812	0
contig_2	2813	0
contig_2	2814	0
contig_2	2815	0
contig_2	2816	0
contig_2	2817	0
contig_2	2818	0
contig_2	2819	0
contig_2	2820	0
contig_2	2821	0
contig_2	2822	0
contig_2	2823	0
contig_2	2824	0
contig_2	2825	0
contig_2	2826	0
contig_2	2827	0
contig_2	2828	0
contig_2	2829	0
contig_2	2830	0
contig_2	2831	0
contig_2	2832	0
contig_2	2833	0
contig_2	2834	0
contig_2	2835	0
contig_2	2836	0
contig_2	2837	0
contig_2	2838	0
contig_2	2839	0
contig_2	2840	0
contig_2	2841	0
contig_2	2842	0
contig_2	2843	0
contig_2	2844	0
contig_2	2845	0
contig_2	2846	0
contig_2	2847	0
contig_2	2848	0
contig_2	2849	0
contig_2	2850	0
contig_2	2851	0
contig_2	2852	0
contig_2	2853	0
contig_2	2854	0
contig_2	2855	0
contig_2	2856	0
contig_2	2857	0
contig_2	2858	0
contig_2	2859	0
contig_2	2860	0
contig_2	2861	0
contig_2	2862	0
contig_2	2863	0
contig_2	2864	0
contig_2	2865	0
contig_2	2866	0
contig_2	2867	0
contig_2	2868	0
contig_2	2869	0
contig_2	2870	0
contig_2	2871	0
contig_2	2872	0
contig_2	2873	0
contig_2	2874	0
contig_2	2875	0
contig_2	2876	0
contig_2	2877	0
contig_2	2878	0
contig_2	2879	0
contig_2	2880	0
contig_2	2881	0
contig_2	2882	0
contig_2	2883	0
contig_2	2884	0
contig_2	2885	0
contig_2	2886	0
contig_2	2887	0
contig_2	2888	0
contig_2	2889	0
contig_2	2890	0
contig_2	2891	0
contig_2	2892	0
contig_2	2893	0
contig_2	2894	0
contig_2	2895	0
contig_2	2896	0
contig_2	2897	0
contig_2	2898	0
contig_2	2899	0
contig_2	2900	0
contig_2	2901	0
contig_2	2902	0
contig_2	2903	0
contig_2	2904	0
contig_2	2905	0
contig_2	2906	0
contig_2	2907	0
contig_2	2908	0
contig_2	2909	0
contig_2	2910	0
contig_2	2911	0
contig_2	2912	0
contig_2	2913	0
contig_2	2914	0
contig_2	2915	0
contig_2	2916	0
contig_2	2917	0
contig_2	2918	0
contig_2	2919	0
contig_2	2920	0
contig_2	2921	0
contig_2	2922	0
contig_2	2923	0
contig_2	2924	0
contig_2	2925	0
contig_2	2926	0
contig_2	2927	0
contig_2	2928	0
contig_2	2929	0
contig_2	2930	0
contig_2	2931	0
contig_2	2932	0
contig_2	2933	0
contig_2	2934	0
contig_2	2935	0
contig_2	2936	0
contig_2	2937	0
contig_2	2938	0
contig_2	2939	0
contig_2	2940	0
contig_2	2941	0
contig_2	2942	0
contig_2	2943	0
contig_2	2944	0
contig_2	2945	0
contig_2	2946	0
contig_2	2947	0
contig_2	2948	0
contig_2	2949	0
contig_2	2950	0
contig_2	2951	0
contig_2	2952	0
contig_2	2953	0
contig_2	2954	0
contig_2	2955	0
contig_2	2956	0
contig_2	2957	0
contig_2	2958	0
contig_2	2959	0
contig_2	2960	0
contig_2	2961	0
contig_2	2962	0
contig_2	2963	0
contig_2	2964	0
contig_2	2965	0
contig_2	2966	0
contig_2	2967	0
contig_2	2968	0
contig_2	2969	0
contig_2	2970	0
contig_2	2971	0
contig_2	2972	0
contig_2	2973	0
contig_2	2974	0
contig_2	2975	0
contig_2	2976	0
contig_2	2977	0
contig_2	2978	0
contig_2	2979	0
contig_2	2980	0
contig_2	2981	0
contig_2	2982	0
contig_2	2983	0
contig_2	2984	0
contig_2	2985	0
contig_2	2986	0
contig_2	2987	0
contig_2	2988	0
contig_2	2989	0
contig_2	2990	0
contig_2	2991	0
contig_2	2992	0
contig_2	2993	0
contig_2	2994	0
contig_2	2995	0
contig_2	2996	0
contig_2	2997	0
contig_2	2998	0
contig_2	2999	0
contig_2	3000	0
contig_2	3001	0
contig_2	3002	0
contig_2	3003	0
contig_2	3004	0
contig_2	3005	0
contig_2	3006	0
contig_2	3007	0
contig_2	3008	0
contig_2	3009	0
contig_2	3010	0
contig_2	3011	0
contig_2	3012	0
contig_2	3013	0
contig_2	3014	0
contig_2	3015	0
contig_2	3016	0
contig_2	3017	0
contig_2	3018	0
contig_2	3019	0
contig_2	3020	0
contig_2	3021	0
contig_2	3022	0
contig_2	3023	0
contig_2	3024	0
contig_2	3025	0
contig_2	3026	0
contig_2	3027	0
contig_2	3028	0
contig_2	3029	0
contig_2	3030	0
contig_2	3031	0
contig_2	3032	0
contig_2	3033	0
contig_2	3034	0
contig_2	3035	0
contig_2	3036	0
contig_2	3037	0
contig_2	3038	0
contig_2	3039	0
contig_2	3040	0
contig_2	3041	0
contig_2	3042	0
contig_2	3043	0
contig_2	3044	0
contig_2	3045	0
contig_2	3046	0
contig_2	3047	0
contig_2	3048	0
contig_2	3049	0
contig_2	3050	0
contig_2	3051	0
contig_2	3052	0
contig_2	3053	0
contig_2	3054	0
contig_2	3055	0
contig_2	3056	0
contig_2	3057	0
contig_2	3058	0
contig_2	3059	0
contig_2	3060	0
contig_2	3061	0
contig_2	3062	0
contig_2	3063	0
contig_2	3064	0
contig_2	3065	0
contig_2	3066	0
contig_2	3067	0
contig_2	3068	0
contig_2	3069	0
contig_2	3070	0
contig_2	3071	0
contig_2	3072	0
contig_2	3073	0
contig_2	3074	0
contig_2	3075	0
contig_2	3076	0
contig_2	3077	0
contig_2	3078	0
contig_2	3079	0
contig_2	3080	0
contig_2	3081	0
contig_2	3082	0
contig_2	3083	0
contig_2	3084	0
contig_2	3085	0
contig_2	3086	0
contig_2	3087	0
contig_2	3088	0
contig_2	3089	0
contig_2	3090	0
contig_2	3091	0
contig_2	3092	0
contig_2	3093	0
contig_2	3094	0
contig_2	3095	0
contig_2	3096	0
contig_2	3097	0
contig_2	3098	0
contig_2	3099	0
contig_2	3100	0
contig_2	3101	0
contig_2	3102	0
contig_2	3103	0
contig_2	3104	0
contig_2	3105	0
contig_2	3106	0
contig_2	3107	0
contig_2	3108	0
contig_2	3109	0
contig_2	3110	0
contig_2	3111	0
contig_2	3112	0
contig_2	3113	0
contig_2	3114	0
contig_2	3115	0
contig_2	3116	0
contig_2	3117	0
contig_2	3118	0
contig_2	3119	0
contig_2	3120	0
contig_2	3121	0
contig_2	3122	0
contig_2	3123	0
contig_2	3124	0
contig_2	3125	0
contig_2	3126	0
contig_2	3127	0
contig_2	3128	0
contig_2	3129	0
contig_2	3130	0
contig_2	3131	0
contig_2	3132	0
contig_2	3133	0
contig_2	3134	0
contig_2	3135	0
contig_2	3136	0
contig_2	3137	0
contig_2	3138	0
contig_2	3139	0
contig_2	3140	0
contig_2	3141	0
contig_2	3142	0
contig_2	3143	0
contig_2	3144	0
contig_2	3145	0
contig_2	3146	0
contig_2	3147	0
contig_2	3148	0
contig_2	3149	0
contig_2	3150	0
contig_2	3151	0
contig_2	3152	0
contig_2	3153	0
contig_2	3154	0
contig_2	3155	0
contig_2	3156	0
contig_2	3157	0
contig_2	3158	0
contig_2	3159	0
contig_2	3160	0
contig_2	3161	0
contig_2	3162	0
contig_2	3163	0
contig_2	3164	0
contig_2	3165	0
contig_2	3166	0
contig_2	3167	0
contig_2	3168	0
contig_2	3169	0
contig_2	3170	0
contig_2	3171	0
contig_2	3172	0
contig_2	3173	0
contig_2	3174	0
contig_2	3175	0
contig_2	3176	0
contig_2	3177	0
contig_2	3178	0
contig_2	3179	0
contig_2	3180	0
contig_2	3181	0
contig_2	3182	0
contig_2	3183	0
contig_2	3184	0
contig_2	3185	0
contig_2	3186	0
contig_2	3187	0
contig_2	3188	0
contig_2	3189	0
contig_2	3190	0
contig_2	3191	0
contig_2	3192	0
contig_2	3193	0
contig_2	3194	0
contig_2	3195	0
contig_2	3196	0
contig_2	3197	0
contig_2	3198	0
contig_2	3199	0
contig_2	3200	0
contig_2	3201	0
contig_2	3202	0
contig_2	3203	0
contig_2	3204	0
contig_2	3205	0
contig_2	3206	0
contig_2	3207	0
contig_2	3208	0
contig_2	3209	0
contig_2	3210	0
contig_2	3211	0
contig_2	3212	0
contig_2	3213	0
contig_2	3214	0
contig_2	3215	0
contig_2	3216	0
contig_2	3217	0
contig_2	3218	0
contig_2	3219	0
contig_2	3220	0
contig_2	3221	0
contig_2	3222	0
contig_2	3223	0
contig_2	3224	0
contig_2	3225	0
contig_2	3226	0
contig_2	3227	0
contig_2	3228	0
contig_2	3229	0
contig_2	3230	0
contig_2	3231	0
contig_2	3232	0
contig_2	3233	0
contig_2	3234	0
contig_2	3235	0
contig_2	3236	0
contig_2	3237	0
contig_2	3238	0
contig_2	3239	0
contig_2	3240	0
contig_2	3241	0
contig_2	3242	0
contig_2	3243	0
contig_2	3244	0
contig_2	3245	0
contig_2	3246	0
contig_2	3247	0
contig_2	3248	0
contig_2	3249	0
contig_2	3250	0
contig_2	3251	0
contig_2	3252	0
contig_2	3253	0
contig_2	3254	0
contig_2	3255	0
contig_2	3256	0
contig_2	3257	0
contig_2	3258	0
contig_2	3259	0
contig_2	3260	0
contig_2	3261	0
contig_2	3262	0
contig_2	3263	0
contig_2	3264	0
contig_2	3265	0
contig_2	3266	0
contig_2	3267	0
contig_2	3268	0
contig_2	3269	0
contig_2	3270	0
contig_2	3271	0
contig_2	3272	0
contig_2	3273	0
contig_2	3274	0
contig_2	3275	0
contig_2	3276	0
contig_2	3277	0
contig_2	3278	0
contig_2	3279	0
contig_2	3280	0
contig_2	3281	0
contig_2	3282	0
contig_2	3283	0
contig_2	3284	0
contig_2	3285	0
contig_2	3286	0
contig_2	3287	0
contig_2	3288	0
contig_2	3289	0
contig_2	3290	0
contig_2	3291	0
contig_2	3292	0
contig_2	3293	0
contig_2	3294	0
contig_2	3295	0
contig_2	3296	0
contig_2	3297	0
contig_2	3298	0
contig_2	3299	0
contig_2	3300	0
contig_2	3301	0
contig_2	3302	0
contig_2	3303	0
contig_2	3304	0
contig_2	3305	0
contig_2	3306	0
contig_2	3307	0
contig_2	3308	0
contig_2	3309	0
contig_2	3310	0
contig_2	3311	0
contig_2	3312	0
contig_2	3313	0
contig_2	3314	0
contig_2	3315	0
contig_2	3316	0
contig_2	3317	0
contig_2	3318	0
contig_2	3319	0
contig_2	3320	0
contig_2	3321	0
contig_2	3322	0
contig_2	3323	0
contig_2	3324	0
contig_2	3325	0
contig_2	3326	0
contig_2	3327	0
contig_2	3328	0
contig_2	3329	0
contig_2	3330	0
contig_2	3331	0
contig_2	3332	0
contig_2	3333	0
contig_2	3334	0
contig_2	3335	0
contig_2	3336	0
contig_2	3337	0
contig_2	3338	0
contig_2	3339	0
contig_2	3340	0
contig_2	3341	0
contig_2	3342	0
contig_2	3343	0
contig_2	3344	0
contig_2	3345	0
contig_2	3346	0
contig_2	3347	0
contig_2	3348	0
contig_2	3349	0
contig_2	3350	0
contig_2	3351	0
contig_2	3352	0
contig_2	3353	0
contig_2	3354	0
contig_2	3355	0
contig_2	3356	0
contig_2	3357	0
contig_2	3358	0
contig_2	3359	0
contig_2	3360	0
contig_2	3361	0
contig_2	3362	0
contig_2	3363	0
contig_2	3364	0
contig_2	3365	0
contig_2	3366	0
contig_2	3367	0
contig_2	3368	0
contig_2	3369	0
contig_2	3370	0
contig_2	3371	0
contig_2	3372	0
contig_2	3373	0
contig_2	3374	0
contig_2	3375	0
contig_2	3376	0
contig_2	3377	0
contig_2	3378	0
contig_2	3379	0
contig_2	3380	0
contig_2	3381	0
contig_2	3382	0
contig_2	3383	0
contig_2	3384	0
contig_2	3385	0
contig_2	3386	0
contig_2	3387	0
contig_2	3388	0
contig_2	3389	0
contig_2	3390	0
contig_2	3391	0
contig_2	3392	0
contig_2	3393	0
contig_2	3394	0
contig_2	3395	0
contig_2	3396	0
contig_2	3397	0
contig_2	3398	0
contig_2	3399	0
contig_2	3400	0
contig_2	3401	0
contig_2	3402	0
contig_2	3403	0
contig_2	3404	0
contig_2	3405	0
contig_2	3406	0
contig_2	3407	0
contig_2	3408	0
contig_2	3409	0
contig_2	3410	0
contig_2	3411	0
contig_2	3412	0
contig_2	3413	0
contig_2	3414	0
contig_2	3415	0
contig_2	3416	0
contig_2	3417	0
contig_2	3418	0
contig_2	3419	0
contig_2	3420	0
contig_2	3421	0
contig_2	3422	0
contig_2	3423	0
contig_2	3424	0
contig_2	3425	0
contig_2	3426	0
contig_2	3427	0
contig_2	3428	0
contig_2	3429	0
contig_2	3430	0
contig_2	3431	0
contig_2	3432	0
contig_2	3433	0
contig_2	3434	0
contig_2	3435	0
contig_2	3436	0
contig_2	3437	0
contig_2	3438	0
contig_2	3439	0
contig_2	3440	0
contig_2	3441	0
contig_2	3442	0
contig_2	3443	0
contig_2	3444	0
contig_2	3445	0
contig_2	3446	0
contig_2	3447	0
contig_2	3448	0
contig_2	3449	0
contig_2	3450	0
contig_2	3451	0
contig_2	3452	0
contig_2	3453	0
contig_2	3454	0
contig_2	3455	0
contig_2	3456	0
contig_2	3457	0
contig_2	3458	0
contig_2	3459	0
contig_2	3460	0
contig_2	3461	0
contig_2	3462	0
contig_2	3463	0
contig_2	3464	0
contig_2	3465	0
contig_2	3466	0
contig_2	3467	0
contig_2	3468	0
contig_2	3469	0
contig_2	3470	0
contig_2	3471	0
contig_2	3472	0
contig_2	3473	0
contig_2	3474	0
contig_2	3475	0
contig_2	3476	0
contig_2	3477	0
contig_2	3478	0
contig_2	3479	0
contig_2	3480	0
contig_2	3481	0
contig_2	3482	0
contig_2	3483	0
contig_2	3484	0
contig_2	3485	0
contig_2	3486	0
contig_2	3487	0
contig_2	3488	0
contig_2	3489	0
contig_2	3490	0
contig_2	3491	0
contig_2	3492	0
contig_2	3493	0
contig_2	3494	0
contig_2	3495	0
contig_2	3496	0
contig_2	3497	0
contig_2	3498	0
contig_2	3499	0
contig_2	3500	0
contig_2	3501	0
contig_2	3502	0
contig_2	3503	0
contig_2	3504	0
contig_2	3505	0
contig_2	3506	0
contig_2	3507	0
contig_2	3508	0
contig_2	3509	0
contig_2	3510	0
contig_2	3511	0
contig_2	3512	0
contig_2	3513	0
contig_2	3514	0
contig_2	3515	0
contig_2	3516	0
contig_2	3517	0
contig_2	3518	0
contig_2	3519	0
contig_2	3520	0
contig_2	3521	0
contig_2	3522	0
contig_2	3523	0
contig_2	3524	0
contig_2	3525	0
contig_2	3526	0
contig_2	3527	0
contig_2	3528	0
contig_2	3529	0
contig_2	3530	0
contig_2	3531	0
contig_2	3532	0
contig_2	3533	0
contig_2	3534	0
contig_2	3535	0
contig_2	3536	0
contig_2	3537	0
contig_2	3538	0
contig_2	3539	0
contig_2	3540	0
contig_2	3541	0
contig_2	3542	0
contig_2	3543	0
contig_2	3544	0
contig_2	3545	0
contig_2	3546	0
contig_2	3547	0
contig_2	3548	0
contig_2	3549	0
contig_2	3550	0
contig_2	3551	0
contig_2	3552	0
contig_2	3553	0
contig_2	3554	0
contig_2	3555	0
contig_2	3556	0
contig_2	3557	0
contig_2	3558	0
contig_2	3559	0
contig_2	3560	0
contig_2	3561	0
contig_2	3562	0
contig_2	3563	0
contig_2	3564	0
contig_2	3565	0
contig_2	3566	0
contig_2	3567	0
contig_2	3568	0
contig_2	3569	0
contig_2	3570	0
contig_2	3571	0
contig_2	3572	0
contig_2	3573	0
contig_2	3574	0
contig_2	3575	0
contig_2	3576	0
contig_2	3577	0
contig_2	3578	0
contig_2	3579	0
contig_2	3580	0
contig_2	3581	0
contig_2	3582	0
contig_2	3583	0
contig_2	3584	0
contig_2	3585	0
contig_2	3586	0
contig_2	3587	0
contig_2	3588	0
contig_2	3589	0
contig_2	3590	0
contig_2	3591	0
contig_2	3592	0
contig_2	3593	0
contig_3	1	1
contig_3	2	2
contig_3	3	2
contig_3	4	3
contig_3	5	4
contig_3	6	4
contig_3	7	4
contig_3	8	5
contig_3	9	5
contig_3	10	7
contig_3	11	10
contig_3	12	10
contig_3	13	11
contig_3	14	12
contig_3	15	14
contig_3	16	15
contig_3	17	18
contig_3	18	18
contig_3	19	21
contig_3	20	21
contig_3	21	22
contig_3	22	24
contig_3	23	24
contig_3	24	26
contig_3	25	26
contig_3	26	26
contig_3	27	26
contig_3	28	29
contig_3	29	30
contig_3	30	31
contig_3	31	31
contig_3	32	31
contig_3	33	30
contig_3	34	31
contig_3	35	33
contig_3	36	33
contig_3	37	33
contig_3	38	33
contig_3	39	32
contig_3	40	34
contig_3	41	35
contig_3	42	35
contig_3	43	37
contig_3	44	37
contig_3	45	37
contig_3	46	40
contig_3	47	39
contig_3	48	40
contig_3	49	42
contig_3	50	43
contig_3	51	46
contig_3	52	48
contig_3	53	48
contig_3	54	49
contig_3	55	50
contig_3	56	51
contig_3	57	53
contig_3	58	55
contig_3	59	55
contig_3	60	57
contig_3	61	58
contig_3	62	58
contig_3	63	57
contig_3	64	64
contig_3	65	65
contig_3	66	66
contig_3	67	65
contig_3	68	68
contig_3	69	72
contig_3	70	75
contig_3	71	76
contig_3	72	78
contig_3	73	79
contig_3	74	77
contig_3	75	80
contig_3	76	78
contig_3	77	79
contig_3	78	78
contig_3	79	81
contig_3	80	83
contig_3	81	87
contig_3	82	86
contig_3	83	86
contig_3	84	87
contig_3	85	88
contig_3	86	93
contig_3	87	90
contig_3	88	90
contig_3	89	94
contig_3	90	91
contig_3	91	95
contig_3	92	97
contig_3	93	98
contig_3	94	104
contig_3	95	106
contig_3	96	104
contig_3	97	102
contig_3	98	106
contig_3	99	106
contig_3	100	107
contig_3	101	107
contig_3	102	110
contig_3	103	113
contig_3	104	113
contig_3	105	115
contig_3	106	115
contig_3	107	115
contig_3	108	120
contig_3	109	121
contig_3	110	120
contig_3	111	123
contig_3	112	123
contig_3	113	124
contig_3	114	131
contig_3	115	135
contig_3	116	139
contig_3	117	139
contig_3	118	135
contig_3	119	142
contig_3	120	144
contig_3	121	136
contig_3	122	149
contig_3	123	148
contig_3	124	152
contig_3	125	160
contig_3	126	164
contig_3	127	161
contig_3	128	169
contig_3	129	175
contig_3	130	176
contig_3	131	178
contig_3	132	177
contig_3	133	176
contig_3	134	174
contig_3	135	160
contig_3	136	174
contig_3	137	176
contig_3	138	172
contig_3	139	182
contig_3	140	179
contig_3	141	187
contig_3	142	181
contig_3	143	187
contig_3	144	188
contig_3	145	188
contig_3	146	193
contig_3	147	197
contig_3	148	200
contig_3	149	201
contig_3	150	199
contig_3	151	202
contig_3	152	210
contig_3	153	204
contig_3	154	211
contig_3	155	210
contig_3	156	197
contig_3	157	215
contig_3	158	222
contig_3	159	224
contig_3	160	220
contig_3	161	214
contig_3	162	220
contig_3	163	211
contig_3	164	220
contig_3	165	216
contig_3	166	219
contig_3	167	222
contig_3	168	219
contig_3	169	215
contig_3	170	207
contig_3	171	229
contig_3	172	222
contig_3	173	232
contig_3	174	237
contig_3	175	237
contig_3	176	244
contig_3	177	233
contig_3	178	247
contig_3	179	245
contig_3	180	250
contig_3	181	256
contig_3	182	247
contig_3	183	255
contig_3	184	259
contig_3	185	261
contig_3	186	261
contig_3	187	259
contig_3	188	262
contig_3	189	266
contig_3	190	274
contig_3	191	273
contig_3	192	272
contig_3	193	273
contig_3	194	276
contig_3	195	273
contig_3	196	276
contig_3	197	273
contig_3	198	276
contig_3	199	276
contig_3	200	277
contig_3	201	273
contig_3	202	260
contig_3	203	268
contig_3	204	276
contig_3	205	276
contig_3	206	269
contig_3	207	269
contig_3	208	278
contig_3	209	275
contig_3	210	274
contig_3	211	273
contig_3	212	276
contig_3	213	273
contig_3	214	274
contig_3	215	279
contig_3	216	279
contig_3	217	266
contig_3	218	277
contig_3	219	279
contig_3	220	270
contig_3	221	268
contig_3	222	273
contig_3	223	277
contig_3	224	281
contig_3	225	281
contig_3	226	280
contig_3	227	279
contig_3	228	283
contig_3	229	285
contig_3	230	285
contig_3	231	287
contig_3	232	291
contig_3	233	289
contig_3	234	292
contig_3	235	289
contig_3	236	274
contig_3	237	294
contig_3	238	277
contig_3	239	307
contig_3	240	303
contig_3	241	302
contig_3	242	301
contig_3	243	295
contig_3	244	282
contig_3	245	303
contig_3	246	303
contig_3	247	310
contig_3	248	305
contig_3	249	313
contig_3	250	313
contig_3	251	304
contig_3	252	312
contig_3	253	313
contig_3	254	312
contig_3	255	310
contig_3	256	313
contig_3	257	302
contig_3	258	298
contig_3	259	309
contig_3	260	303
contig_3	261	307
contig_3	262	303
contig_3	263	293
contig_3	264	294
contig_3	265	295
contig_3	266	305
contig_3	267	299
contig_3	268	297
contig_3	269	307
contig_3	270	297
contig_3	271	294
contig_3	272	306
contig_3	273	311
contig_3	274	304
contig_3	275	307
contig_3	276	305
contig_3	277	302
contig_3	278	302
contig_3	279	300
contig_3	280	309
contig_3	281	307
contig_3	282	308
contig_3	283	302
contig_3	284	295
contig_3	285	303
contig_3	286	303
contig_3	287	310
contig_3	288	307
contig_3	289	303
contig_3	290	313
contig_3	291	316
contig_3	292	315
contig_3	293	315
contig_3	294	317
contig_3	295	316
contig_3	296	305
contig_3	297	304
contig_3	298	305
contig_3	299	309
contig_3	300	306
contig_3	301	294
contig_3	302	303
contig_3	303	297
contig_3	304	290
contig_3	305	295
contig_3	306	285
contig_3	307	298
contig_3	308	305
contig_3	309	309
contig_3	310	304
contig_3	311	311
contig_3	312	314
contig_3	313	312
contig_3	314	310
contig_3	315	314
contig_3	316	315
contig_3	317	308
contig_3	318	313
contig_3	319	321
contig_3	320	310
contig_3	321	316
contig_3	322	314
contig_3	323	316
contig_3	324	314
contig_3	325	306
contig_3	326	304
contig_3	327	308
contig_3	328	314
contig_3	329	308
contig_3	330	307
contig_3	331	306
contig_3	332	302
contig_3	333	302
contig_3	334	304
contig_3	335	304
contig_3	336	313
contig_3	337	312
contig_3	338	310
contig_3	339	316
contig_3	340	310
contig_3	341	315
contig_3	342	309
contig_3	343	309
contig_3	344	296
contig_3	345	301
contig_3	346	308
contig_3	347	312
contig_3	348	309
contig_3	349	310
contig_3	350	313
contig_3	351	313
contig_3	352	315
contig_3	353	311
contig_3	354	310
contig_3	355	317
contig_3	356	320
contig_3	357	317
contig_3	358	311
contig_3	359	322
contig_3	360	325
contig_3	361	328
contig_3	362	332
contig_3	363	331
contig_3	364	327
contig_3	365	329
contig_3	366	334
contig_3	367	334
contig_3	368	327
contig_3	369	338
contig_3	370	334
contig_3	371	333
contig_3	372	337
contig_3	373	326
contig_3	374	332
contig_3	375	335
contig_3	376	335
contig_3	377	333
contig_3	378	339
contig_3	379	339
contig_3	380	332
contig_3	381	330
contig_3	382	333
contig_3	383	324
contig_3	384	325
contig_3	385	325
contig_3	386	325
contig_3	387	318
contig_3	388	308
contig_3	389	313
contig_3	390	312
contig_3	391	314
contig_3	392	316
contig_3	393	314
contig_3	394	318
contig_3	395	320
contig_3	396	313
contig_3	397	320
contig_3	398	334
contig_3	399	335
contig_3	400	334
contig_3	401	338
contig_3	402	337
contig_3	403	332
contig_3	404	338
contig_3	405	337
contig_3	406	337
contig_3	407	331
contig_3	408	338
contig_3	409	343
contig_3	410	349
contig_3	411	351
contig_3	412	353
contig_3	413	354
contig_3	414	353
contig_3	415	358
contig_3	416	353
contig_3	417	353
contig_3	418	352
contig_3	419	356
contig_3	420	355
contig_3	421	354
contig_3	422	354
contig_3	423	352
contig_3	424	358
contig_3	425	356
contig_3	426	358
contig_3	427	359
contig_3	428	363
contig_3	429	364
contig_3	430	350
contig_3	431	350
contig_3	432	366
contig_3	433	363
contig_3	434	357
contig_3	435	360
contig_3	436	362
contig_3	437	365
contig_3	438	366
contig_3	439	353
contig_3	440	355
contig_3	441	365
contig_3	442	369
contig_3	443	375
contig_3	444	374
contig_3	445	382
contig_3	446	386
contig_3	447	384
contig_3	448	385
contig_3	449	385
contig_3	450	385
contig_3	451	382
contig_3	452	377
contig_3	453	385
contig_3	454	379
contig_3	455	363
contig_3	456	373
contig_3	457	382
contig_3	458	375
contig_3	459	373
contig_3	460	382
contig_3	461	384
contig_3	462	380
contig_3	463	373
contig_3	464	360
contig_3	465	372
contig_3	466	376
contig_3	467	374
contig_3	468	376
contig_3	469	369
contig_3	470	364
contig_3	471	372
contig_3	472	366
contig_3	473	359
contig_3	474	369
contig_3	475	371
contig_3	476	370
contig_3	477	374
contig_3	478	371
contig_3	479	370
contig_3	480	380
contig_3	481	381
contig_3	482	388
contig_3	483	385
contig_3	484	381
contig_3	485	386
contig_3	486	383
contig_3	487	382
contig_3	488	382
contig_3	489	376
contig_3	490	367
contig_3	491	371
contig_3	492	372
contig_3	493	372
contig_3	494	371
contig_3	495	374
contig_3	496	375
contig_3	497	373
contig_3	498	373
contig_3	499	379
contig_3	500	382
contig_3	501	381
contig_3	502	383
contig_3	503	383
contig_3	504	386
contig_3	505	381
contig_3	506	388
contig_3	507	391
contig_3	508	383
contig_3	509	378
contig_3	510	381
contig_3	511	382
contig_3	512	378
contig_3	513	372
contig_3	514	374
contig_3	515	373
contig_3	516	370
contig_3	517	364
contig_3	518	369
contig_3	519	373
contig_3	520	367
contig_3	521	359
contig_3	522	372
contig_3	523	367
contig_3	524	357
contig_3	525	376
contig_3	526	375
contig_3	527	373
contig_3	528	374
contig_3	529	370
contig_3	530	374
contig_3	531	374
contig_3	532	374
contig_3	533	371
contig_3	534	380
contig_3	535	391
contig_3	536	389
contig_3	537	391
contig_3	538	389
contig_3	539	396
contig_3	540	398
contig_3	541	393
contig_3	542	392
contig_3	543	391
contig_3	544	389
contig_3	545	381
contig_3	546	379
contig_3	547	374
contig_3	548	375
contig_3	549	374
contig_3	550	370
contig_3	551	371
contig_3	552	372
contig_3	553	374
contig_3	554	372
contig_3	555	374
contig_3	556	373
contig_3	557	370
contig_3	558	369
contig_3	559	375
contig_3	560	379
contig_3	561	378
contig_3	562	370
contig_3	563	368
contig_3	564	355
contig_3	565	369
contig_3	566	372
contig_3	567	370
contig_3	568	373
contig_3	569	377
contig_3	570	365
contig_3	571	368
contig_3	572	368
contig_3	573	367
contig_3	574	369
contig_3	575	366
contig_3	576	368
contig_3	577	364
contig_3	578	359
contig_3	579	365
contig_3	580	360
contig_3	581	365
contig_3	582	357
contig_3	583	355
contig_3	584	356
contig_3	585	360
contig_3	586	366
contig_3	587	364
contig_3	588	365
contig_3	589	360
contig_3	590	360
contig_3	591	371
contig_3	592	369
contig_3	593	370
contig_3	594	370
contig_3	595	366
contig_3	596	356
contig_3	597	359
contig_3	598	363
contig_3	599	363
contig_3	600	357
contig_3	601	361
contig_3	602	361
contig_3	603	357
contig_3	604	364
contig_3	605	367
contig_3	606	364
contig_3	607	367
contig_3	608	360
contig_3	609	356
contig_3	610	360
contig_3	611	360
contig_3	612	363
contig_3	613	363
contig_3	614	352
contig_3	615	363
contig_3	616	364
contig_3	617	366
contig_3	618	363
contig_3	619	361
contig_3	620	352
contig_3	621	352
contig_3	622	359
contig_3	623	360
contig_3	624	357
contig_3	625	356
contig_3	626	358
contig_3	627	366
contig_3	628	364
contig_3	629	359
contig_3	630	357
contig_3	631	357
contig_3	632	349
contig_3	633	348
contig_3	634	350
contig_3	635	347
contig_3	636	342
contig_3	637	340
contig_3	638	339
contig_3	639	342
contig_3	640	341
contig_3	641	342
contig_3	642	340
contig_3	643	339
contig_3	644	340
contig_3	645	341
contig_3	646	340
contig_3	647	341
contig_3	648	342
contig_3	649	338
contig_3	650	336
contig_3	651	337
contig_3	652	335
contig_3	653	334
contig_3	654	326
contig_3	655	326
contig_3	656	327
contig_3	657	324
contig_3	658	322
contig_3	659	321
contig_3	660	322
contig_3	661	319
contig_3	662	319
contig_3	663	317
contig_3	664	317
contig_3	665	315
contig_3	666	319
contig_3	667	319
contig_3	668	319
contig_3	669	317
contig_3	670	310
contig_3	671	313
contig_3	672	312
contig_3	673	305
contig_3	674	307
contig_3	675	309
contig_3	676	304
contig_3	677	302
contig_3	678	308
contig_3	679	306
contig_3	680	303
contig_3	681	304
contig_3	682	302
contig_3	683	300
contig_3	684	297
contig_3	685	294
contig_3	686	289
contig_3	687	291
contig_3	688	291
contig_3	689	286
contig_3	690	288
contig_3	691	288
contig_3	692	286
contig_3	693	288
contig_3	694	280
contig_3	695	283
contig_3	696	281
contig_3	697	286
contig_3	698	282
contig_3	699	282
contig_3	700	278
contig_3	701	278
contig_3	702	277
contig_3	703	271
contig_3	704	276
contig_3	705	276
contig_3	706	275
contig_3	707	272
contig_3	708	273
contig_3	709	268
contig_3	710	264
contig_3	711	265
contig_3	712	263
contig_3	713	261
contig_3	714	260
contig_3	715	258
contig_3	716	258
contig_3	717	253
contig_3	718	251
contig_3	719	247
contig_3	720	246
contig_3	721	248
contig_3	722	246
contig_3	723	239
contig_3	724	239
contig_3	725	240
contig_3	726	235
contig_3	727	228
contig_3	728	231
contig_3	729	231
contig_3	730	232
contig_3	731	230
contig_3	732	228
contig_3	733	221
contig_3	734	223
contig_3	735	223
contig_3	736	211
contig_3	737	197
contig_3	738	203
contig_3	739	205
contig_3	740	207
contig_3	741	201
contig_3	742	195
contig_3	743	197
contig_3	744	197
contig_3	745	189
contig_3	746	192
contig_3	747	184
contig_3	748	182
contig_3	749	176
contig_3	750	179
contig_3	751	180
contig_3	752	180
contig_3	753	176
contig_3	754	171
contig_3	755	174
contig_3	756	173
contig_3	757	175
contig_3	758	173
contig_3	759	166
contig_3	760	161
contig_3	761	164
contig_3	762	163
contig_3	763	155
contig_3	764	154
contig_3	765	155
contig_3	766	150
contig_3	767	151
contig_3	768	152
contig_3	769	150
contig_3	770	144
contig_3	771	147
contig_3	772	145
contig_3	773	146
contig_3	774	144
contig_3	775	145
contig_3	776	142
contig_3	777	134
contig_3	778	128
contig_3	779	128
contig_3	780	128
contig_3	781	127
contig_3	782	126
contig_3	783	125
contig_3	784	121
contig_3	785	109
contig_3	786	126
contig_3	787	127
contig_3	788	122
contig_3	789	124
contig_3	790	124
contig_3	791	125
contig_3	792	125
contig_3	793	127
contig_3	794	132
contig_3	795	132
contig_3	796	134
contig_3	797	133
contig_3	798	132
contig_3	799	130
contig_3	800	127
contig_3	801	117
contig_3	802	112
contig_3	803	120
contig_3	804	118
contig_3	805	116
contig_3	806	114
contig_3	807	113
contig_3	808	115
contig_3	809	114
contig_3	810	117
contig_3	811	114
contig_3	812	111
contig_3	813	110
contig_3	814	110
contig_3	815	107
contig_3	816	102
contig_3	817	103
contig_3	818	105
contig_3	819	103
contig_3	820	103
contig_3	821	104
contig_3	822	100
contig_3	823	102
contig_3	824	99
contig_3	825	98
contig_3	826	96
contig_3	827	97
contig_3	828	96
contig_3	829	94
contig_3	830	95
contig_3	831	94
contig_3	832	94
contig_3	833	93
contig_3	834	95
contig_3	835	89
contig_3	836	92
contig_3	837	93
contig_3	838	91
contig_3	839	93
contig_3	840	91
contig_3	841	90
contig_3	842	92
contig_3	843	91
contig_3	844	91
contig_3	845	90
contig_3	846	91
contig_3	847	90
contig_3	848	88
contig_3	849	92
contig_3	850	90
contig_3	851	92
contig_3	852	90
contig_3	853	90
contig_3	854	93
contig_3	855	93
contig_3	856	94
contig_3	857	92
contig_3	858	95
contig_3	859	91
contig_3	860	89
contig_3	861	93
contig_3	862	97
contig_3	863	95
contig_3	864	98
contig_3	865	98
contig_3	866	97
contig_3	867	98
contig_3	868	100
contig_3	869	100
contig_3	870	100
contig_3	871	107
contig_3	872	109
contig_3	873	113
contig_3	874	117
contig_3	875	117
contig_3	876	116
contig_3	877	119
contig_3	878	120
contig_3	879	118
contig_3	880	118
contig_3	881	120
contig_3	882	123
contig_3	883	125
contig_3	884	125
contig_3	885	128
contig_3	886	128
contig_3	887	125
contig_3	888	130
contig_3	889	130
contig_3	890	129
contig_3	891	133
contig_3	892	132
contig_3	893	133
contig_3	894	134
contig_3	895	132
contig_3	896	128
contig_3	897	136
contig_3	898	137
contig_3	899	135
contig_3	900	136
contig_3	901	134
contig_3	902	139
contig_3	903	141
contig_3	904	141
contig_3	905	139
contig_3	906	143
contig_3	907	142
contig_3	908	144
contig_3	909	141
contig_3	910	144
contig_3	911	144
contig_3	912	144
contig_3	913	146
contig_3	914	147
contig_3	915	148
contig_3	916	149
contig_3	917	150
contig_3	918	150
contig_3	919	152
contig_3	920	154
contig_3	921	154
contig_3	922	154
contig_3	923	153
contig_3	924	153
contig_3	925	158
contig_3	926	161
contig_3	927	163
contig_3	928	164
contig_3	929	170
contig_3	930	175
contig_3	931	175
contig_3	932	173
contig_3	933	178
contig_3	934	181
contig_3	935	180
contig_3	936	183
contig_3	937	182
contig_3	938	182
contig_3	939	185
contig_3	940	189
contig_3	941	191
contig_3	942	191
contig_3	943	189
contig_3	944	189
contig_3	945	191
contig_3	946	189
contig_3	947	190
contig_3	948	191
contig_3	949	193
contig_3	950	195
contig_3	951	195
contig_3	952	189
contig_3	953	190
contig_3	954	195
contig_3	955	196
contig_3	956	203
contig_3	957	205
contig_3	958	206
contig_3	959	205
contig_3	960	208
contig_3	961	207
contig_3	962	209
contig_3	963	209
contig_3	964	208
contig_3	965	206
contig_3	966	210
contig_3	967	208
contig_3	968	200
contig_3	969	207
contig_3	970	209
contig_3	971	212
contig_3	972	213
contig_3	973	215
contig_3	974	215
contig_3	975	215
contig_3	976	212
contig_3	977	217
contig_3	978	224
contig_3	979	226
contig_3	980	221
contig_3	981	222
contig_3	982	222
contig_3	983	220
contig_3	984	219
contig_3	985	223
contig_3	986	220
contig_3	987	217
contig_3	988	207
contig_3	989	219
contig_3	990	221
contig_3	991	219
contig_3	992	217
contig_3	993	217
contig_3	994	216
contig_3	995	215
contig_3	996	218
contig_3	997	220
contig_3	998	217
contig_3	999	215
contig_3	1000	212
contig_3	1001	217
contig_3	1002	217
contig_3	1003	213
contig_3	1004	214
contig_3	1005	216
contig_3	1006	217
contig_3	1007	215
contig_3	1008	221
contig_3	1009	220
contig_3	1010	222
contig_3	1011	221
contig_3	1012	215
contig_3	1013	217
contig_3	1014	212
contig_3	1015	218
contig_3	1016	222
contig_3	1017	225
contig_3	1018	225
contig_3	1019	223
contig_3	1020	235
contig_3	1021	229
contig_3	1022	226
contig_3	1023	227
contig_3	1024	220
contig_3	1025	222
contig_3	1026	225
contig_3	1027	218
contig_3	1028	221
contig_3	1029	221
contig_3	1030	210
contig_3	1031	217
contig_3	1032	218
contig_3	1033	219
contig_3	1034	221
contig_3	1035	222
contig_3	1036	222
contig_3	1037	222
contig_3	1038	224
contig_3	1039	221
contig_3	1040	222
contig_3	1041	226
contig_3	1042	228
contig_3	1043	224
contig_3	1044	231
contig_3	1045	233
contig_3	1046	234
contig_3	1047	228
contig_3	1048	231
contig_3	1049	231
contig_3	1050	235
contig_3	1051	235
contig_3	1052	232
contig_3	1053	232
contig_3	1054	238
contig_3	1055	231
contig_3	1056	238
contig_3	1057	234
contig_3	1058	238
contig_3	1059	243
contig_3	1060	242
contig_3	1061	245
contig_3	1062	245
contig_3	1063	248
contig_3	1064	252
contig_3	1065	252
contig_3	1066	258
contig_3	1067	254
contig_3	1068	256
contig_3	1069	257
contig_3	1070	256
contig_3	1071	256
contig_3	1072	255
contig_3	1073	253
contig_3	1074	256
contig_3	1075	255
contig_3	1076	252
contig_3	1077	251
contig_3	1078	247
contig_3	1079	237
contig_3	1080	238
contig_3	1081	240
contig_3	1082	245
contig_3	1083	240
contig_3	1084	238
contig_3	1085	237
contig_3	1086	239
contig_3	1087	238
contig_3	1088	242
contig_3	1089	243
contig_3	1090	238
contig_3	1091	242
contig_3	1092	243
contig_3	1093	245
contig_3	1094	242
contig_3	1095	243
contig_3	1096	246
contig_3	1097	245
contig_3	1098	246
contig_3	1099	240
contig_3	1100	236
contig_3	1101	242
contig_3	1102	243
contig_3	1103	241
contig_3	1104	239
contig_3	1105	236
contig_3	1106	244
contig_3	1107	243
contig_3	1108	241
contig_3	1109	242
contig_3	1110	243
contig_3	1111	238
contig_3	1112	242
contig_3	1113	244
contig_3	1114	238
contig_3	1115	243
contig_3	1116	239
contig_3	1117	233
contig_3	1118	239
contig_3	1119	231
contig_3	1120	237
contig_3	1121	236
contig_3	1122	241
contig_3	1123	242
contig_3	1124	242
contig_3	1125	244
contig_3	1126	249
contig_3	1127	242
contig_3	1128	238
contig_3	1129	242
contig_3	1130	236
contig_3	1131	239
contig_3	1132	238
contig_3	1133	238
contig_3	1134	238
contig_3	1135	238
contig_3	1136	232
contig_3	1137	233
contig_3	1138	238
contig_3	1139	244
contig_3	1140	244
contig_3	1141	246
contig_3	1142	247
contig_3	1143	243
contig_3	1144	244
contig_3	1145	248
contig_3	1146	244
contig_3	1147	243
contig_3	1148	240
contig_3	1149	248
contig_3	1150	250
contig_3	1151	238
contig_3	1152	238
contig_3	1153	237
contig_3	1154	249
contig_3	1155	249
contig_3	1156	247
contig_3	1157	244
contig_3	1158	249
contig_3	1159	246
contig_3	1160	244
contig_3	1161	242
contig_3	1162	231
contig_3	1163	238
contig_3	1164	239
contig_3	1165	237
contig_3	1166	227
contig_3	1167	241
contig_3	1168	228
contig_3	1169	232
contig_3	1170	221
contig_3	1171	229
contig_3	1172	218
contig_3	1173	236
contig_3	1174	238
contig_3	1175	233
contig_3	1176	235
contig_3	1177	236
contig_3	1178	237
contig_3	1179	227
contig_3	1180	217
contig_3	1181	219
contig_3	1182	232
contig_3	1183	228
contig_3	1184	224
contig_3	1185	233
contig_3	1186	230
contig_3	1187	227
contig_3	1188	232
contig_3	1189	232
contig_3	1190	230
contig_3	1191	228
contig_3	1192	222
contig_3	1193	213
contig_3	1194	221
contig_3	1195	215
contig_3	1196	215
contig_3	1197	215
contig_3	1198	202
contig_3	1199	205
contig_3	1200	196
contig_3	1201	207
contig_3	1202	213
contig_3	1203	214
contig_3	1204	209
contig_3	1205	209
contig_3	1206	208
contig_3	1207	207
contig_3	1208	210
contig_3	1209	209
contig_3	1210	201
contig_3	1211	203
contig_3	1212	205
contig_3	1213	203
contig_3	1214	201
contig_3	1215	196
contig_3	1216	194
contig_3	1217	195
contig_3	1218	194
contig_3	1219	194
contig_3	1220	190
contig_3	1221	195
contig_3	1222	198
contig_3	1223	195
contig_3	1224	190
contig_3	1225	183
contig_3	1226	178
contig_3	1227	183
contig_3	1228	178
contig_3	1229	165
contig_3	1230	178
contig_3	1231	177
contig_3	1232	178
contig_3	1233	177
contig_3	1234	174
contig_3	1235	161
contig_3	1236	170
contig_3	1237	168
contig_3	1238	173
contig_3	1239	167
contig_3	1240	166
contig_3	1241	156
contig_3	1242	163
contig_3	1243	159
contig_3	1244	160
contig_3	1245	164
contig_3	1246	163
contig_3	1247	164
contig_3	1248	160
contig_3	1249	162
contig_3	1250	158
contig_3	1251	160
contig_3	1252	161
contig_3	1253	161
contig_3	1254	158
contig_3	1255	156
contig_3	1256	159
contig_3	1257	154
contig_3	1258	155
contig_3	1259	151
contig_3	1260	152
contig_3	1261	150
contig_3	1262	150
contig_3	1263	145
contig_3	1264	153
contig_3	1265	144
contig_3	1266	149
contig_3	1267	147
contig_3	1268	148
contig_3	1269	149
contig_3	1270	145
contig_3	1271	135
contig_3	1272	129
contig_3	1273	142
contig_3	1274	139
contig_3	1275	137
contig_3	1276	134
contig_3	1277	129
contig_3	1278	136
contig_3	1279	133
contig_3	1280	132
contig_3	1281	132
contig_3	1282	134
contig_3	1283	136
contig_3	1284	132
contig_3	1285	135
contig_3	1286	133
contig_3	1287	134
contig_3	1288	129
contig_3	1289	125
contig_3	1290	122
contig_3	1291	127
contig_3	1292	130
contig_3	1293	123
contig_3	1294	123
contig_3	1295	122
contig_3	1296	129
contig_3	1297	127
contig_3	1298	129
contig_3	1299	132
contig_3	1300	128
contig_3	1301	128
contig_3	1302	131
contig_3	1303	126
contig_3	1304	126
contig_3	1305	123
contig_3	1306	120
contig_3	1307	120
contig_3	1308	118
contig_3	1309	113
contig_3	1310	120
contig_3	1311	117
contig_3	1312	118
contig_3	1313	117
contig_3	1314	118
contig_3	1315	118
contig_3	1316	112
contig_3	1317	109
contig_3	1318	108
contig_3	1319	111
contig_3	1320	107
contig_3	1321	107
contig_3	1322	107
contig_3	1323	107
contig_3	1324	104
contig_3	1325	102
contig_3	1326	112
contig_3	1327	113
contig_3	1328	111
contig_3	1329	112
contig_3	1330	116
contig_3	1331	117
contig_3	1332	118
contig_3	1333	120
contig_3	1334	119
contig_3	1335	125
contig_3	1336	125
contig_3	1337	122
contig_3	1338	124
contig_3	1339	124
contig_3	1340	122
contig_3	1341	118
contig_3	1342	117
contig_3	1343	118
contig_3	1344	116
contig_3	1345	115
contig_3	1346	114
contig_3	1347	120
contig_3	1348	124
contig_3	1349	125
contig_3	1350	128
contig_3	1351	127
contig_3	1352	128
contig_3	1353	129
contig_3	1354	128
contig_3	1355	130
contig_3	1356	130
contig_3	1357	129
contig_3	1358	131
contig_3	1359	131
contig_3	1360	131
contig_3	1361	134
contig_3	1362	134
contig_3	1363	136
contig_3	1364	135
contig_3	1365	136
contig_3	1366	135
contig_3	1367	138
contig_3	1368	136
contig_3	1369	137
contig_3	1370	136
contig_3	1371	138
contig_3	1372	135
contig_3	1373	138
contig_3	1374	137
contig_3	1375	137
contig_3	1376	137
contig_3	1377	140
contig_3	1378	141
contig_3	1379	142
contig_3	1380	139
contig_3	1381	140
contig_3	1382	140
contig_3	1383	139
contig_3	1384	137
contig_3	1385	141
contig_3	1386	146
contig_3	1387	148
contig_3	1388	151
contig_3	1389	155
contig_3	1390	155
contig_3	1391	156
contig_3	1392	151
contig_3	1393	155
contig_3	1394	158
contig_3	1395	153
contig_3	1396	155
contig_3	1397	156
contig_3	1398	157
contig_3	1399	157
contig_3	1400	160
contig_3	1401	160
contig_3	1402	159
contig_3	1403	159
contig_3	1404	160
contig_3	1405	163
contig_3	1406	164
contig_3	1407	163
contig_3	1408	165
contig_3	1409	168
contig_3	1410	166
contig_3	1411	173
contig_3	1412	169
contig_3	1413	171
contig_3	1414	170
contig_3	1415	168
contig_3	1416	172
contig_3	1417	172
contig_3	1418	173
contig_3	1419	174
contig_3	1420	172
contig_3	1421	176
contig_3	1422	174
contig_3	1423	173
contig_3	1424	177
contig_3	1425	178
contig_3	1426	178
contig_3	1427	173
contig_3	1428	172
contig_3	1429	180
contig_3	1430	176
contig_3	1431	179
contig_3	1432	186
contig_3	1433	183
contig_3	1434	193
contig_3	1435	187
contig_3	1436	195
contig_3	1437	198
contig_3	1438	201
contig_3	1439	199
contig_3	1440	196
contig_3	1441	196
contig_3	1442	197
contig_3	1443	200
contig_3	1444	198
contig_3	1445	200
contig_3	1446	201
contig_3	1447	200
contig_3	1448	197
contig_3	1449	200
contig_3	1450	202
contig_3	1451	203
contig_3	1452	203
contig_3	1453	204
contig_3	1454	203
contig_3	1455	204
contig_3	1456	206
contig_3	1457	207
contig_3	1458	209
contig_3	1459	209
contig_3	1460	208
contig_3	1461	209
contig_3	1462	207
contig_3	1463	206
contig_3	1464	206
contig_3	1465	207
contig_3	1466	203
contig_3	1467	212
contig_3	1468	212
contig_3	1469	212
contig_3	1470	215
contig_3	1471	216
contig_3	1472	221
contig_3	1473	219
contig_3	1474	221
contig_3	1475	223
contig_3	1476	219
contig_3	1477	218
contig_3	1478	219
contig_3	1479	218
contig_3	1480	212
contig_3	1481	211
contig_3	1482	211
contig_3	1483	210
contig_3	1484	212
contig_3	1485	212
contig_3	1486	208
contig_3	1487	209
contig_3	1488	209
contig_3	1489	204
contig_3	1490	208
contig_3	1491	211
contig_3	1492	211
contig_3	1493	215
contig_3	1494	216
contig_3	1495	218
contig_3	1496	217
contig_3	1497	212
contig_3	1498	216
contig_3	1499	215
contig_3	1500	221
contig_3	1501	219
contig_3	1502	220
contig_3	1503	220
contig_3	1504	213
contig_3	1505	217
contig_3	1506	219
contig_3	1507	216
contig_3	1508	216
contig_3	1509	221
contig_3	1510	222
contig_3	1511	219
contig_3	1512	221
contig_3	1513	223
contig_3	1514	221
contig_3	1515	225
contig_3	1516	220
contig_3	1517	219
contig_3	1518	220
contig_3	1519	220
contig_3	1520	220
contig_3	1521	214
contig_3	1522	219
contig_3	1523	218
contig_3	1524	224
contig_3	1525	225
contig_3	1526	222
contig_3	1527	225
contig_3	1528	226
contig_3	1529	224
contig_3	1530	225
contig_3	1531	223
contig_3	1532	224
contig_3	1533	229
contig_3	1534	227
contig_3	1535	226
contig_3	1536	221
contig_3	1537	219
contig_3	1538	216
contig_3	1539	215
contig_3	1540	217
contig_3	1541	216
contig_3	1542	219
contig_3	1543	220
contig_3	1544	220
contig_3	1545	224
contig_3	1546	227
contig_3	1547	226
contig_3	1548	225
contig_3	1549	227
contig_3	1550	223
contig_3	1551	224
contig_3	1552	227
contig_3	1553	226
contig_3	1554	225
contig_3	1555	225
contig_3	1556	225
contig_3	1557	227
contig_3	1558	224
contig_3	1559	223
contig_3	1560	223
contig_3	1561	230
contig_3	1562	230
contig_3	1563	229
contig_3	1564	232
contig_3	1565	235
contig_3	1566	234
contig_3	1567	235
contig_3	1568	235
contig_3	1569	236
contig_3	1570	227
contig_3	1571	228
contig_3	1572	227
contig_3	1573	223
contig_3	1574	225
contig_3	1575	222
contig_3	1576	221
contig_3	1577	220
contig_3	1578	221
contig_3	1579	219
contig_3	1580	221
contig_3	1581	222
contig_3	1582	219
contig_3	1583	218
contig_3	1584	211
contig_3	1585	215
contig_3	1586	214
contig_3	1587	215
contig_3	1588	216
contig_3	1589	217
contig_3	1590	219
contig_3	1591	217
contig_3	1592	222
contig_3	1593	219
contig_3	1594	220
contig_3	1595	228
contig_3	1596	231
contig_3	1597	229
contig_3	1598	229
contig_3	1599	232
contig_3	1600	226
contig_3	1601	223
contig_3	1602	225
contig_3	1603	223
contig_3	1604	221
contig_3	1605	225
contig_3	1606	224
contig_3	1607	221
contig_3	1608	216
contig_3	1609	212
contig_3	1610	219
contig_3	1611	222
contig_3	1612	220
contig_3	1613	222
contig_3	1614	225
contig_3	1615	226
contig_3	1616	224
contig_3	1617	227
contig_3	1618	229
contig_3	1619	231
contig_3	1620	230
contig_3	1621	226
contig_3	1622	226
contig_3	1623	226
contig_3	1624	224
contig_3	1625	223
contig_3	1626	220
contig_3	1627	221
contig_3	1628	222
contig_3	1629	227
contig_3	1630	223
contig_3	1631	229
contig_3	1632	231
contig_3	1633	231
contig_3	1634	227
contig_3	1635	228
contig_3	1636	225
contig_3	1637	223
contig_3	1638	219
contig_3	1639	223
contig_3	1640	224
contig_3	1641	219
contig_3	1642	218
contig_3	1643	221
contig_3	1644	219
contig_3	1645	219
contig_3	1646	220
contig_3	1647	219
contig_3	1648	214
contig_3	1649	219
contig_3	1650	215
contig_3	1651	213
contig_3	1652	214
contig_3	1653	216
contig_3	1654	218
contig_3	1655	219
contig_3	1656	220
contig_3	1657	221
contig_3	1658	219
contig_3	1659	220
contig_3	1660	215
contig_3	1661	220
contig_3	1662	214
contig_3	1663	218
contig_3	1664	222
contig_3	1665	215
contig_3	1666	220
contig_3	1667	219
contig_3	1668	223
contig_3	1669	227
contig_3	1670	224
contig_3	1671	229
contig_3	1672	228
contig_3	1673	230
contig_3	1674	229
contig_3	1675	221
contig_3	1676	227
contig_3	1677	225
contig_3	1678	222
contig_3	1679	220
contig_3	1680	219
contig_3	1681	224
contig_3	1682	226
contig_3	1683	223
contig_3	1684	221
contig_3	1685	220
contig_3	1686	223
contig_3	1687	226
contig_3	1688	220
contig_3	1689	227
contig_3	1690	219
contig_3	1691	226
contig_3	1692	223
contig_3	1693	222
contig_3	1694	216
contig_3	1695	211
contig_3	1696	214
contig_3	1697	214
contig_3	1698	198
contig_3	1699	215
contig_3	1700	218
contig_3	1701	220
contig_3	1702	218
contig_3	1703	215
contig_3	1704	216
contig_3	1705	220
contig_3	1706	218
contig_3	1707	217
contig_3	1708	213
contig_3	1709	215
contig_3	1710	209
contig_3	1711	209
contig_3	1712	209
contig_3	1713	208
contig_3	1714	210
contig_3	1715	210
contig_3	1716	212
contig_3	1717	210
contig_3	1718	211
contig_3	1719	210
contig_3	1720	211
contig_3	1721	211
contig_3	1722	213
contig_3	1723	215
contig_3	1724	218
contig_3	1725	216
contig_3	1726	218
contig_3	1727	220
contig_3	1728	215
contig_3	1729	223
contig_3	1730	225
contig_3	1731	228
contig_3	1732	233
contig_3	1733	236
contig_3	1734	232
contig_3	1735	239
contig_3	1736	232
contig_3	1737	232
contig_3	1738	234
contig_3	1739	234
contig_3	1740	236
contig_3	1741	233
contig_3	1742	236
contig_3	1743	234
contig_3	1744	227
contig_3	1745	223
contig_3	1746	224
contig_3	1747	226
contig_3	1748	224
contig_3	1749	219
contig_3	1750	225
contig_3	1751	216
contig_3	1752	216
contig_3	1753	215
contig_3	1754	216
contig_3	1755	217
contig_3	1756	217
contig_3	1757	222
contig_3	1758	220
contig_3	1759	221
contig_3	1760	224
contig_3	1761	222
contig_3	1762	219
contig_3	1763	218
contig_3	1764	216
contig_3	1765	210
contig_3	1766	216
contig_3	1767	210
contig_3	1768	212
contig_3	1769	209
contig_3	1770	211
contig_3	1771	213
contig_3	1772	213
contig_3	1773	212
contig_3	1774	211
contig_3	1775	211
contig_3	1776	213
contig_3	1777	206
contig_3	1778	210
contig_3	1779	208
contig_3	1780	210
contig_3	1781	207
contig_3	1782	209
contig_3	1783	207
contig_3	1784	209
contig_3	1785	212
contig_3	1786	208
contig_3	1787	213
contig_3	1788	211
contig_3	1789	213
contig_3	1790	214
contig_3	1791	214
contig_3	1792	203
contig_3	1793	212
contig_3	1794	209
contig_3	1795	212
contig_3	1796	214
contig_3	1797	216
contig_3	1798	212
contig_3	1799	214
contig_3	1800	213
contig_3	1801	217
contig_3	1802	212
contig_3	1803	210
contig_3	1804	214
contig_3	1805	218
contig_3	1806	212
contig_3	1807	213
contig_3	1808	215
contig_3	1809	210
contig_3	1810	210
contig_3	1811	209
contig_3	1812	206
contig_3	1813	205
contig_3	1814	208
contig_3	1815	208
contig_3	1816	208
contig_3	1817	207
contig_3	1818	207
contig_3	1819	208
contig_3	1820	199
contig_3	1821	201
contig_3	1822	200
contig_3	1823	199
contig_3	1824	198
contig_3	1825	198
contig_3	1826	203
contig_3	1827	204
contig_3	1828	207
contig_3	1829	205
contig_3	1830	204
contig_3	1831	204
contig_3	1832	202
contig_3	1833	206
contig_3	1834	208
contig_3	1835	203
contig_3	1836	205
contig_3	1837	199
contig_3	1838	203
contig_3	1839	204
contig_3	1840	203
contig_3	1841	200
contig_3	1842	206
contig_3	1843	204
contig_3	1844	206
contig_3	1845	199
contig_3	1846	204
contig_3	1847	202
contig_3	1848	201
contig_3	1849	202
contig_3	1850	203
contig_3	1851	206
contig_3	1852	207
contig_3	1853	202
contig_3	1854	204
contig_3	1855	199
contig_3	1856	200
contig_3	1857	201
contig_3	1858	199
contig_3	1859	198
contig_3	1860	198
contig_3	1861	202
contig_3	1862	207
contig_3	1863	202
contig_3	1864	197
contig_3	1865	200
contig_3	1866	194
contig_3	1867	198
contig_3	1868	201
contig_3	1869	198
contig_3	1870	198
contig_3	1871	201
contig_3	1872	203
contig_3	1873	204
contig_3	1874	200
contig_3	1875	205
contig_3	1876	204
contig_3	1877	199
contig_3	1878	201
contig_3	1879	198
contig_3	1880	196
contig_3	1881	194
contig_3	1882	193
contig_3	1883	191
contig_3	1884	191
contig_3	1885	189
contig_3	1886	189
contig_3	1887	191
contig_3	1888	193
contig_3	1889	199
contig_3	1890	196
contig_3	1891	211
contig_3	1892	207
contig_3	1893	203
contig_3	1894	206
contig_3	1895	213
contig_3	1896	211
contig_3	1897	214
contig_3	1898	214
contig_3	1899	213
contig_3	1900	212
contig_3	1901	205
contig_3	1902	213
contig_3	1903	214
contig_3	1904	215
contig_3	1905	213
contig_3	1906	213
contig_3	1907	211
contig_3	1908	215
contig_3	1909	215
contig_3	1910	214
contig_3	1911	216
contig_3	1912	217
contig_3	1913	218
contig_3	1914	212
contig_3	1915	214
contig_3	1916	211
contig_3	1917	198
contig_3	1918	202
contig_3	1919	205
contig_3	1920	207
contig_3	1921	213
contig_3	1922	213
contig_3	1923	215
contig_3	1924	213
contig_3	1925	219
contig_3	1926	218
contig_3	1927	216
contig_3	1928	217
contig_3	1929	220
contig_3	1930	223
contig_3	1931	223
contig_3	1932	221
contig_3	1933	219
contig_3	1934	226
contig_3	1935	218
contig_3	1936	225
contig_3	1937	233
contig_3	1938	232
contig_3	1939	233
contig_3	1940	233
contig_3	1941	235
contig_3	1942	232
contig_3	1943	238
contig_3	1944	240
contig_3	1945	244
contig_3	1946	245
contig_3	1947	242
contig_3	1948	244
contig_3	1949	249
contig_3	1950	252
contig_3	1951	255
contig_3	1952	254
contig_3	1953	255
contig_3	1954	257
contig_3	1955	260
contig_3	1956	259
contig_3	1957	260
contig_3	1958	256
contig_3	1959	261
contig_3	1960	259
contig_3	1961	258
contig_3	1962	259
contig_3	1963	267
contig_3	1964	261
contig_3	1965	256
contig_3	1966	266
contig_3	1967	266
contig_3	1968	270
contig_3	1969	270
contig_3	1970	267
contig_3	1971	271
contig_3	1972	269
contig_3	1973	268
contig_3	1974	268
contig_3	1975	264
contig_3	1976	259
contig_3	1977	266
contig_3	1978	269
contig_3	1979	268
contig_3	1980	268
contig_3	1981	266
contig_3	1982	269
contig_3	1983	269
contig_3	1984	264
contig_3	1985	263
contig_3	1986	265
contig_3	1987	266
contig_3	1988	264
contig_3	1989	263
contig_3	1990	269
contig_3	1991	256
contig_3	1992	259
contig_3	1993	263
contig_3	1994	260
contig_3	1995	257
contig_3	1996	265
contig_3	1997	268
contig_3	1998	269
contig_3	1999	260
contig_3	2000	268
contig_3	2001	265
contig_3	2002	264
contig_3	2003	258
contig_3	2004	262
contig_3	2005	270
contig_3	2006	269
contig_3	2007	270
contig_3	2008	274
contig_3	2009	264
contig_3	2010	258
contig_3	2011	268
contig_3	2012	264
contig_3	2013	267
contig_3	2014	268
contig_3	2015	267
contig_3	2016	274
contig_3	2017	274
contig_3	2018	276
contig_3	2019	280
contig_3	2020	276
contig_3	2021	273
contig_3	2022	278
contig_3	2023	272
contig_3	2024	270
contig_3	2025	272
contig_3	2026	273
contig_3	2027	274
contig_3	2028	279
contig_3	2029	273
contig_3	2030	280
contig_3	2031	280
contig_3	2032	277
contig_3	2033	279
contig_3	2034	288
contig_3	2035	287
contig_3	2036	284
contig_3	2037	286
contig_3	2038	286
contig_3	2039	281
contig_3	2040	278
contig_3	2041	271
contig_3	2042	272
contig_3	2043	269
contig_3	2044	267
contig_3	2045	277
contig_3	2046	282
contig_3	2047	279
contig_3	2048	285
contig_3	2049	282
contig_3	2050	282
contig_3	2051	276
contig_3	2052	277
contig_3	2053	290
contig_3	2054	289
contig_3	2055	291
contig_3	2056	278
contig_3	2057	289
contig_3	2058	290
contig_3	2059	289
contig_3	2060	292
contig_3	2061	292
contig_3	2062	287
contig_3	2063	291
contig_3	2064	295
contig_3	2065	297
contig_3	2066	302
contig_3	2067	307
contig_3	2068	309
contig_3	2069	304
contig_3	2070	310
contig_3	2071	316
contig_3	2072	312
contig_3	2073	313
contig_3	2074	314
contig_3	2075	310
contig_3	2076	308
contig_3	2077	310
contig_3	2078	299
contig_3	2079	311
contig_3	2080	306
contig_3	2081	298
contig_3	2082	301
contig_3	2083	302
contig_3	2084	293
contig_3	2085	295
contig_3	2086	303
contig_3	2087	302
contig_3	2088	303
contig_3	2089	301
contig_3	2090	304
contig_3	2091	299
contig_3	2092	300
contig_3	2093	302
contig_3	2094	304
contig_3	2095	308
contig_3	2096	303
contig_3	2097	305
contig_3	2098	304
contig_3	2099	304
contig_3	2100	292
contig_3	2101	298
contig_3	2102	300
contig_3	2103	302
contig_3	2104	298
contig_3	2105	299
contig_3	2106	302
contig_3	2107	309
contig_3	2108	307
contig_3	2109	309
contig_3	2110	305
contig_3	2111	305
contig_3	2112	306
contig_3	2113	303
contig_3	2114	304
contig_3	2115	300
contig_3	2116	298
contig_3	2117	296
contig_3	2118	289
contig_3	2119	292
contig_3	2120	303
contig_3	2121	296
contig_3	2122	307
contig_3	2123	308
contig_3	2124	313
contig_3	2125	311
contig_3	2126	312
contig_3	2127	310
contig_3	2128	309
contig_3	2129	309
contig_3	2130	310
contig_3	2131	306
contig_3	2132	298
contig_3	2133	309
contig_3	2134	313
contig_3	2135	317
contig_3	2136	323
contig_3	2137	325
contig_3	2138	324
contig_3	2139	330
contig_3	2140	328
contig_3	2141	333
contig_3	2142	322
contig_3	2143	334
contig_3	2144	334
contig_3	2145	338
contig_3	2146	333
contig_3	2147	327
contig_3	2148	326
contig_3	2149	327
contig_3	2150	318
contig_3	2151	322
contig_3	2152	329
contig_3	2153	327
contig_3	2154	334
contig_3	2155	331
contig_3	2156	339
contig_3	2157	345
contig_3	2158	344
contig_3	2159	347
contig_3	2160	350
contig_3	2161	350
contig_3	2162	350
contig_3	2163	347
contig_3	2164	361
contig_3	2165	354
contig_3	2166	355
contig_3	2167	356
contig_3	2168	355
contig_3	2169	362
contig_3	2170	361
contig_3	2171	346
contig_3	2172	364
contig_3	2173	367
contig_3	2174	366
contig_3	2175	369
contig_3	2176	367
contig_3	2177	365
contig_3	2178	364
contig_3	2179	359
contig_3	2180	362
contig_3	2181	363
contig_3	2182	358
contig_3	2183	353
contig_3	2184	357
contig_3	2185	345
contig_3	2186	330
contig_3	2187	347
contig_3	2188	354
contig_3	2189	362
contig_3	2190	362
contig_3	2191	365
contig_3	2192	366
contig_3	2193	371
contig_3	2194	366
contig_3	2195	365
contig_3	2196	367
contig_3	2197	366
contig_3	2198	370
contig_3	2199	368
contig_3	2200	369
contig_3	2201	367
contig_3	2202	365
contig_3	2203	366
contig_3	2204	370
contig_3	2205	376
contig_3	2206	374
contig_3	2207	372
contig_3	2208	369
contig_3	2209	366
contig_3	2210	362
contig_3	2211	362
contig_3	2212	355
contig_3	2213	359
contig_3	2214	365
contig_3	2215	366
contig_3	2216	354
contig_3	2217	358
contig_3	2218	356
contig_3	2219	354
contig_3	2220	356
contig_3	2221	354
contig_3	2222	354
contig_3	2223	355
contig_3	2224	357
contig_3	2225	360
contig_3	2226	362
contig_3	2227	365
contig_3	2228	363
contig_3	2229	367
contig_3	2230	367
contig_3	2231	370
contig_3	2232	368
contig_3	2233	370
contig_3	2234	366
contig_3	2235	365
contig_3	2236	366
contig_3	2237	356
contig_3	2238	351
contig_3	2239	358
contig_3	2240	353
contig_3	2241	353
contig_3	2242	354
contig_3	2243	350
contig_3	2244	346
contig_3	2245	349
contig_3	2246	348
contig_3	2247	345
contig_3	2248	351
contig_3	2249	351
contig_3	2250	353
contig_3	2251	350
contig_3	2252	347
contig_3	2253	337
contig_3	2254	344
contig_3	2255	338
contig_3	2256	337
contig_3	2257	340
contig_3	2258	343
contig_3	2259	338
contig_3	2260	340
contig_3	2261	346
contig_3	2262	348
contig_3	2263	353
contig_3	2264	348
contig_3	2265	336
contig_3	2266	350
contig_3	2267	350
contig_3	2268	346
contig_3	2269	341
contig_3	2270	340
contig_3	2271	335
contig_3	2272	350
contig_3	2273	348
contig_3	2274	350
contig_3	2275	347
contig_3	2276	346
contig_3	2277	356
contig_3	2278	352
contig_3	2279	343
contig_3	2280	362
contig_3	2281	366
contig_3	2282	363
contig_3	2283	361
contig_3	2284	360
contig_3	2285	362
contig_3	2286	355
contig_3	2287	357
contig_3	2288	355
contig_3	2289	355
contig_3	2290	345
contig_3	2291	344
contig_3	2292	338
contig_3	2293	346
contig_3	2294	342
contig_3	2295	342
contig_3	2296	343
contig_3	2297	346
contig_3	2298	343
contig_3	2299	350
contig_3	2300	339
contig_3	2301	333
contig_3	2302	353
contig_3	2303	354
contig_3	2304	352
contig_3	2305	359
contig_3	2306	349
contig_3	2307	352
contig_3	2308	353
contig_3	2309	347
contig_3	2310	349
contig_3	2311	351
contig_3	2312	352
contig_3	2313	348
contig_3	2314	350
contig_3	2315	346
contig_3	2316	349
contig_3	2317	347
contig_3	2318	353
contig_3	2319	350
contig_3	2320	348
contig_3	2321	345
contig_3	2322	355
contig_3	2323	348
contig_3	2324	348
contig_3	2325	349
contig_3	2326	359
contig_3	2327	356
contig_3	2328	364
contig_3	2329	360
contig_3	2330	353
contig_3	2331	354
contig_3	2332	359
contig_3	2333	356
contig_3	2334	350
contig_3	2335	356
contig_3	2336	356
contig_3	2337	339
contig_3	2338	347
contig_3	2339	358
contig_3	2340	362
contig_3	2341	360
contig_3	2342	361
contig_3	2343	360
contig_3	2344	358
contig_3	2345	362
contig_3	2346	356
contig_3	2347	357
contig_3	2348	361
contig_3	2349	352
contig_3	2350	363
contig_3	2351	364
contig_3	2352	362
contig_3	2353	355
contig_3	2354	352
contig_3	2355	362
contig_3	2356	357
contig_3	2357	352
contig_3	2358	363
contig_3	2359	352
contig_3	2360	361
contig_3	2361	365
contig_3	2362	367
contig_3	2363	349
contig_3	2364	363
contig_3	2365	362
contig_3	2366	373
contig_3	2367	369
contig_3	2368	365
contig_3	2369	365
contig_3	2370	366
contig_3	2371	360
contig_3	2372	363
contig_3	2373	359
contig_3	2374	361
contig_3	2375	355
contig_3	2376	354
contig_3	2377	352
contig_3	2378	352
contig_3	2379	351
contig_3	2380	340
contig_3	2381	338
contig_3	2382	337
contig_3	2383	339
contig_3	2384	333
contig_3	2385	337
contig_3	2386	340
contig_3	2387	333
contig_3	2388	337
contig_3	2389	337
contig_3	2390	333
contig_3	2391	336
contig_3	2392	327
contig_3	2393	340
contig_3	2394	335
contig_3	2395	338
contig_3	2396	338
contig_3	2397	339
contig_3	2398	345
contig_3	2399	339
contig_3	2400	345
contig_3	2401	344
contig_3	2402	349
contig_3	2403	353
contig_3	2404	355
contig_3	2405	352
contig_3	2406	351
contig_3	2407	352
contig_3	2408	344
contig_3	2409	349
contig_3	2410	348
contig_3	2411	352
contig_3	2412	343
contig_3	2413	336
contig_3	2414	348
contig_3	2415	337
contig_3	2416	337
contig_3	2417	345
contig_3	2418	349
contig_3	2419	350
contig_3	2420	346
contig_3	2421	342
contig_3	2422	344
contig_3	2423	345
contig_3	2424	349
contig_3	2425	345
contig_3	2426	342
contig_3	2427	341
contig_3	2428	335
contig_3	2429	334
contig_3	2430	329
contig_3	2431	333
contig_3	2432	332
contig_3	2433	333
contig_3	2434	327
contig_3	2435	324
contig_3	2436	321
contig_3	2437	320
contig_3	2438	318
contig_3	2439	322
contig_3	2440	319
contig_3	2441	305
contig_3	2442	315
contig_3	2443	318
contig_3	2444	315
contig_3	2445	321
contig_3	2446	316
contig_3	2447	320
contig_3	2448	315
contig_3	2449	312
contig_3	2450	308
contig_3	2451	309
contig_3	2452	299
contig_3	2453	299
contig_3	2454	300
contig_3	2455	302
contig_3	2456	294
contig_3	2457	298
contig_3	2458	302
contig_3	2459	292
contig_3	2460	291
contig_3	2461	283
contig_3	2462	288
contig_3	2463	300
contig_3	2464	294
contig_3	2465	294
contig_3	2466	300
contig_3	2467	302
contig_3	2468	289
contig_3	2469	293
contig_3	2470	287
contig_3	2471	286
contig_3	2472	287
contig_3	2473	281
contig_3	2474	290
contig_3	2475	287
contig_3	2476	289
contig_3	2477	284
contig_3	2478	283
contig_3	2479	288
contig_3	2480	290
contig_3	2481	289
contig_3	2482	288
contig_3	2483	286
contig_3	2484	269
contig_3	2485	275
contig_3	2486	282
contig_3	2487	277
contig_3	2488	267
contig_3	2489	269
contig_3	2490	270
contig_3	2491	272
contig_3	2492	266
contig_3	2493	261
contig_3	2494	268
contig_3	2495	265
contig_3	2496	266
contig_3	2497	259
contig_3	2498	264
contig_3	2499	262
contig_3	2500	254
contig_3	2501	258
contig_3	2502	254
contig_3	2503	256
contig_3	2504	260
contig_3	2505	252
contig_3	2506	247
contig_3	2507	258
contig_3	2508	259
contig_3	2509	254
contig_3	2510	254
contig_3	2511	253
contig_3	2512	255
contig_3	2513	256
contig_3	2514	252
contig_3	2515	248
contig_3	2516	248
contig_3	2517	246
contig_3	2518	248
contig_3	2519	251
contig_3	2520	237
contig_3	2521	241
contig_3	2522	246
contig_3	2523	243
contig_3	2524	242
contig_3	2525	243
contig_3	2526	243
contig_3	2527	244
contig_3	2528	244
contig_3	2529	241
contig_3	2530	234
contig_3	2531	227
contig_3	2532	228
contig_3	2533	236
contig_3	2534	234
contig_3	2535	237
contig_3	2536	239
contig_3	2537	234
contig_3	2538	221
contig_3	2539	235
contig_3	2540	239
contig_3	2541	235
contig_3	2542	234
contig_3	2543	232
contig_3	2544	236
contig_3	2545	234
contig_3	2546	234
contig_3	2547	236
contig_3	2548	233
contig_3	2549	234
contig_3	2550	224
contig_3	2551	221
contig_3	2552	223
contig_3	2553	216
contig_3	2554	209
contig_3	2555	218
contig_3	2556	218
contig_3	2557	216
contig_3	2558	219
contig_3	2559	219
contig_3	2560	213
contig_3	2561	207
contig_3	2562	210
contig_3	2563	211
contig_3	2564	211
contig_3	2565	206
contig_3	2566	198
contig_3	2567	200
contig_3	2568	201
contig_3	2569	201
contig_3	2570	199
contig_3	2571	201
contig_3	2572	202
contig_3	2573	200
contig_3	2574	197
contig_3	2575	194
contig_3	2576	200
contig_3	2577	200
contig_3	2578	199
contig_3	2579	196
contig_3	2580	190
contig_3	2581	188
contig_3	2582	189
contig_3	2583	189
contig_3	2584	185
contig_3	2585	185
contig_3	2586	186
contig_3	2587	189
contig_3	2588	183
contig_3	2589	187
contig_3	2590	186
contig_3	2591	179
contig_3	2592	185
contig_3	2593	179
contig_3	2594	177
contig_3	2595	181
contig_3	2596	181
contig_3	2597	182
contig_3	2598	180
contig_3	2599	181
contig_3	2600	180
contig_3	2601	176
contig_3	2602	177
contig_3	2603	177
contig_3	2604	178
contig_3	2605	179
contig_3	2606	180
contig_3	2607	180
contig_3	2608	178
contig_3	2609	181
contig_3	2610	179
contig_3	2611	178
contig_3	2612	177
contig_3	2613	179
contig_3	2614	178
contig_3	2615	179
contig_3	2616	181
contig_3	2617	178
contig_3	2618	179
contig_3	2619	181
contig_3	2620	183
contig_3	2621	181
contig_3	2622	181
contig_3	2623	178
contig_3	2624	180
contig_3	2625	182
contig_3	2626	180
contig_3	2627	185
contig_3	2628	180
contig_3	2629	176
contig_3	2630	181
contig_3	2631	184
contig_3	2632	181
contig_3	2633	179
contig_3	2634	184
contig_3	2635	181
contig_3	2636	183
contig_3	2637	182
contig_3	2638	183
contig_3	2639	184
contig_3	2640	181
contig_3	2641	181
contig_3	2642	177
contig_3	2643	177
contig_3	2644	175
contig_3	2645	175
contig_3	2646	179
contig_3	2647	177
contig_3	2648	174
contig_3	2649	176
contig_3	2650	180
contig_3	2651	177
contig_3	2652	176
contig_3	2653	177
contig_3	2654	181
contig_3	2655	179
contig_3	2656	173
contig_3	2657	172
contig_3	2658	176
contig_3	2659	174
contig_3	2660	172
contig_3	2661	173
contig_3	2662	171
contig_3	2663	171
contig_3	2664	174
contig_3	2665	171
contig_3	2666	175
contig_3	2667	178
contig_3	2668	174
contig_3	2669	177
contig_3	2670	179
contig_3	2671	183
contig_3	2672	183
contig_3	2673	183
contig_3	2674	182
contig_3	2675	183
contig_3	2676	184
contig_3	2677	189
contig_3	2678	190
contig_3	2679	187
contig_3	2680	185
contig_3	2681	186
contig_3	2682	186
contig_3	2683	183
contig_3	2684	186
contig_3	2685	192
contig_3	2686	191
contig_3	2687	188
contig_3	2688	193
contig_3	2689	195
contig_3	2690	193
contig_3	2691	195
contig_3	2692	194
contig_3	2693	190
contig_3	2694	192
contig_3	2695	184
contig_3	2696	185
contig_3	2697	186
contig_3	2698	177
contig_3	2699	194
contig_3	2700	193
contig_3	2701	187
contig_3	2702	193
contig_3	2703	196
contig_3	2704	196
contig_3	2705	190
contig_3	2706	191
contig_3	2707	196
contig_3	2708	194
contig_3	2709	192
contig_3	2710	193
contig_3	2711	195
contig_3	2712	197
contig_3	2713	196
contig_3	2714	198
contig_3	2715	201
contig_3	2716	200
contig_3	2717	201
contig_3	2718	206
contig_3	2719	209
contig_3	2720	206
contig_3	2721	208
contig_3	2722	211
contig_3	2723	218
contig_3	2724	218
contig_3	2725	217
contig_3	2726	216
contig_3	2727	211
contig_3	2728	213
contig_3	2729	211
contig_3	2730	215
contig_3	2731	224
contig_3	2732	223
contig_3	2733	223
contig_3	2734	226
contig_3	2735	233
contig_3	2736	225
contig_3	2737	228
contig_3	2738	229
contig_3	2739	231
contig_3	2740	228
contig_3	2741	225
contig_3	2742	228
contig_3	2743	219
contig_3	2744	231
contig_3	2745	227
contig_3	2746	235
contig_3	2747	236
contig_3	2748	233
contig_3	2749	234
contig_3	2750	235
contig_3	2751	231
contig_3	2752	229
contig_3	2753	240
contig_3	2754	245
contig_3	2755	245
contig_3	2756	248
contig_3	2757	246
contig_3	2758	243
contig_3	2759	253
contig_3	2760	255
contig_3	2761	257
contig_3	2762	258
contig_3	2763	262
contig_3	2764	261
contig_3	2765	264
contig_3	2766	262
contig_3	2767	261
contig_3	2768	263
contig_3	2769	262
contig_3	2770	256
contig_3	2771	260
contig_3	2772	265
contig_3	2773	267
contig_3	2774	273
contig_3	2775	267
contig_3	2776	266
contig_3	2777	263
contig_3	2778	269
contig_3	2779	269
contig_3	2780	274
contig_3	2781	274
contig_3	2782	277
contig_3	2783	275
contig_3	2784	274
contig_3	2785	277
contig_3	2786	274
contig_3	2787	268
contig_3	2788	278
contig_3	2789	274
contig_3	2790	278
contig_3	2791	279
contig_3	2792	282
contig_3	2793	278
contig_3	2794	278
contig_3	2795	280
contig_3	2796	282
contig_3	2797	283
contig_3	2798	278
contig_3	2799	282
contig_3	2800	282
contig_3	2801	282
contig_3	2802	277
contig_3	2803	279
contig_3	2804	272
contig_3	2805	273
contig_3	2806	283
contig_3	2807	280
contig_3	2808	290
contig_3	2809	290
contig_3	2810	294
contig_3	2811	292
contig_3	2812	293
contig_3	2813	292
contig_3	2814	299
contig_3	2815	298
contig_3	2816	301
contig_3	2817	302
contig_3	2818	309
contig_3	2819	316
contig_3	2820	318
contig_3	2821	306
contig_3	2822	307
contig_3	2823	325
contig_3	2824	322
contig_3	2825	324
contig_3	2826	324
contig_3	2827	326
contig_3	2828	324
contig_3	2829	328
contig_3	2830	325
contig_3	2831	342
contig_3	2832	342
contig_3	2833	340
contig_3	2834	333
contig_3	2835	326
contig_3	2836	332
contig_3	2837	334
contig_3	2838	340
contig_3	2839	333
contig_3	2840	340
contig_3	2841	350
contig_3	2842	347
contig_3	2843	348
contig_3	2844	358
contig_3	2845	360
contig_3	2846	366
contig_3	2847	361
contig_3	2848	358
contig_3	2849	362
contig_3	2850	356
contig_3	2851	359
contig_3	2852	364
contig_3	2853	362
contig_3	2854	370
contig_3	2855	371
contig_3	2856	362
contig_3	2857	362
contig_3	2858	361
contig_3	2859	366
contig_3	2860	367
contig_3	2861	365
contig_3	2862	363
contig_3	2863	365
contig_3	2864	370
contig_3	2865	359
contig_3	2866	372
contig_3	2867	367
contig_3	2868	369
contig_3	2869	364
contig_3	2870	367
contig_3	2871	370
contig_3	2872	369
contig_3	2873	366
contig_3	2874	361
contig_3	2875	367
contig_3	2876	366
contig_3	2877	365
contig_3	2878	374
contig_3	2879	374
contig_3	2880	374
contig_3	2881	369
contig_3	2882	365
contig_3	2883	367
contig_3	2884	366
contig_3	2885	362
contig_3	2886	370
contig_3	2887	372
contig_3	2888	372
contig_3	2889	373
contig_3	2890	377
contig_3	2891	377
contig_3	2892	373
contig_3	2893	386
contig_3	2894	376
contig_3	2895	376
contig_3	2896	382
contig_3	2897	380
contig_3	2898	387
contig_3	2899	379
contig_3	2900	392
contig_3	2901	397
contig_3	2902	394
contig_3	2903	395
contig_3	2904	395
contig_3	2905	391
contig_3	2906	392
contig_3	2907	390
contig_3	2908	395
contig_3	2909	395
contig_3	2910	396
contig_3	2911	387
contig_3	2912	368
contig_3	2913	388
contig_3	2914	395
contig_3	2915	403
contig_3	2916	405
contig_3	2917	403
contig_3	2918	404
contig_3	2919	406
contig_3	2920	397
contig_3	2921	409
contig_3	2922	407
contig_3	2923	407
contig_3	2924	397
contig_3	2925	394
contig_3	2926	398
contig_3	2927	398
contig_3	2928	405
contig_3	2929	392
contig_3	2930	391
contig_3	2931	395
contig_3	2932	391
contig_3	2933	395
contig_3	2934	394
contig_3	2935	391
contig_3	2936	394
contig_3	2937	395
contig_3	2938	389
contig_3	2939	394
contig_3	2940	402
contig_3	2941	400
contig_3	2942	404
contig_3	2943	399
contig_3	2944	396
contig_3	2945	404
contig_3	2946	411
contig_3	2947	413
contig_3	2948	421
contig_3	2949	421
contig_3	2950	424
contig_3	2951	421
contig_3	2952	419
contig_3	2953	438
contig_3	2954	443
contig_3	2955	435
contig_3	2956	442
contig_3	2957	437
contig_3	2958	451
contig_3	2959	446
contig_3	2960	444
contig_3	2961	446
contig_3	2962	446
contig_3	2963	439
contig_3	2964	450
contig_3	2965	458
contig_3	2966	464
contig_3	2967	457
contig_3	2968	455
contig_3	2969	454
contig_3	2970	457
contig_3	2971	440
contig_3	2972	440
contig_3	2973	443
contig_3	2974	433
contig_3	2975	436
contig_3	2976	447
contig_3	2977	442
contig_3	2978	440
contig_3	2979	447
contig_3	2980	441
contig_3	2981	447
contig_3	2982	448
contig_3	2983	452
contig_3	2984	453
contig_3	2985	451
contig_3	2986	434
contig_3	2987	435
contig_3	2988	445
contig_3	2989	447
contig_3	2990	455
contig_3	2991	454
contig_3	2992	447
contig_3	2993	449
contig_3	2994	446
contig_3	2995	445
contig_3	2996	446
contig_3	2997	447
contig_3	2998	450
contig_3	2999	448
contig_3	3000	444
contig_3	3001	435
contig_3	3002	439
contig_3	3003	450
contig_3	3004	446
contig_3	3005	431
contig_3	3006	439
contig_3	3007	443
contig_3	3008	443
contig_3	3009	447
contig_3	3010	451
contig_3	3011	454
contig_3	3012	457
contig_3	3013	456
contig_3	3014	455
contig_3	3015	460
contig_3	3016	453
contig_3	3017	456
contig_3	3018	446
contig_3	3019	438
contig_3	3020	445
contig_3	3021	449
contig_3	3022	442
contig_3	3023	440
contig_3	3024	447
contig_3	3025	453
contig_3	3026	449
contig_3	3027	451
contig_3	3028	460
contig_3	3029	462
contig_3	3030	465
contig_3	3031	451
contig_3	3032	452
contig_3	3033	462
contig_3	3034	453
contig_3	3035	457
contig_3	3036	461
contig_3	3037	462
contig_3	3038	461
contig_3	3039	459
contig_3	3040	460
contig_3	3041	458
contig_3	3042	454
contig_3	3043	456
contig_3	3044	460
contig_3	3045	463
contig_3	3046	455
contig_3	3047	449
contig_3	3048	450
contig_3	3049	460
contig_3	3050	456
contig_3	3051	453
contig_3	3052	458
contig_3	3053	462
contig_3	3054	459
contig_3	3055	454
contig_3	3056	453
contig_3	3057	459
contig_3	3058	451
contig_3	3059	456
contig_3	3060	457
contig_3	3061	453
contig_3	3062	452
contig_3	3063	451
contig_3	3064	453
contig_3	3065	453
contig_3	3066	455
contig_3	3067	459
contig_3	3068	461
contig_3	3069	462
contig_3	3070	461
contig_3	3071	461
contig_3	3072	463
contig_3	3073	457
contig_3	3074	450
contig_3	3075	463
contig_3	3076	460
contig_3	3077	465
contig_3	3078	465
contig_3	3079	465
contig_3	3080	458
contig_3	3081	470
contig_3	3082	462
contig_3	3083	476
contig_3	3084	478
contig_3	3085	472
contig_3	3086	469
contig_3	3087	464
contig_3	3088	462
contig_3	3089	467
contig_3	3090	475
contig_3	3091	477
contig_3	3092	479
contig_3	3093	481
contig_3	3094	472
contig_3	3095	477
contig_3	3096	474
contig_3	3097	475
contig_3	3098	469
contig_3	3099	473
contig_3	3100	467
contig_3	3101	462
contig_3	3102	460
contig_3	3103	456
contig_3	3104	455
contig_3	3105	450
contig_3	3106	445
contig_3	3107	449
contig_3	3108	449
contig_3	3109	445
contig_3	3110	450
contig_3	3111	458
contig_3	3112	458
contig_3	3113	453
contig_3	3114	455
contig_3	3115	452
contig_3	3116	445
contig_3	3117	449
contig_3	3118	446
contig_3	3119	446
contig_3	3120	445
contig_3	3121	448
contig_3	3122	444
contig_3	3123	447
contig_3	3124	447
contig_3	3125	450
contig_3	3126	446
contig_3	3127	446
contig_3	3128	448
contig_3	3129	449
contig_3	3130	444
contig_3	3131	443
contig_3	3132	441
contig_3	3133	438
contig_3	3134	432
contig_3	3135	434
contig_3	3136	433
contig_3	3137	433
contig_3	3138	431
contig_3	3139	433
contig_3	3140	435
contig_3	3141	434
contig_3	3142	432
contig_3	3143	433
contig_3	3144	428
contig_3	3145	434
contig_3	3146	432
contig_3	3147	434
contig_3	3148	433
contig_3	3149	430
contig_3	3150	432
contig_3	3151	438
contig_3	3152	436
contig_3	3153	441
contig_3	3154	442
contig_3	3155	440
contig_3	3156	440
contig_3	3157	438
contig_3	3158	442
contig_3	3159	444
contig_3	3160	444
contig_3	3161	446
contig_3	3162	441
contig_3	3163	442
contig_3	3164	444
contig_3	3165	443
contig_3	3166	447
contig_3	3167	442
contig_3	3168	455
contig_3	3169	455
contig_3	3170	457
contig_3	3171	459
contig_3	3172	460
contig_3	3173	462
contig_3	3174	462
contig_3	3175	455
contig_3	3176	448
contig_3	3177	457
contig_3	3178	458
contig_3	3179	459
contig_3	3180	466
contig_3	3181	471
contig_3	3182	468
contig_3	3183	468
contig_3	3184	470
contig_3	3185	472
contig_3	3186	460
contig_3	3187	467
contig_3	3188	472
contig_3	3189	470
contig_3	3190	464
contig_3	3191	468
contig_3	3192	482
contig_3	3193	488
contig_3	3194	490
contig_3	3195	493
contig_3	3196	487
contig_3	3197	490
contig_3	3198	491
contig_3	3199	479
contig_3	3200	488
contig_3	3201	480
contig_3	3202	474
contig_3	3203	476
contig_3	3204	481
contig_3	3205	483
contig_3	3206	479
contig_3	3207	473
contig_3	3208	461
contig_3	3209	474
contig_3	3210	486
contig_3	3211	488
contig_3	3212	491
contig_3	3213	488
contig_3	3214	483
contig_3	3215	483
contig_3	3216	497
contig_3	3217	501
contig_3	3218	493
contig_3	3219	493
contig_3	3220	493
contig_3	3221	489
contig_3	3222	497
contig_3	3223	494
contig_3	3224	494
contig_3	3225	480
contig_3	3226	489
contig_3	3227	490
contig_3	3228	488
contig_3	3229	481
contig_3	3230	472
contig_3	3231	478
contig_3	3232	482
contig_3	3233	479
contig_3	3234	483
contig_3	3235	477
contig_3	3236	483
contig_3	3237	490
contig_3	3238	485
contig_3	3239	479
contig_3	3240	473
contig_3	3241	468
contig_3	3242	476
contig_3	3243	473
contig_3	3244	478
contig_3	3245	479
contig_3	3246	474
contig_3	3247	475
contig_3	3248	475
contig_3	3249	475
contig_3	3250	473
contig_3	3251	471
contig_3	3252	469
contig_3	3253	468
contig_3	3254	467
contig_3	3255	466
contig_3	3256	453
contig_3	3257	462
contig_3	3258	459
contig_3	3259	453
contig_3	3260	456
contig_3	3261	451
contig_3	3262	443
contig_3	3263	442
contig_3	3264	440
contig_3	3265	436
contig_3	3266	423
contig_3	3267	437
contig_3	3268	431
contig_3	3269	433
contig_3	3270	437
contig_3	3271	432
contig_3	3272	422
contig_3	3273	422
contig_3	3274	415
contig_3	3275	413
contig_3	3276	411
contig_3	3277	415
contig_3	3278	414
contig_3	3279	425
contig_3	3280	427
contig_3	3281	433
contig_3	3282	440
contig_3	3283	447
contig_3	3284	452
contig_3	3285	446
contig_3	3286	452
contig_3	3287	455
contig_3	3288	451
contig_3	3289	446
contig_3	3290	447
contig_3	3291	445
contig_3	3292	447
contig_3	3293	450
contig_3	3294	441
contig_3	3295	417
contig_3	3296	442
contig_3	3297	452
contig_3	3298	458
contig_3	3299	453
contig_3	3300	450
contig_3	3301	452
contig_3	3302	443
contig_3	3303	445
contig_3	3304	438
contig_3	3305	438
contig_3	3306	441
contig_3	3307	444
contig_3	3308	443
contig_3	3309	434
contig_3	3310	436
contig_3	3311	439
contig_3	3312	444
contig_3	3313	438
contig_3	3314	433
contig_3	3315	439
contig_3	3316	424
contig_3	3317	423
contig_3	3318	426
contig_3	3319	422
contig_3	3320	421
contig_3	3321	421
contig_3	3322	427
contig_3	3323	421
contig_3	3324	422
contig_3	3325	428
contig_3	3326	429
contig_3	3327	422
contig_3	3328	424
contig_3	3329	417
contig_3	3330	415
contig_3	3331	410
contig_3	3332	405
contig_3	3333	404
contig_3	3334	403
contig_3	3335	400
contig_3	3336	403
contig_3	3337	398
contig_3	3338	400
contig_3	3339	402
contig_3	3340	399
contig_3	3341	391
contig_3	3342	386
contig_3	3343	380
contig_3	3344	382
contig_3	3345	380
contig_3	3346	372
contig_3	3347	371
contig_3	3348	380
contig_3	3349	385
contig_3	3350	382
contig_3	3351	382
contig_3	3352	379
contig_3	3353	383
contig_3	3354	392
contig_3	3355	393
contig_3	3356	396
contig_3	3357	393
contig_3	3358	391
contig_3	3359	396
contig_3	3360	391
contig_3	3361	389
contig_3	3362	395
contig_3	3363	392
contig_3	3364	392
contig_3	3365	382
contig_3	3366	387
contig_3	3367	383
contig_3	3368	382
contig_3	3369	379
contig_3	3370	381
contig_3	3371	382
contig_3	3372	380
contig_3	3373	387
contig_3	3374	374
contig_3	3375	381
contig_3	3376	381
contig_3	3377	385
contig_3	3378	387
contig_3	3379	381
contig_3	3380	382
contig_3	3381	377
contig_3	3382	380
contig_3	3383	378
contig_3	3384	370
contig_3	3385	382
contig_3	3386	383
contig_3	3387	385
contig_3	3388	381
contig_3	3389	374
contig_3	3390	376
contig_3	3391	373
contig_3	3392	367
contig_3	3393	374
contig_3	3394	359
contig_3	3395	340
contig_3	3396	367
contig_3	3397	369
contig_3	3398	366
contig_3	3399	371
contig_3	3400	368
contig_3	3401	366
contig_3	3402	369
contig_3	3403	364
contig_3	3404	367
contig_3	3405	366
contig_3	3406	362
contig_3	3407	363
contig_3	3408	360
contig_3	3409	359
contig_3	3410	356
contig_3	3411	358
contig_3	3412	354
contig_3	3413	344
contig_3	3414	358
contig_3	3415	356
contig_3	3416	351
contig_3	3417	366
contig_3	3418	360
contig_3	3419	369
contig_3	3420	366
contig_3	3421	374
contig_3	3422	372
contig_3	3423	370
contig_3	3424	372
contig_3	3425	374
contig_3	3426	376
contig_3	3427	374
contig_3	3428	370
contig_3	3429	368
contig_3	3430	357
contig_3	3431	356
contig_3	3432	353
contig_3	3433	348
contig_3	3434	352
contig_3	3435	354
contig_3	3436	353
contig_3	3437	338
contig_3	3438	342
contig_3	3439	335
contig_3	3440	344
contig_3	3441	343
contig_3	3442	333
contig_3	3443	334
contig_3	3444	329
contig_3	3445	332
contig_3	3446	333
contig_3	3447	334
contig_3	3448	322
contig_3	3449	323
contig_3	3450	321
contig_3	3451	320
contig_3	3452	321
contig_3	3453	319
contig_3	3454	320
contig_3	3455	321
contig_3	3456	318
contig_3	3457	311
contig_3	3458	299
contig_3	3459	299
contig_3	3460	306
contig_3	3461	310
contig_3	3462	310
contig_3	3463	312
contig_3	3464	312
contig_3	3465	314
contig_3	3466	313
contig_3	3467	308
contig_3	3468	309
contig_3	3469	300
contig_3	3470	294
contig_3	3471	299
contig_3	3472	296
contig_3	3473	284
contig_3	3474	288
contig_3	3475	287
contig_3	3476	270
contig_3	3477	277
contig_3	3478	266
contig_3	3479	274
contig_3	3480	279
contig_3	3481	276
contig_3	3482	268
contig_3	3483	282
contig_3	3484	281
contig_3	3485	286
contig_3	3486	281
contig_3	3487	274
contig_3	3488	275
contig_3	3489	270
contig_3	3490	268
contig_3	3491	270
contig_3	3492	269
contig_3	3493	264
contig_3	3494	266
contig_3	3495	264
contig_3	3496	260
contig_3	3497	257
contig_3	3498	249
contig_3	3499	253
contig_3	3500	250
contig_3	3501	250
contig_3	3502	251
contig_3	3503	244
contig_3	3504	242
contig_3	3505	239
contig_3	3506	228
contig_3	3507	231
contig_3	3508	233
contig_3	3509	227
contig_3	3510	227
contig_3	3511	225
contig_3	3512	225
contig_3	3513	225
contig_3	3514	220
contig_3	3515	223
contig_3	3516	220
contig_3	3517	217
contig_3	3518	220
contig_3	3519	210
contig_3	3520	209
contig_3	3521	207
contig_3	3522	210
contig_3	3523	206
contig_3	3524	205
contig_3	3525	205
contig_3	3526	201
contig_3	3527	195
contig_3	3528	200
contig_3	3529	199
contig_3	3530	202
contig_3	3531	199
contig_3	3532	196
contig_3	3533	192
contig_3	3534	189
contig_3	3535	185
contig_3	3536	183
contig_3	3537	179
contig_3	3538	181
contig_3	3539	183
contig_3	3540	182
contig_3	3541	174
contig_3	3542	180
contig_3	3543	188
contig_3	3544	181
contig_3	3545	187
contig_3	3546	182
contig_3	3547	184
contig_3	3548	182
contig_3	3549	184
contig_3	3550	182
contig_3	3551	177
contig_3	3552	180
contig_3	3553	176
contig_3	3554	175
contig_3	3555	175
contig_3	3556	172
contig_3	3557	169
contig_3	3558	162
contig_3	3559	164
contig_3	3560	168
contig_3	3561	169
contig_3	3562	167
contig_3	3563	168
contig_3	3564	172
contig_3	3565	167
contig_3	3566	164
contig_3	3567	161
contig_3	3568	161
contig_3	3569	160
contig_3	3570	156
contig_3	3571	157
contig_3	3572	158
contig_3	3573	154
contig_3	3574	153
contig_3	3575	148
contig_3	3576	149
contig_3	3577	148
contig_3	3578	146
contig_3	3579	149
contig_3	3580	147
contig_3	3581	143
contig_3	3582	146
contig_3	3583	142
contig_3	3584	143
contig_3	3585	144
contig_3	3586	144
contig_3	3587	142
contig_3	3588	140
contig_3	3589	140
contig_3	3590	139
contig_3	3591	134
contig_3	3592	143
contig_3	3593	142
contig_3	3594	144
contig_3	3595	146
contig_3	3596	147
contig_3	3597	147
contig_3	3598	146
contig_3	3599	148
contig_3	3600	150
contig_3	3601	145
contig_3	3602	143
contig_3	3603	144
contig_3	3604	136
contig_3	3605	140
contig_3	3606	138
contig_3	3607	136
contig_3	3608	134
contig_3	3609	133
contig_3	3610	132
contig_3	3611	130
contig_3	3612	131
contig_3	3613	130
contig_3	3614	127
contig_3	3615	124
contig_3	3616	124
contig_3	3617	124
contig_3	3618	124
contig_3	3619	122
contig_3	3620	122
contig_3	3621	120
contig_3	3622	119
contig_3	3623	117
contig_3	3624	115
contig_3	3625	116
contig_3	3626	114
contig_3	3627	114
contig_3	3628	110
contig_3	3629	117
contig_3	3630	115
contig_3	3631	111
contig_3	3632	113
contig_3	3633	113
contig_3	3634	114
contig_3	3635	112
contig_3	3636	114
contig_3	3637	114
contig_3	3638	114
contig_3	3639	114
contig_3	3640	117
contig_3	3641	117
contig_3	3642	117
contig_3	3643	115
contig_3	3644	116
contig_3	3645	116
contig_3	3646	110
contig_3	3647	115
contig_3	3648	115
contig_3	3649	116
contig_3	3650	117
contig_3	3651	122
contig_3	3652	121
contig_3	3653	121
contig_3	3654	122
contig_3	3655	122
contig_3	3656	122
contig_3	3657	124
contig_3	3658	127
contig_3	3659	127
contig_3	3660	126
contig_3	3661	124
contig_3	3662	126
contig_3	3663	126
contig_3	3664	125
contig_3	3665	127
contig_3	3666	128
contig_3	3667	130
contig_3	3668	134
contig_3	3669	133
contig_3	3670	137
contig_3	3671	138
contig_3	3672	137
contig_3	3673	137
contig_3	3674	138
contig_3	3675	140
contig_3	3676	143
contig_3	3677	141
contig_3	3678	143
contig_3	3679	144
contig_3	3680	145
contig_3	3681	149
contig_3	3682	149
contig_3	3683	154
contig_3	3684	160
contig_3	3685	159
contig_3	3686	160
contig_3	3687	166
contig_3	3688	178
contig_3	3689	181
contig_3	3690	180
contig_3	3691	184
contig_3	3692	181
contig_3	3693	174
contig_3	3694	181
contig_3	3695	180
contig_3	3696	182
contig_3	3697	181
contig_3	3698	181
contig_3	3699	187
contig_3	3700	187
contig_3	3701	189
contig_3	3702	189
contig_3	3703	190
contig_3	3704	191
contig_3	3705	193
contig_3	3706	194
contig_3	3707	193
contig_3	3708	200
contig_3	3709	203
contig_3	3710	202
contig_3	3711	201
contig_3	3712	199
contig_3	3713	201
contig_3	3714	209
contig_3	3715	210
contig_3	3716	209
contig_3	3717	211
contig_3	3718	212
contig_3	3719	213
contig_3	3720	220
contig_3	3721	222
contig_3	3722	222
contig_3	3723	224
contig_3	3724	225
contig_3	3725	227
contig_3	3726	230
contig_3	3727	231
contig_3	3728	232
contig_3	3729	246
contig_3	3730	247
contig_3	3731	247
contig_3	3732	251
contig_3	3733	252
contig_3	3734	253
contig_3	3735	254
contig_3	3736	255
contig_3	3737	256
contig_3	3738	257
contig_3	3739	260
contig_3	3740	260
contig_3	3741	261
contig_3	3742	255
contig_3	3743	255
contig_3	3744	259
contig_3	3745	259
contig_3	3746	255
contig_3	3747	254
contig_3	3748	253
contig_3	3749	252
contig_3	3750	255
contig_3	3751	257
contig_3	3752	261
contig_3	3753	259
contig_3	3754	259
contig_3	3755	263
contig_3	3756	263
contig_3	3757	262
contig_3	3758	262
contig_3	3759	263
contig_3	3760	261
contig_3	3761	268
contig_3	3762	275
contig_3	3763	275
contig_3	3764	283
contig_3	3765	285
contig_3	3766	282
contig_3	3767	286
contig_3	3768	283
contig_3	3769	285
contig_3	3770	283
contig_3	3771	286
contig_3	3772	289
contig_3	3773	283
contig_3	3774	281
contig_3	3775	287
contig_3	3776	282
contig_3	3777	289
contig_3	3778	287
contig_3	3779	288
contig_3	3780	285
contig_3	3781	286
contig_3	3782	287
contig_3	3783	287
contig_3	3784	285
contig_3	3785	286
contig_3	3786	283
contig_3	3787	285
contig_3	3788	280
contig_3	3789	280
contig_3	3790	285
contig_3	3791	287
contig_3	3792	287
contig_3	3793	292
contig_3	3794	291
contig_3	3795	298
contig_3	3796	303
contig_3	3797	302
contig_3	3798	304
contig_3	3799	308
contig_3	3800	309
contig_3	3801	308
contig_3	3802	312
contig_3	3803	313
contig_3	3804	313
contig_3	3805	319
contig_3	3806	323
contig_3	3807	319
contig_3	3808	321
contig_3	3809	320
contig_3	3810	325
contig_3	3811	323
contig_3	3812	314
contig_3	3813	324
contig_3	3814	327
contig_3	3815	326
contig_3	3816	321
contig_3	3817	327
contig_3	3818	324
contig_3	3819	328
contig_3	3820	328
contig_3	3821	327
contig_3	3822	328
contig_3	3823	326
contig_3	3824	326
contig_3	3825	326
contig_3	3826	324
contig_3	3827	325
contig_3	3828	329
contig_3	3829	324
contig_3	3830	322
contig_3	3831	319
contig_3	3832	316
contig_3	3833	317
contig_3	3834	314
contig_3	3835	318
contig_3	3836	322
contig_3	3837	317
contig_3	3838	304
contig_3	3839	306
contig_3	3840	303
contig_3	3841	304
contig_3	3842	308
contig_3	3843	306
contig_3	3844	311
contig_3	3845	306
contig_3	3846	312
contig_3	3847	314
contig_3	3848	313
contig_3	3849	315
contig_3	3850	314
contig_3	3851	315
contig_3	3852	314
contig_3	3853	319
contig_3	3854	324
contig_3	3855	320
contig_3	3856	321
contig_3	3857	318
contig_3	3858	317
contig_3	3859	319
contig_3	3860	319
contig_3	3861	318
contig_3	3862	321
contig_3	3863	322
contig_3	3864	314
contig_3	3865	306
contig_3	3866	312
contig_3	3867	312
contig_3	3868	307
contig_3	3869	308
contig_3	3870	307
contig_3	3871	307
contig_3	3872	308
contig_3	3873	307
contig_3	3874	305
contig_3	3875	306
contig_3	3876	302
contig_3	3877	300
contig_3	3878	299
contig_3	3879	282
contig_3	3880	281
contig_3	3881	288
contig_3	3882	288
contig_3	3883	284
contig_3	3884	286
contig_3	3885	288
contig_3	3886	282
contig_3	3887	280
contig_3	3888	284
contig_3	3889	291
contig_3	3890	284
contig_3	3891	286
contig_3	3892	286
contig_3	3893	287
contig_3	3894	290
contig_3	3895	288
contig_3	3896	290
contig_3	3897	293
contig_3	3898	294
contig_3	3899	294
contig_3	3900	298
contig_3	3901	293
contig_3	3902	300
contig_3	3903	302
contig_3	3904	301
contig_3	3905	304
contig_3	3906	316
contig_3	3907	315
contig_3	3908	322
contig_3	3909	321
contig_3	3910	320
contig_3	3911	321
contig_3	3912	313
contig_3	3913	310
contig_3	3914	316
contig_3	3915	312
contig_3	3916	314
contig_3	3917	313
contig_3	3918	311
contig_3	3919	313
contig_3	3920	309
contig_3	3921	314
contig_3	3922	314
contig_3	3923	313
contig_3	3924	310
contig_3	3925	297
contig_3	3926	308
contig_3	3927	314
contig_3	3928	314
contig_3	3929	312
contig_3	3930	314
contig_3	3931	317
contig_3	3932	319
contig_3	3933	314
contig_3	3934	314
contig_3	3935	319
contig_3	3936	320
contig_3	3937	320
contig_3	3938	310
contig_3	3939	318
contig_3	3940	323
contig_3	3941	321
contig_3	3942	319
contig_3	3943	322
contig_3	3944	319
contig_3	3945	320
contig_3	3946	318
contig_3	3947	315
contig_3	3948	313
contig_3	3949	308
contig_3	3950	295
contig_3	3951	311
contig_3	3952	304
contig_3	3953	297
contig_3	3954	289
contig_3	3955	290
contig_3	3956	288
contig_3	3957	283
contig_3	3958	294
contig_3	3959	292
contig_3	3960	286
contig_3	3961	296
contig_3	3962	299
contig_3	3963	292
contig_3	3964	297
contig_3	3965	297
contig_3	3966	299
contig_3	3967	293
contig_3	3968	296
contig_3	3969	299
contig_3	3970	297
contig_3	3971	298
contig_3	3972	303
contig_3	3973	300
contig_3	3974	302
contig_3	3975	297
contig_3	3976	301
contig_3	3977	292
contig_3	3978	297
contig_3	3979	302
contig_3	3980	300
contig_3	3981	298
contig_3	3982	297
contig_3	3983	292
contig_3	3984	300
contig_3	3985	287
contig_3	3986	293
contig_3	3987	296
contig_3	3988	292
contig_3	3989	292
contig_3	3990	289
contig_3	3991	288
contig_3	3992	290
contig_3	3993	292
contig_3	3994	286
contig_3	3995	288
contig_3	3996	292
contig_3	3997	289
contig_3	3998	287
contig_3	3999	290
contig_3	4000	285
contig_3	4001	286
contig_3	4002	282
contig_3	4003	287
contig_3	4004	278
contig_3	4005	283
contig_3	4006	282
contig_3	4007	285
contig_3	4008	286
contig_3	4009	286
contig_3	4010	289
contig_3	4011	287
contig_3	4012	286
contig_3	4013	285
contig_3	4014	285
contig_3	4015	280
contig_3	4016	284
contig_3	4017	283
contig_3	4018	285
contig_3	4019	285
contig_3	4020	281
contig_3	4021	278
contig_3	4022	269
contig_3	4023	281
contig_3	4024	282
contig_3	4025	281
contig_3	4026	281
contig_3	4027	283
contig_3	4028	287
contig_3	4029	285
contig_3	4030	287
contig_3	4031	286
contig_3	4032	280
contig_3	4033	283
contig_3	4034	291
contig_3	4035	291
contig_3	4036	292
contig_3	4037	293
contig_3	4038	277
contig_3	4039	287
contig_3	4040	282
contig_3	4041	288
contig_3	4042	290
contig_3	4043	285
contig_3	4044	290
contig_3	4045	297
contig_3	4046	301
contig_3	4047	297
contig_3	4048	291
contig_3	4049	283
contig_3	4050	291
contig_3	4051	289
contig_3	4052	284
contig_3	4053	285
contig_3	4054	287
contig_3	4055	277
contig_3	4056	281
contig_3	4057	282
contig_3	4058	278
contig_3	4059	274
contig_3	4060	273
contig_3	4061	273
contig_3	4062	267
contig_3	4063	275
contig_3	4064	271
contig_3	4065	268
contig_3	4066	273
contig_3	4067	277
contig_3	4068	288
contig_3	4069	283
contig_3	4070	285
contig_3	4071	286
contig_3	4072	286
contig_3	4073	284
contig_3	4074	285
contig_3	4075	289
contig_3	4076	282
contig_3	4077	282
contig_3	4078	282
contig_3	4079	276
contig_3	4080	271
contig_3	4081	288
contig_3	4082	281
contig_3	4083	284
contig_3	4084	283
contig_3	4085	277
contig_3	4086	285
contig_3	4087	293
contig_3	4088	290
contig_3	4089	285
contig_3	4090	278
contig_3	4091	283
contig_3	4092	284
contig_3	4093	285
contig_3	4094	284
contig_3	4095	287
contig_3	4096	286
contig_3	4097	286
contig_3	4098	288
contig_3	4099	288
contig_3	4100	285
contig_3	4101	284
contig_3	4102	290
contig_3	4103	289
contig_3	4104	290
contig_3	4105	293
contig_3	4106	300
contig_3	4107	296
contig_3	4108	297
contig_3	4109	291
contig_3	4110	293
contig_3	4111	295
contig_3	4112	296
contig_3	4113	296
contig_3	4114	295
contig_3	4115	292
contig_3	4116	295
contig_3	4117	297
contig_3	4118	286
contig_3	4119	279
contig_3	4120	284
contig_3	4121	289
contig_3	4122	291
contig_3	4123	299
contig_3	4124	301
contig_3	4125	303
contig_3	4126	296
contig_3	4127	303
contig_3	4128	308
contig_3	4129	299
contig_3	4130	300
contig_3	4131	304
contig_3	4132	313
contig_3	4133	308
contig_3	4134	311
contig_3	4135	299
contig_3	4136	316
contig_3	4137	315
contig_3	4138	313
contig_3	4139	319
contig_3	4140	319
contig_3	4141	320
contig_3	4142	320
contig_3	4143	317
contig_3	4144	316
contig_3	4145	317
contig_3	4146	319
contig_3	4147	321
contig_3	4148	317
contig_3	4149	314
contig_3	4150	316
contig_3	4151	310
contig_3	4152	315
contig_3	4153	319
contig_3	4154	317
contig_3	4155	313
contig_3	4156	299
contig_3	4157	310
contig_3	4158	307
contig_3	4159	309
contig_3	4160	307
contig_3	4161	313
contig_3	4162	311
contig_3	4163	310
contig_3	4164	311
contig_3	4165	311
contig_3	4166	318
contig_3	4167	320
contig_3	4168	317
contig_3	4169	315
contig_3	4170	313
contig_3	4171	315
contig_3	4172	314
contig_3	4173	312
contig_3	4174	318
contig_3	4175	306
contig_3	4176	308
contig_3	4177	305
contig_3	4178	307
contig_3	4179	312
contig_3	4180	307
contig_3	4181	314
contig_3	4182	321
contig_3	4183	316
contig_3	4184	315
contig_3	4185	313
contig_3	4186	315
contig_3	4187	317
contig_3	4188	316
contig_3	4189	324
contig_3	4190	325
contig_3	4191	322
contig_3	4192	325
contig_3	4193	329
contig_3	4194	332
contig_3	4195	331
contig_3	4196	321
contig_3	4197	324
contig_3	4198	328
contig_3	4199	325
contig_3	4200	327
contig_3	4201	322
contig_3	4202	321
contig_3	4203	329
contig_3	4204	328
contig_3	4205	322
contig_3	4206	311
contig_3	4207	319
contig_3	4208	331
contig_3	4209	332
contig_3	4210	332
contig_3	4211	333
contig_3	4212	334
contig_3	4213	327
contig_3	4214	328
contig_3	4215	329
contig_3	4216	316
contig_3	4217	319
contig_3	4218	313
contig_3	4219	315
contig_3	4220	308
contig_3	4221	314
contig_3	4222	311
contig_3	4223	313
contig_3	4224	309
contig_3	4225	307
contig_3	4226	304
contig_3	4227	309
contig_3	4228	304
contig_3	4229	302
contig_3	4230	295
contig_3	4231	298
contig_3	4232	301
contig_3	4233	294
contig_3	4234	292
contig_3	4235	291
contig_3	4236	290
contig_3	4237	290
contig_3	4238	282
contig_3	4239	288
contig_3	4240	290
contig_3	4241	290
contig_3	4242	284
contig_3	4243	289
contig_3	4244	292
contig_3	4245	288
contig_3	4246	292
contig_3	4247	298
contig_3	4248	296
contig_3	4249	296
contig_3	4250	300
contig_3	4251	295
contig_3	4252	294
contig_3	4253	293
contig_3	4254	296
contig_3	4255	285
contig_3	4256	281
contig_3	4257	282
contig_3	4258	283
contig_3	4259	283
contig_3	4260	283
contig_3	4261	287
contig_3	4262	286
contig_3	4263	287
contig_3	4264	286
contig_3	4265	278
contig_3	4266	282
contig_3	4267	284
contig_3	4268	282
contig_3	4269	282
contig_3	4270	273
contig_3	4271	272
contig_3	4272	272
contig_3	4273	273
contig_3	4274	274
contig_3	4275	271
contig_3	4276	269
contig_3	4277	267
contig_3	4278	263
contig_3	4279	262
contig_3	4280	261
contig_3	4281	254
contig_3	4282	244
contig_3	4283	248
contig_3	4284	245
contig_3	4285	247
contig_3	4286	248
contig_3	4287	256
contig_3	4288	259
contig_3	4289	258
contig_3	4290	255
contig_3	4291	256
contig_3	4292	254
contig_3	4293	254
contig_3	4294	257
contig_3	4295	254
contig_3	4296	259
contig_3	4297	259
contig_3	4298	259
contig_3	4299	260
contig_3	4300	257
contig_3	4301	258
contig_3	4302	265
contig_3	4303	271
contig_3	4304	267
contig_3	4305	269
contig_3	4306	268
contig_3	4307	268
contig_3	4308	274
contig_3	4309	273
contig_3	4310	279
contig_3	4311	276
contig_3	4312	274
contig_3	4313	272
contig_3	4314	276
contig_3	4315	278
contig_3	4316	272
contig_3	4317	274
contig_3	4318	274
contig_3	4319	273
contig_3	4320	284
contig_3	4321	284
contig_3	4322	284
contig_3	4323	282
contig_3	4324	278
contig_3	4325	281
contig_3	4326	283
contig_3	4327	286
contig_3	4328	276
contig_3	4329	273
contig_3	4330	279
contig_3	4331	278
contig_3	4332	278
contig_3	4333	276
contig_3	4334	274
contig_3	4335	267
contig_3	4336	275
contig_3	4337	272
contig_3	4338	268
contig_3	4339	267
contig_3	4340	263
contig_3	4341	270
contig_3	4342	261
contig_3	4343	263
contig_3	4344	261
contig_3	4345	260
contig_3	4346	261
contig_3	4347	260
contig_3	4348	253
contig_3	4349	258
contig_3	4350	254
contig_3	4351	251
contig_3	4352	260
contig_3	4353	255
contig_3	4354	253
contig_3	4355	259
contig_3	4356	257
contig_3	4357	259
contig_3	4358	257
contig_3	4359	258
contig_3	4360	256
contig_3	4361	251
contig_3	4362	254
contig_3	4363	253
contig_3	4364	251
contig_3	4365	247
contig_3	4366	245
contig_3	4367	247
contig_3	4368	244
contig_3	4369	242
contig_3	4370	240
contig_3	4371	245
contig_3	4372	242
contig_3	4373	251
contig_3	4374	249
contig_3	4375	250
contig_3	4376	253
contig_3	4377	252
contig_3	4378	252
contig_3	4379	253
contig_3	4380	257
contig_3	4381	251
contig_3	4382	253
contig_3	4383	249
contig_3	4384	249
contig_3	4385	251
contig_3	4386	248
contig_3	4387	251
contig_3	4388	252
contig_3	4389	245
contig_3	4390	244
contig_3	4391	243
contig_3	4392	245
contig_3	4393	246
contig_3	4394	237
contig_3	4395	240
contig_3	4396	238
contig_3	4397	240
contig_3	4398	240
contig_3	4399	234
contig_3	4400	235
contig_3	4401	232
contig_3	4402	223
contig_3	4403	231
contig_3	4404	227
contig_3	4405	224
contig_3	4406	229
contig_3	4407	228
contig_3	4408	226
contig_3	4409	221
contig_3	4410	225
contig_3	4411	224
contig_3	4412	223
contig_3	4413	222
contig_3	4414	222
contig_3	4415	217
contig_3	4416	219
contig_3	4417	219
contig_3	4418	221
contig_3	4419	220
contig_3	4420	219
contig_3	4421	219
contig_3	4422	218
contig_3	4423	211
contig_3	4424	216
contig_3	4425	215
contig_3	4426	218
contig_3	4427	220
contig_3	4428	227
contig_3	4429	226
contig_3	4430	225
contig_3	4431	226
contig_3	4432	230
contig_3	4433	233
contig_3	4434	230
contig_3	4435	231
contig_3	4436	223
contig_3	4437	220
contig_3	4438	218
contig_3	4439	220
contig_3	4440	223
contig_3	4441	219
contig_3	4442	223
contig_3	4443	231
contig_3	4444	228
contig_3	4445	228
contig_3	4446	228
contig_3	4447	226
contig_3	4448	222
contig_3	4449	219
contig_3	4450	222
contig_3	4451	225
contig_3	4452	223
contig_3	4453	221
contig_3	4454	221
contig_3	4455	220
contig_3	4456	213
contig_3	4457	215
contig_3	4458	217
contig_3	4459	210
contig_3	4460	212
contig_3	4461	215
contig_3	4462	207
contig_3	4463	199
contig_3	4464	203
contig_3	4465	205
contig_3	4466	203
contig_3	4467	197
contig_3	4468	197
contig_3	4469	198
contig_3	4470	196
contig_3	4471	196
contig_3	4472	198
contig_3	4473	195
contig_3	4474	194
contig_3	4475	201
contig_3	4476	200
contig_3	4477	201
contig_3	4478	201
contig_3	4479	196
contig_3	4480	201
contig_3	4481	195
contig_3	4482	194
contig_3	4483	192
contig_3	4484	187
contig_3	4485	191
contig_3	4486	197
contig_3	4487	198
contig_3	4488	193
contig_3	4489	185
contig_3	4490	186
contig_3	4491	183
contig_3	4492	193
contig_3	4493	190
contig_3	4494	197
contig_3	4495	192
contig_3	4496	193
contig_3	4497	196
contig_3	4498	193
contig_3	4499	193
contig_3	4500	187
contig_3	4501	188
contig_3	4502	190
contig_3	4503	182
contig_3	4504	188
contig_3	4505	186
contig_3	4506	186
contig_3	4507	188
contig_3	4508	187
contig_3	4509	187
contig_3	4510	188
contig_3	4511	191
contig_3	4512	184
contig_3	4513	191
contig_3	4514	192
contig_3	4515	192
contig_3	4516	190
contig_3	4517	196
contig_3	4518	192
contig_3	4519	194
contig_3	4520	194
contig_3	4521	190
contig_3	4522	191
contig_3	4523	195
contig_3	4524	193
contig_3	4525	194
contig_3	4526	185
contig_3	4527	188
contig_3	4528	192
contig_3	4529	190
contig_3	4530	183
contig_3	4531	184
contig_3	4532	184
contig_3	4533	181
contig_3	4534	176
contig_3	4535	181
contig_3	4536	179
contig_3	4537	174
contig_3	4538	178
contig_3	4539	178
contig_3	4540	179
contig_3	4541	179
contig_3	4542	179
contig_3	4543	180
contig_3	4544	177
contig_3	4545	177
contig_3	4546	174
contig_3	4547	167
contig_3	4548	172
contig_3	4549	172
contig_3	4550	179
contig_3	4551	180
contig_3	4552	181
contig_3	4553	178
contig_3	4554	179
contig_3	4555	180
contig_3	4556	183
contig_3	4557	188
contig_3	4558	186
contig_3	4559	190
contig_3	4560	186
contig_3	4561	187
contig_3	4562	186
contig_3	4563	186
contig_3	4564	189
contig_3	4565	190
contig_3	4566	191
contig_3	4567	190
contig_3	4568	191
contig_3	4569	191
contig_3	4570	191
contig_3	4571	193
contig_3	4572	194
contig_3	4573	192
contig_3	4574	176
contig_3	4575	176
contig_3	4576	180
contig_3	4577	179
contig_3	4578	179
contig_3	4579	180
contig_3	4580	181
contig_3	4581	184
contig_3	4582	182
contig_3	4583	180
contig_3	4584	188
contig_3	4585	182
contig_3	4586	184
contig_3	4587	180
contig_3	4588	179
contig_3	4589	189
contig_3	4590	182
contig_3	4591	176
contig_3	4592	182
contig_3	4593	185
contig_3	4594	184
contig_3	4595	185
contig_3	4596	188
contig_3	4597	192
contig_3	4598	191
contig_3	4599	190
contig_3	4600	187
contig_3	4601	188
contig_3	4602	186
contig_3	4603	187
contig_3	4604	187
contig_3	4605	185
contig_3	4606	181
contig_3	4607	180
contig_3	4608	181
contig_3	4609	182
contig_3	4610	181
contig_3	4611	185
contig_3	4612	183
contig_3	4613	187
contig_3	4614	190
contig_3	4615	194
contig_3	4616	198
contig_3	4617	196
contig_3	4618	200
contig_3	4619	206
contig_3	4620	203
contig_3	4621	206
contig_3	4622	203
contig_3	4623	207
contig_3	4624	209
contig_3	4625	206
contig_3	4626	208
contig_3	4627	211
contig_3	4628	209
contig_3	4629	212
contig_3	4630	216
contig_3	4631	218
contig_3	4632	214
contig_3	4633	226
contig_3	4634	216
contig_3	4635	213
contig_3	4636	220
contig_3	4637	217
contig_3	4638	226
contig_3	4639	218
contig_3	4640	221
contig_3	4641	222
contig_3	4642	217
contig_3	4643	224
contig_3	4644	220
contig_3	4645	223
contig_3	4646	220
contig_3	4647	228
contig_3	4648	229
contig_3	4649	227
contig_3	4650	229
contig_3	4651	230
contig_3	4652	220
contig_3	4653	224
contig_3	4654	223
contig_3	4655	222
contig_3	4656	223
contig_3	4657	227
contig_3	4658	229
contig_3	4659	226
contig_3	4660	230
contig_3	4661	231
contig_3	4662	233
contig_3	4663	231
contig_3	4664	232
contig_3	4665	234
contig_3	4666	237
contig_3	4667	240
contig_3	4668	239
contig_3	4669	234
contig_3	4670	232
contig_3	4671	234
contig_3	4672	236
contig_3	4673	234
contig_3	4674	240
contig_3	4675	240
contig_3	4676	243
contig_3	4677	242
contig_3	4678	244
contig_3	4679	240
contig_3	4680	250
contig_3	4681	252
contig_3	4682	248
contig_3	4683	242
contig_3	4684	251
contig_3	4685	263
contig_3	4686	260
contig_3	4687	264
contig_3	4688	262
contig_3	4689	261
contig_3	4690	257
contig_3	4691	266
contig_3	4692	265
contig_3	4693	266
contig_3	4694	260
contig_3	4695	267
contig_3	4696	266
contig_3	4697	254
contig_3	4698	255
contig_3	4699	259
contig_3	4700	263
contig_3	4701	268
contig_3	4702	273
contig_3	4703	266
contig_3	4704	266
contig_3	4705	264
contig_3	4706	255
contig_3	4707	258
contig_3	4708	261
contig_3	4709	265
contig_3	4710	273
contig_3	4711	272
contig_3	4712	274
contig_3	4713	276
contig_3	4714	275
contig_3	4715	275
contig_3	4716	283
contig_3	4717	282
contig_3	4718	279
contig_3	4719	286
contig_3	4720	283
contig_3	4721	282
contig_3	4722	288
contig_3	4723	289
contig_3	4724	286
contig_3	4725	288
contig_3	4726	291
contig_3	4727	291
contig_3	4728	290
contig_3	4729	286
contig_3	4730	281
contig_3	4731	286
contig_3	4732	286
contig_3	4733	287
contig_3	4734	282
contig_3	4735	287
contig_3	4736	280
contig_3	4737	286
contig_3	4738	279
contig_3	4739	281
contig_3	4740	277
contig_3	4741	276
contig_3	4742	274
contig_3	4743	273
contig_3	4744	274
contig_3	4745	266
contig_3	4746	281
contig_3	4747	285
contig_3	4748	281
contig_3	4749	290
contig_3	4750	286
contig_3	4751	285
contig_3	4752	289
contig_3	4753	289
contig_3	4754	290
contig_3	4755	288
contig_3	4756	292
contig_3	4757	290
contig_3	4758	288
contig_3	4759	298
contig_3	4760	296
contig_3	4761	299
contig_3	4762	294
contig_3	4763	277
contig_3	4764	281
contig_3	4765	288
contig_3	4766	276
contig_3	4767	286
contig_3	4768	284
contig_3	4769	289
contig_3	4770	287
contig_3	4771	286
contig_3	4772	280
contig_3	4773	278
contig_3	4774	280
contig_3	4775	278
contig_3	4776	276
contig_3	4777	277
contig_3	4778	277
contig_3	4779	274
contig_3	4780	274
contig_3	4781	273
contig_3	4782	270
contig_3	4783	269
contig_3	4784	277
contig_3	4785	277
contig_3	4786	278
contig_3	4787	280
contig_3	4788	276
contig_3	4789	279
contig_3	4790	286
contig_3	4791	280
contig_3	4792	282
contig_3	4793	283
contig_3	4794	283
contig_3	4795	284
contig_3	4796	281
contig_3	4797	281
contig_3	4798	279
contig_3	4799	282
contig_3	4800	284
contig_3	4801	283
contig_3	4802	279
contig_3	4803	278
contig_3	4804	283
contig_3	4805	283
contig_3	4806	284
contig_3	4807	283
contig_3	4808	280
contig_3	4809	270
contig_3	4810	274
contig_3	4811	269
contig_3	4812	260
contig_3	4813	269
contig_3	4814	268
contig_3	4815	269
contig_3	4816	266
contig_3	4817	266
contig_3	4818	267
contig_3	4819	270
contig_3	4820	264
contig_3	4821	266
contig_3	4822	268
contig_3	4823	262
contig_3	4824	262
contig_3	4825	257
contig_3	4826	247
contig_3	4827	256
contig_3	4828	259
contig_3	4829	258
contig_3	4830	256
contig_3	4831	261
contig_3	4832	256
contig_3	4833	257
contig_3	4834	255
contig_3	4835	256
contig_3	4836	258
contig_3	4837	257
contig_3	4838	255
contig_3	4839	245
contig_3	4840	247
contig_3	4841	255
contig_3	4842	257
contig_3	4843	251
contig_3	4844	253
contig_3	4845	250
contig_3	4846	249
contig_3	4847	242
contig_3	4848	247
contig_3	4849	251
contig_3	4850	251
contig_3	4851	246
contig_3	4852	240
contig_3	4853	243
contig_3	4854	243
contig_3	4855	240
contig_3	4856	236
contig_3	4857	238
contig_3	4858	238
contig_3	4859	235
contig_3	4860	234
contig_3	4861	231
contig_3	4862	228
contig_3	4863	228
contig_3	4864	227
contig_3	4865	225
contig_3	4866	218
contig_3	4867	223
contig_3	4868	218
contig_3	4869	218
contig_3	4870	216
contig_3	4871	212
contig_3	4872	211
contig_3	4873	211
contig_3	4874	210
contig_3	4875	206
contig_3	4876	207
contig_3	4877	207
contig_3	4878	207
contig_3	4879	207
contig_3	4880	208
contig_3	4881	207
contig_3	4882	205
contig_3	4883	203
contig_3	4884	200
contig_3	4885	200
contig_3	4886	202
contig_3	4887	202
contig_3	4888	201
contig_3	4889	201
contig_3	4890	203
contig_3	4891	199
contig_3	4892	196
contig_3	4893	200
contig_3	4894	197
contig_3	4895	195
contig_3	4896	193
contig_3	4897	189
contig_3	4898	191
contig_3	4899	187
contig_3	4900	183
contig_3	4901	182
contig_3	4902	183
contig_3	4903	182
contig_3	4904	185
contig_3	4905	182
contig_3	4906	185
contig_3	4907	182
contig_3	4908	182
contig_3	4909	171
contig_3	4910	170
contig_3	4911	168
contig_3	4912	166
contig_3	4913	167
contig_3	4914	162
contig_3	4915	158
contig_3	4916	167
contig_3	4917	168
contig_3	4918	165
contig_3	4919	161
contig_3	4920	162
contig_3	4921	159
contig_3	4922	161
contig_3	4923	162
contig_3	4924	155
contig_3	4925	159
contig_3	4926	157
contig_3	4927	157
contig_3	4928	158
contig_3	4929	154
contig_3	4930	151
contig_3	4931	148
contig_3	4932	152
contig_3	4933	147
contig_3	4934	145
contig_3	4935	144
contig_3	4936	144
contig_3	4937	144
contig_3	4938	139
contig_3	4939	145
contig_3	4940	139
contig_3	4941	141
contig_3	4942	136
contig_3	4943	134
contig_3	4944	134
contig_3	4945	135
contig_3	4946	136
contig_3	4947	138
contig_3	4948	132
contig_3	4949	133
contig_3	4950	132
contig_3	4951	133
contig_3	4952	132
contig_3	4953	130
contig_3	4954	129
contig_3	4955	132
contig_3	4956	129
contig_3	4957	132
contig_3	4958	131
contig_3	4959	130
contig_3	4960	135
contig_3	4961	133
contig_3	4962	131
contig_3	4963	124
contig_3	4964	123
contig_3	4965	124
contig_3	4966	126
contig_3	4967	120
contig_3	4968	122
contig_3	4969	124
contig_3	4970	124
contig_3	4971	123
contig_3	4972	125
contig_3	4973	120
contig_3	4974	118
contig_3	4975	121
contig_3	4976	122
contig_3	4977	121
contig_3	4978	118
contig_3	4979	124
contig_3	4980	121
contig_3	4981	116
contig_3	4982	117
contig_3	4983	119
contig_3	4984	127
contig_3	4985	123
contig_3	4986	119
contig_3	4987	124
contig_3	4988	123
contig_3	4989	125
contig_3	4990	123
contig_3	4991	121
contig_3	4992	118
contig_3	4993	119
contig_3	4994	117
contig_3	4995	113
contig_3	4996	118
contig_3	4997	118
contig_3	4998	117
contig_3	4999	112
contig_3	5000	113
contig_3	5001	113
contig_3	5002	116
contig_3	5003	114
contig_3	5004	117
contig_3	5005	114
contig_3	5006	116
contig_3	5007	116
contig_3	5008	117
contig_3	5009	114
contig_3	5010	116
contig_3	5011	118
contig_3	5012	115
contig_3	5013	113
contig_3	5014	118
contig_3	5015	118
contig_3	5016	116
contig_3	5017	115
contig_3	5018	113
contig_3	5019	113
contig_3	5020	115
contig_3	5021	112
contig_3	5022	114
contig_3	5023	115
contig_3	5024	114
contig_3	5025	115
contig_3	5026	114
contig_3	5027	114
contig_3	5028	114
contig_3	5029	113
contig_3	5030	114
contig_3	5031	112
contig_3	5032	113
contig_3	5033	115
contig_3	5034	114
contig_3	5035	116
contig_3	5036	118
contig_3	5037	119
contig_3	5038	120
contig_3	5039	118
contig_3	5040	118
contig_3	5041	122
contig_3	5042	122
contig_3	5043	121
contig_3	5044	125
contig_3	5045	126
contig_3	5046	125
contig_3	5047	124
contig_3	5048	126
contig_3	5049	124
contig_3	5050	127
contig_3	5051	126
contig_3	5052	124
contig_3	5053	128
contig_3	5054	128
contig_3	5055	131
contig_3	5056	135
contig_3	5057	132
contig_3	5058	135
contig_3	5059	137
contig_3	5060	136
contig_3	5061	139
contig_3	5062	141
contig_3	5063	143
contig_3	5064	145
contig_3	5065	146
contig_3	5066	151
contig_3	5067	152
contig_3	5068	151
contig_3	5069	154
contig_3	5070	155
contig_3	5071	152
contig_3	5072	157
contig_3	5073	161
contig_3	5074	162
contig_3	5075	159
contig_3	5076	166
contig_3	5077	168
contig_3	5078	167
contig_3	5079	160
contig_3	5080	165
contig_3	5081	166
contig_3	5082	168
contig_3	5083	167
contig_3	5084	173
contig_3	5085	177
contig_3	5086	174
contig_3	5087	178
contig_3	5088	178
contig_3	5089	181
contig_3	5090	178
contig_3	5091	179
contig_3	5092	180
contig_3	5093	179
contig_3	5094	182
contig_3	5095	179
contig_3	5096	186
contig_3	5097	180
contig_3	5098	181
contig_3	5099	185
contig_3	5100	185
contig_3	5101	183
contig_3	5102	182
contig_3	5103	180
contig_3	5104	181
contig_3	5105	185
contig_3	5106	199
contig_3	5107	206
contig_3	5108	200
contig_3	5109	213
contig_3	5110	211
contig_3	5111	214
contig_3	5112	215
contig_3	5113	215
contig_3	5114	213
contig_3	5115	220
contig_3	5116	219
contig_3	5117	223
contig_3	5118	221
contig_3	5119	228
contig_3	5120	228
contig_3	5121	226
contig_3	5122	230
contig_3	5123	232
contig_3	5124	224
contig_3	5125	234
contig_3	5126	234
contig_3	5127	235
contig_3	5128	243
contig_3	5129	240
contig_3	5130	244
contig_3	5131	245
contig_3	5132	247
contig_3	5133	247
contig_3	5134	242
contig_3	5135	245
contig_3	5136	246
contig_3	5137	247
contig_3	5138	246
contig_3	5139	243
contig_3	5140	244
contig_3	5141	247
contig_3	5142	250
contig_3	5143	256
contig_3	5144	254
contig_3	5145	260
contig_3	5146	263
contig_3	5147	260
contig_3	5148	263
contig_3	5149	257
contig_3	5150	261
contig_3	5151	263
contig_3	5152	266
contig_3	5153	260
contig_3	5154	264
contig_3	5155	266
contig_3	5156	275
contig_3	5157	278
contig_3	5158	274
contig_3	5159	279
contig_3	5160	279
contig_3	5161	279
contig_3	5162	280
contig_3	5163	279
contig_3	5164	281
contig_3	5165	285
contig_3	5166	286
contig_3	5167	286
contig_3	5168	289
contig_3	5169	294
contig_3	5170	295
contig_3	5171	301
contig_3	5172	295
contig_3	5173	296
contig_3	5174	298
contig_3	5175	300
contig_3	5176	297
contig_3	5177	298
contig_3	5178	307
contig_3	5179	304
contig_3	5180	306
contig_3	5181	310
contig_3	5182	310
contig_3	5183	308
contig_3	5184	304
contig_3	5185	316
contig_3	5186	319
contig_3	5187	312
contig_3	5188	309
contig_3	5189	314
contig_3	5190	310
contig_3	5191	311
contig_3	5192	308
contig_3	5193	310
contig_3	5194	311
contig_3	5195	308
contig_3	5196	309
contig_3	5197	307
contig_3	5198	301
contig_3	5199	309
contig_3	5200	311
contig_3	5201	299
contig_3	5202	305
contig_3	5203	309
contig_3	5204	308
contig_3	5205	307
contig_3	5206	303
contig_3	5207	299
contig_3	5208	299
contig_3	5209	294
contig_3	5210	296
contig_3	5211	294
contig_3	5212	291
contig_3	5213	287
contig_3	5214	287
contig_3	5215	289
contig_3	5216	286
contig_3	5217	289
contig_3	5218	290
contig_3	5219	291
contig_3	5220	290
contig_3	5221	287
contig_3	5222	289
contig_3	5223	287
contig_3	5224	286
contig_3	5225	283
contig_3	5226	284
contig_3	5227	275
contig_3	5228	277
contig_3	5229	274
contig_3	5230	276
contig_3	5231	274
contig_3	5232	271
contig_3	5233	273
contig_3	5234	271
contig_3	5235	266
contig_3	5236	261
contig_3	5237	264
contig_3	5238	262
contig_3	5239	261
contig_3	5240	262
contig_3	5241	254
contig_3	5242	255
contig_3	5243	255
contig_3	5244	253
contig_3	5245	259
contig_3	5246	258
contig_3	5247	257
contig_3	5248	260
contig_3	5249	261
contig_3	5250	262
contig_3	5251	259
contig_3	5252	258
contig_3	5253	259
contig_3	5254	258
contig_3	5255	258
contig_3	5256	250
contig_3	5257	247
contig_3	5258	246
contig_3	5259	249
contig_3	5260	239
contig_3	5261	239
contig_3	5262	241
contig_3	5263	240
contig_3	5264	234
contig_3	5265	237
contig_3	5266	230
contig_3	5267	234
contig_3	5268	228
contig_3	5269	234
contig_3	5270	233
contig_3	5271	234
contig_3	5272	231
contig_3	5273	226
contig_3	5274	226
contig_3	5275	221
contig_3	5276	221
contig_3	5277	225
contig_3	5278	218
contig_3	5279	215
contig_3	5280	218
contig_3	5281	216
contig_3	5282	218
contig_3	5283	220
contig_3	5284	221
contig_3	5285	224
contig_3	5286	225
contig_3	5287	224
contig_3	5288	223
contig_3	5289	223
contig_3	5290	220
contig_3	5291	223
contig_3	5292	218
contig_3	5293	213
contig_3	5294	212
contig_3	5295	210
contig_3	5296	211
contig_3	5297	209
contig_3	5298	207
contig_3	5299	199
contig_3	5300	208
contig_3	5301	207
contig_3	5302	208
contig_3	5303	205
contig_3	5304	206
contig_3	5305	205
contig_3	5306	205
contig_3	5307	202
contig_3	5308	198
contig_3	5309	201
contig_3	5310	198
contig_3	5311	201
contig_3	5312	203
contig_3	5313	204
contig_3	5314	202
contig_3	5315	197
contig_3	5316	205
contig_3	5317	203
contig_3	5318	204
contig_3	5319	197
contig_3	5320	189
contig_3	5321	188
contig_3	5322	188
contig_3	5323	181
contig_3	5324	176
contig_3	5325	171
contig_3	5326	175
contig_3	5327	175
contig_3	5328	174
contig_3	5329	175
contig_3	5330	175
contig_3	5331	169
contig_3	5332	175
contig_3	5333	175
contig_3	5334	174
contig_3	5335	173
contig_3	5336	174
contig_3	5337	174
contig_3	5338	174
contig_3	5339	170
contig_3	5340	172
contig_3	5341	174
contig_3	5342	176
contig_3	5343	176
contig_3	5344	175
contig_3	5345	177
contig_3	5346	177
contig_3	5347	176
contig_3	5348	177
contig_3	5349	179
contig_3	5350	179
contig_3	5351	176
contig_3	5352	175
contig_3	5353	170
contig_3	5354	171
contig_3	5355	171
contig_3	5356	169
contig_3	5357	172
contig_3	5358	172
contig_3	5359	173
contig_3	5360	170
contig_3	5361	175
contig_3	5362	175
contig_3	5363	173
contig_3	5364	174
contig_3	5365	174
contig_3	5366	171
contig_3	5367	173
contig_3	5368	173
contig_3	5369	172
contig_3	5370	173
contig_3	5371	173
contig_3	5372	174
contig_3	5373	174
contig_3	5374	174
contig_3	5375	173
contig_3	5376	174
contig_3	5377	179
contig_3	5378	178
contig_3	5379	181
contig_3	5380	185
contig_3	5381	178
contig_3	5382	183
contig_3	5383	179
contig_3	5384	183
contig_3	5385	185
contig_3	5386	185
contig_3	5387	185
contig_3	5388	189
contig_3	5389	191
contig_3	5390	189
contig_3	5391	189
contig_3	5392	188
contig_3	5393	190
contig_3	5394	194
contig_3	5395	193
contig_3	5396	186
contig_3	5397	191
contig_3	5398	189
contig_3	5399	194
contig_3	5400	192
contig_3	5401	192
contig_3	5402	193
contig_3	5403	195
contig_3	5404	194
contig_3	5405	199
contig_3	5406	197
contig_3	5407	203
contig_3	5408	197
contig_3	5409	198
contig_3	5410	200
contig_3	5411	198
contig_3	5412	196
contig_3	5413	197
contig_3	5414	201
contig_3	5415	206
contig_3	5416	205
contig_3	5417	206
contig_3	5418	209
contig_3	5419	205
contig_3	5420	209
contig_3	5421	209
contig_3	5422	210
contig_3	5423	210
contig_3	5424	209
contig_3	5425	209
contig_3	5426	210
contig_3	5427	213
contig_3	5428	214
contig_3	5429	218
contig_3	5430	217
contig_3	5431	217
contig_3	5432	215
contig_3	5433	219
contig_3	5434	217
contig_3	5435	219
contig_3	5436	221
contig_3	5437	220
contig_3	5438	214
contig_3	5439	219
contig_3	5440	220
contig_3	5441	220
contig_3	5442	226
contig_3	5443	227
contig_3	5444	233
contig_3	5445	235
contig_3	5446	234
contig_3	5447	235
contig_3	5448	236
contig_3	5449	240
contig_3	5450	234
contig_3	5451	239
contig_3	5452	238
contig_3	5453	234
contig_3	5454	241
contig_3	5455	234
contig_3	5456	243
contig_3	5457	247
contig_3	5458	248
contig_3	5459	250
contig_3	5460	248
contig_3	5461	251
contig_3	5462	253
contig_3	5463	246
contig_3	5464	249
contig_3	5465	249
contig_3	5466	239
contig_3	5467	239
contig_3	5468	239
contig_3	5469	243
contig_3	5470	245
contig_3	5471	247
contig_3	5472	246
contig_3	5473	246
contig_3	5474	245
contig_3	5475	250
contig_3	5476	253
contig_3	5477	252
contig_3	5478	254
contig_3	5479	251
contig_3	5480	252
contig_3	5481	253
contig_3	5482	254
contig_3	5483	253
contig_3	5484	255
contig_3	5485	262
contig_3	5486	260
contig_3	5487	265
contig_3	5488	263
contig_3	5489	267
contig_3	5490	266
contig_3	5491	265
contig_3	5492	266
contig_3	5493	268
contig_3	5494	268
contig_3	5495	267
contig_3	5496	269
contig_3	5497	272
contig_3	5498	266
contig_3	5499	269
contig_3	5500	269
contig_3	5501	274
contig_3	5502	269
contig_3	5503	276
contig_3	5504	276
contig_3	5505	276
contig_3	5506	281
contig_3	5507	279
contig_3	5508	277
contig_3	5509	279
contig_3	5510	278
contig_3	5511	272
contig_3	5512	276
contig_3	5513	279
contig_3	5514	285
contig_3	5515	287
contig_3	5516	289
contig_3	5517	291
contig_3	5518	283
contig_3	5519	287
contig_3	5520	282
contig_3	5521	296
contig_3	5522	297
contig_3	5523	284
contig_3	5524	298
contig_3	5525	297
contig_3	5526	297
contig_3	5527	296
contig_3	5528	299
contig_3	5529	297
contig_3	5530	290
contig_3	5531	288
contig_3	5532	294
contig_3	5533	292
contig_3	5534	296
contig_3	5535	299
contig_3	5536	303
contig_3	5537	304
contig_3	5538	307
contig_3	5539	304
contig_3	5540	318
contig_3	5541	320
contig_3	5542	313
contig_3	5543	320
contig_3	5544	315
contig_3	5545	313
contig_3	5546	315
contig_3	5547	314
contig_3	5548	316
contig_3	5549	321
contig_3	5550	318
contig_3	5551	325
contig_3	5552	325
contig_3	5553	328
contig_3	5554	332
contig_3	5555	312
contig_3	5556	321
contig_3	5557	320
contig_3	5558	322
contig_3	5559	327
contig_3	5560	320
contig_3	5561	317
contig_3	5562	325
contig_3	5563	325
contig_3	5564	320
contig_3	5565	323
contig_3	5566	319
contig_3	5567	321
contig_3	5568	319
contig_3	5569	312
contig_3	5570	308
contig_3	5571	314
contig_3	5572	318
contig_3	5573	319
contig_3	5574	316
contig_3	5575	315
contig_3	5576	313
contig_3	5577	309
contig_3	5578	307
contig_3	5579	315
contig_3	5580	318
contig_3	5581	323
contig_3	5582	321
contig_3	5583	323
contig_3	5584	329
contig_3	5585	326
contig_3	5586	318
contig_3	5587	324
contig_3	5588	330
contig_3	5589	322
contig_3	5590	324
contig_3	5591	322
contig_3	5592	323
contig_3	5593	327
contig_3	5594	326
contig_3	5595	327
contig_3	5596	325
contig_3	5597	322
contig_3	5598	327
contig_3	5599	323
contig_3	5600	321
contig_3	5601	319
contig_3	5602	315
contig_3	5603	325
contig_3	5604	314
contig_3	5605	318
contig_3	5606	320
contig_3	5607	324
contig_3	5608	332
contig_3	5609	329
contig_3	5610	326
contig_3	5611	340
contig_3	5612	344
contig_3	5613	336
contig_3	5614	340
contig_3	5615	341
contig_3	5616	340
contig_3	5617	335
contig_3	5618	332
contig_3	5619	336
contig_3	5620	332
contig_3	5621	329
contig_3	5622	336
contig_3	5623	335
contig_3	5624	335
contig_3	5625	339
contig_3	5626	333
contig_3	5627	337
contig_3	5628	327
contig_3	5629	335
contig_3	5630	335
contig_3	5631	337
contig_3	5632	330
contig_3	5633	332
contig_3	5634	334
contig_3	5635	335
contig_3	5636	333
contig_3	5637	336
contig_3	5638	339
contig_3	5639	335
contig_3	5640	335
contig_3	5641	336
contig_3	5642	339
contig_3	5643	338
contig_3	5644	330
contig_3	5645	334
contig_3	5646	332
contig_3	5647	326
contig_3	5648	334
contig_3	5649	329
contig_3	5650	332
contig_3	5651	331
contig_3	5652	329
contig_3	5653	327
contig_3	5654	331
contig_3	5655	331
contig_3	5656	331
contig_3	5657	331
contig_3	5658	331
contig_3	5659	329
contig_3	5660	332
contig_3	5661	337
contig_3	5662	336
contig_3	5663	334
contig_3	5664	328
contig_3	5665	324
contig_3	5666	326
contig_3	5667	323
contig_3	5668	334
contig_3	5669	328
contig_3	5670	331
contig_3	5671	336
contig_3	5672	327
contig_3	5673	331
contig_3	5674	331
contig_3	5675	330
contig_3	5676	324
contig_3	5677	328
contig_3	5678	326
contig_3	5679	320
contig_3	5680	321
contig_3	5681	314
contig_3	5682	312
contig_3	5683	322
contig_3	5684	310
contig_3	5685	322
contig_3	5686	323
contig_3	5687	320
contig_3	5688	317
contig_3	5689	315
contig_3	5690	309
contig_3	5691	315
contig_3	5692	320
contig_3	5693	321
contig_3	5694	320
contig_3	5695	321
contig_3	5696	317
contig_3	5697	321
contig_3	5698	317
contig_3	5699	320
contig_3	5700	315
contig_3	5701	318
contig_3	5702	317
contig_3	5703	311
contig_3	5704	317
contig_3	5705	311
contig_3	5706	311
contig_3	5707	312
contig_3	5708	311
contig_3	5709	308
contig_3	5710	306
contig_3	5711	307
contig_3	5712	305
contig_3	5713	299
contig_3	5714	301
contig_3	5715	304
contig_3	5716	304
contig_3	5717	305
contig_3	5718	308
contig_3	5719	308
contig_3	5720	312
contig_3	5721	306
contig_3	5722	310
contig_3	5723	305
contig_3	5724	307
contig_3	5725	305
contig_3	5726	298
contig_3	5727	293
contig_3	5728	291
contig_3	5729	293
contig_3	5730	291
contig_3	5731	276
contig_3	5732	281
contig_3	5733	285
contig_3	5734	277
contig_3	5735	280
contig_3	5736	281
contig_3	5737	285
contig_3	5738	280
contig_3	5739	285
contig_3	5740	284
contig_3	5741	280
contig_3	5742	278
contig_3	5743	283
contig_3	5744	282
contig_3	5745	280
contig_3	5746	282
contig_3	5747	283
contig_3	5748	283
contig_3	5749	281
contig_3	5750	283
contig_3	5751	281
contig_3	5752	281
contig_3	5753	275
contig_3	5754	278
contig_3	5755	276
contig_3	5756	272
contig_3	5757	274
contig_3	5758	271
contig_3	5759	272
contig_3	5760	270
contig_3	5761	258
contig_3	5762	258
contig_3	5763	258
contig_3	5764	259
contig_3	5765	257
contig_3	5766	255
contig_3	5767	256
contig_3	5768	254
contig_3	5769	254
contig_3	5770	254
contig_3	5771	252
contig_3	5772	253
contig_3	5773	255
contig_3	5774	256
contig_3	5775	254
contig_3	5776	253
contig_3	5777	253
contig_3	5778	252
contig_3	5779	255
contig_3	5780	255
contig_3	5781	253
contig_3	5782	253
contig_3	5783	255
contig_3	5784	255
contig_3	5785	258
contig_3	5786	250
contig_3	5787	253
contig_3	5788	253
contig_3	5789	255
contig_3	5790	252
contig_3	5791	254
contig_3	5792	257
contig_3	5793	259
contig_3	5794	259
contig_3	5795	264
contig_3	5796	260
contig_3	5797	261
contig_3	5798	257
contig_3	5799	258
contig_3	5800	257
contig_3	5801	257
contig_3	5802	259
contig_3	5803	259
contig_3	5804	255
contig_3	5805	254
contig_3	5806	260
contig_3	5807	261
contig_3	5808	262
contig_3	5809	258
contig_3	5810	257
contig_3	5811	257
contig_3	5812	256
contig_3	5813	263
contig_3	5814	261
contig_3	5815	267
contig_3	5816	265
contig_3	5817	271
contig_3	5818	264
contig_3	5819	264
contig_3	5820	258
contig_3	5821	256
contig_3	5822	256
contig_3	5823	254
contig_3	5824	252
contig_3	5825	245
contig_3	5826	243
contig_3	5827	247
contig_3	5828	250
contig_3	5829	245
contig_3	5830	245
contig_3	5831	244
contig_3	5832	245
contig_3	5833	242
contig_3	5834	239
contig_3	5835	241
contig_3	5836	240
contig_3	5837	244
contig_3	5838	243
contig_3	5839	243
contig_3	5840	243
contig_3	5841	236
contig_3	5842	233
contig_3	5843	231
contig_3	5844	231
contig_3	5845	228
contig_3	5846	225
contig_3	5847	230
contig_3	5848	234
contig_3	5849	236
contig_3	5850	234
contig_3	5851	236
contig_3	5852	234
contig_3	5853	237
contig_3	5854	236
contig_3	5855	234
contig_3	5856	238
contig_3	5857	240
contig_3	5858	238
contig_3	5859	242
contig_3	5860	242
contig_3	5861	246
contig_3	5862	247
contig_3	5863	246
contig_3	5864	250
contig_3	5865	248
contig_3	5866	248
contig_3	5867	247
contig_3	5868	244
contig_3	5869	249
contig_3	5870	253
contig_3	5871	251
contig_3	5872	246
contig_3	5873	250
contig_3	5874	251
contig_3	5875	251
contig_3	5876	250
contig_3	5877	253
contig_3	5878	254
contig_3	5879	255
contig_3	5880	256
contig_3	5881	256
contig_3	5882	260
contig_3	5883	266
contig_3	5884	262
contig_3	5885	261
contig_3	5886	264
contig_3	5887	265
contig_3	5888	262
contig_3	5889	262
contig_3	5890	261
contig_3	5891	263
contig_3	5892	255
contig_3	5893	265
contig_3	5894	261
contig_3	5895	265
contig_3	5896	274
contig_3	5897	273
contig_3	5898	277
contig_3	5899	274
contig_3	5900	274
contig_3	5901	273
contig_3	5902	273
contig_3	5903	274
contig_3	5904	275
contig_3	5905	269
contig_3	5906	270
contig_3	5907	273
contig_3	5908	273
contig_3	5909	268
contig_3	5910	274
contig_3	5911	274
contig_3	5912	276
contig_3	5913	276
contig_3	5914	284
contig_3	5915	285
contig_3	5916	280
contig_3	5917	282
contig_3	5918	272
contig_3	5919	280
contig_3	5920	284
contig_3	5921	281
contig_3	5922	282
contig_3	5923	278
contig_3	5924	275
contig_3	5925	278
contig_3	5926	274
contig_3	5927	275
contig_3	5928	274
contig_3	5929	270
contig_3	5930	276
contig_3	5931	275
contig_3	5932	271
contig_3	5933	272
contig_3	5934	272
contig_3	5935	268
contig_3	5936	266
contig_3	5937	274
contig_3	5938	267
contig_3	5939	271
contig_3	5940	264
contig_3	5941	265
contig_3	5942	260
contig_3	5943	268
contig_3	5944	265
contig_3	5945	274
contig_3	5946	271
contig_3	5947	269
contig_3	5948	269
contig_3	5949	270
contig_3	5950	267
contig_3	5951	270
contig_3	5952	266
contig_3	5953	273
contig_3	5954	274
contig_3	5955	269
contig_3	5956	267
contig_3	5957	268
contig_3	5958	272
contig_3	5959	275
contig_3	5960	276
contig_3	5961	282
contig_3	5962	284
contig_3	5963	285
contig_3	5964	283
contig_3	5965	276
contig_3	5966	279
contig_3	5967	278
contig_3	5968	274
contig_3	5969	272
contig_3	5970	272
contig_3	5971	275
contig_3	5972	278
contig_3	5973	280
contig_3	5974	281
contig_3	5975	282
contig_3	5976	283
contig_3	5977	284
contig_3	5978	282
contig_3	5979	283
contig_3	5980	285
contig_3	5981	284
contig_3	5982	286
contig_3	5983	282
contig_3	5984	284
contig_3	5985	288
contig_3	5986	282
contig_3	5987	281
contig_3	5988	287
contig_3	5989	286
contig_3	5990	285
contig_3	5991	283
contig_3	5992	283
contig_3	5993	292
contig_3	5994	295
contig_3	5995	296
contig_3	5996	300
contig_3	5997	300
contig_3	5998	300
contig_3	5999	309
contig_3	6000	310
contig_3	6001	308
contig_3	6002	308
contig_3	6003	304
contig_3	6004	309
contig_3	6005	308
contig_3	6006	307
contig_3	6007	307
contig_3	6008	309
contig_3	6009	303
contig_3	6010	312
contig_3	6011	315
contig_3	6012	319
contig_3	6013	326
contig_3	6014	322
contig_3	6015	323
contig_3	6016	328
contig_3	6017	327
contig_3	6018	330
contig_3	6019	325
contig_3	6020	328
contig_3	6021	334
contig_3	6022	337
contig_3	6023	332
contig_3	6024	331
contig_3	6025	327
contig_3	6026	330
contig_3	6027	330
contig_3	6028	333
contig_3	6029	333
contig_3	6030	339
contig_3	6031	338
contig_3	6032	336
contig_3	6033	331
contig_3	6034	338
contig_3	6035	347
contig_3	6036	352
contig_3	6037	357
contig_3	6038	359
contig_3	6039	359
contig_3	6040	367
contig_3	6041	368
contig_3	6042	366
contig_3	6043	362
contig_3	6044	365
contig_3	6045	368
contig_3	6046	363
contig_3	6047	370
contig_3	6048	372
contig_3	6049	367
contig_3	6050	365
contig_3	6051	371
contig_3	6052	369
contig_3	6053	371
contig_3	6054	376
contig_3	6055	382
contig_3	6056	383
contig_3	6057	379
contig_3	6058	382
contig_3	6059	388
contig_3	6060	386
contig_3	6061	387
contig_3	6062	391
contig_3	6063	386
contig_3	6064	379
contig_3	6065	384
contig_3	6066	392
contig_3	6067	395
contig_3	6068	389
contig_3	6069	392
contig_3	6070	397
contig_3	6071	398
contig_3	6072	380
contig_3	6073	399
contig_3	6074	406
contig_3	6075	405
contig_3	6076	409
contig_3	6077	400
contig_3	6078	416
contig_3	6079	418
contig_3	6080	421
contig_3	6081	411
contig_3	6082	427
contig_3	6083	432
contig_3	6084	425
contig_3	6085	427
contig_3	6086	434
contig_3	6087	428
contig_3	6088	430
contig_3	6089	429
contig_3	6090	423
contig_3	6091	429
contig_3	6092	424
contig_3	6093	421
contig_3	6094	424
contig_3	6095	430
contig_3	6096	441
contig_3	6097	446
contig_3	6098	447
contig_3	6099	446
contig_3	6100	450
contig_3	6101	454
contig_3	6102	457
contig_3	6103	447
contig_3	6104	457
contig_3	6105	460
contig_3	6106	462
contig_3	6107	464
contig_3	6108	466
contig_3	6109	463
contig_3	6110	461
contig_3	6111	459
contig_3	6112	465
contig_3	6113	449
contig_3	6114	457
contig_3	6115	454
contig_3	6116	470
contig_3	6117	470
contig_3	6118	475
contig_3	6119	481
contig_3	6120	466
contig_3	6121	476
contig_3	6122	484
contig_3	6123	461
contig_3	6124	477
contig_3	6125	484
contig_3	6126	475
contig_3	6127	472
contig_3	6128	484
contig_3	6129	494
contig_3	6130	493
contig_3	6131	499
contig_3	6132	497
contig_3	6133	497
contig_3	6134	499
contig_3	6135	498
contig_3	6136	502
contig_3	6137	500
contig_3	6138	502
contig_3	6139	501
contig_3	6140	503
contig_3	6141	500
contig_3	6142	507
contig_3	6143	505
contig_3	6144	499
contig_3	6145	500
contig_3	6146	493
contig_3	6147	489
contig_3	6148	475
contig_3	6149	480
contig_3	6150	478
contig_3	6151	492
contig_3	6152	482
contig_3	6153	482
contig_3	6154	477
contig_3	6155	480
contig_3	6156	482
contig_3	6157	484
contig_3	6158	487
contig_3	6159	479
contig_3	6160	487
contig_3	6161	485
contig_3	6162	477
contig_3	6163	482
contig_3	6164	482
contig_3	6165	486
contig_3	6166	483
contig_3	6167	483
contig_3	6168	481
contig_3	6169	479
contig_3	6170	489
contig_3	6171	484
contig_3	6172	479
contig_3	6173	482
contig_3	6174	482
contig_3	6175	479
contig_3	6176	482
contig_3	6177	483
contig_3	6178	481
contig_3	6179	477
contig_3	6180	477
contig_3	6181	476
contig_3	6182	476
contig_3	6183	473
contig_3	6184	465
contig_3	6185	463
contig_3	6186	454
contig_3	6187	451
contig_3	6188	452
contig_3	6189	458
contig_3	6190	449
contig_3	6191	450
contig_3	6192	445
contig_3	6193	436
contig_3	6194	457
contig_3	6195	444
contig_3	6196	457
contig_3	6197	470
contig_3	6198	473
contig_3	6199	475
contig_3	6200	480
contig_3	6201	480
contig_3	6202	488
contig_3	6203	491
contig_3	6204	481
contig_3	6205	482
contig_3	6206	466
contig_3	6207	481
contig_3	6208	483
contig_3	6209	482
contig_3	6210	472
contig_3	6211	473
contig_3	6212	471
contig_3	6213	473
contig_3	6214	476
contig_3	6215	469
contig_3	6216	456
contig_3	6217	477
contig_3	6218	484
contig_3	6219	491
contig_3	6220	494
contig_3	6221	486
contig_3	6222	488
contig_3	6223	479
contig_3	6224	473
contig_3	6225	486
contig_3	6226	486
contig_3	6227	494
contig_3	6228	484
contig_3	6229	464
contig_3	6230	467
contig_3	6231	468
contig_3	6232	462
contig_3	6233	475
contig_3	6234	475
contig_3	6235	482
contig_3	6236	486
contig_3	6237	487
contig_3	6238	489
contig_3	6239	489
contig_3	6240	481
contig_3	6241	479
contig_3	6242	490
contig_3	6243	486
contig_3	6244	479
contig_3	6245	484
contig_3	6246	475
contig_3	6247	478
contig_3	6248	474
contig_3	6249	471
contig_3	6250	471
contig_3	6251	471
contig_3	6252	453
contig_3	6253	457
contig_3	6254	464
contig_3	6255	463
contig_3	6256	456
contig_3	6257	459
contig_3	6258	455
contig_3	6259	452
contig_3	6260	444
contig_3	6261	457
contig_3	6262	450
contig_3	6263	450
contig_3	6264	444
contig_3	6265	446
contig_3	6266	447
contig_3	6267	444
contig_3	6268	431
contig_3	6269	435
contig_3	6270	433
contig_3	6271	429
contig_3	6272	416
contig_3	6273	409
contig_3	6274	405
contig_3	6275	419
contig_3	6276	419
contig_3	6277	427
contig_3	6278	421
contig_3	6279	424
contig_3	6280	431
contig_3	6281	429
contig_3	6282	431
contig_3	6283	437
contig_3	6284	434
contig_3	6285	432
contig_3	6286	433
contig_3	6287	435
contig_3	6288	438
contig_3	6289	436
contig_3	6290	434
contig_3	6291	432
contig_3	6292	425
contig_3	6293	409
contig_3	6294	419
contig_3	6295	423
contig_3	6296	428
contig_3	6297	418
contig_3	6298	419
contig_3	6299	418
contig_3	6300	412
contig_3	6301	420
contig_3	6302	435
contig_3	6303	431
contig_3	6304	423
contig_3	6305	438
contig_3	6306	441
contig_3	6307	441
contig_3	6308	445
contig_3	6309	442
contig_3	6310	441
contig_3	6311	440
contig_3	6312	442
contig_3	6313	438
contig_3	6314	436
contig_3	6315	440
contig_3	6316	438
contig_3	6317	445
contig_3	6318	441
contig_3	6319	448
contig_3	6320	448
contig_3	6321	447
contig_3	6322	451
contig_3	6323	453
contig_3	6324	455
contig_3	6325	455
contig_3	6326	450
contig_3	6327	450
contig_3	6328	439
contig_3	6329	454
contig_3	6330	450
contig_3	6331	440
contig_3	6332	441
contig_3	6333	456
contig_3	6334	454
contig_3	6335	447
contig_3	6336	456
contig_3	6337	450
contig_3	6338	450
contig_3	6339	453
contig_3	6340	441
contig_3	6341	456
contig_3	6342	455
contig_3	6343	446
contig_3	6344	446
contig_3	6345	442
contig_3	6346	445
contig_3	6347	440
contig_3	6348	435
contig_3	6349	434
contig_3	6350	434
contig_3	6351	434
contig_3	6352	426
contig_3	6353	426
contig_3	6354	417
contig_3	6355	405
contig_3	6356	416
contig_3	6357	412
contig_3	6358	414
contig_3	6359	416
contig_3	6360	416
contig_3	6361	418
contig_3	6362	417
contig_3	6363	410
contig_3	6364	403
contig_3	6365	408
contig_3	6366	399
contig_3	6367	395
contig_3	6368	407
contig_3	6369	402
contig_3	6370	403
contig_3	6371	403
contig_3	6372	403
contig_3	6373	400
contig_3	6374	395
contig_3	6375	395
contig_3	6376	390
contig_3	6377	388
contig_3	6378	391
contig_3	6379	385
contig_3	6380	394
contig_3	6381	393
contig_3	6382	396
contig_3	6383	404
contig_3	6384	397
contig_3	6385	397
contig_3	6386	395
contig_3	6387	385
contig_3	6388	387
contig_3	6389	394
contig_3	6390	389
contig_3	6391	390
contig_3	6392	387
contig_3	6393	391
contig_3	6394	386
contig_3	6395	387
contig_3	6396	386
contig_3	6397	387
contig_3	6398	387
contig_3	6399	382
contig_3	6400	382
contig_3	6401	379
contig_3	6402	381
contig_3	6403	381
contig_3	6404	380
contig_3	6405	379
contig_3	6406	375
contig_3	6407	375
contig_3	6408	376
contig_3	6409	376
contig_3	6410	372
contig_3	6411	358
contig_3	6412	361
contig_3	6413	379
contig_3	6414	375
contig_3	6415	377
contig_3	6416	370
contig_3	6417	367
contig_3	6418	371
contig_3	6419	365
contig_3	6420	365
contig_3	6421	368
contig_3	6422	372
contig_3	6423	367
contig_3	6424	372
contig_3	6425	365
contig_3	6426	363
contig_3	6427	369
contig_3	6428	370
contig_3	6429	357
contig_3	6430	353
contig_3	6431	354
contig_3	6432	366
contig_3	6433	367
contig_3	6434	364
contig_3	6435	363
contig_3	6436	368
contig_3	6437	360
contig_3	6438	357
contig_3	6439	370
contig_3	6440	371
contig_3	6441	363
contig_3	6442	366
contig_3	6443	368
contig_3	6444	362
contig_3	6445	361
contig_3	6446	360
contig_3	6447	352
contig_3	6448	344
contig_3	6449	352
contig_3	6450	354
contig_3	6451	346
contig_3	6452	342
contig_3	6453	334
contig_3	6454	334
contig_3	6455	333
contig_3	6456	328
contig_3	6457	332
contig_3	6458	335
contig_3	6459	329
contig_3	6460	324
contig_3	6461	322
contig_3	6462	322
contig_3	6463	321
contig_3	6464	314
contig_3	6465	318
contig_3	6466	315
contig_3	6467	319
contig_3	6468	319
contig_3	6469	313
contig_3	6470	315
contig_3	6471	310
contig_3	6472	310
contig_3	6473	306
contig_3	6474	309
contig_3	6475	310
contig_3	6476	310
contig_3	6477	317
contig_3	6478	313
contig_3	6479	313
contig_3	6480	323
contig_3	6481	323
contig_3	6482	328
contig_3	6483	325
contig_3	6484	323
contig_3	6485	330
contig_3	6486	319
contig_3	6487	325
contig_3	6488	323
contig_3	6489	321
contig_3	6490	332
contig_3	6491	335
contig_3	6492	333
contig_3	6493	334
contig_3	6494	334
contig_3	6495	337
contig_3	6496	344
contig_3	6497	339
contig_3	6498	342
contig_3	6499	345
contig_3	6500	343
contig_3	6501	336
contig_3	6502	337
contig_3	6503	332
contig_3	6504	332
contig_3	6505	327
contig_3	6506	335
contig_3	6507	325
contig_3	6508	328
contig_3	6509	338
contig_3	6510	343
contig_3	6511	339
contig_3	6512	342
contig_3	6513	342
contig_3	6514	335
contig_3	6515	341
contig_3	6516	345
contig_3	6517	346
contig_3	6518	348
contig_3	6519	344
contig_3	6520	349
contig_3	6521	345
contig_3	6522	346
contig_3	6523	346
contig_3	6524	351
contig_3	6525	350
contig_3	6526	350
contig_3	6527	357
contig_3	6528	355
contig_3	6529	353
contig_3	6530	349
contig_3	6531	344
contig_3	6532	347
contig_3	6533	344
contig_3	6534	344
contig_3	6535	342
contig_3	6536	346
contig_3	6537	341
contig_3	6538	344
contig_3	6539	349
contig_3	6540	338
contig_3	6541	345
contig_3	6542	347
contig_3	6543	336
contig_3	6544	338
contig_3	6545	342
contig_3	6546	337
contig_3	6547	344
contig_3	6548	347
contig_3	6549	348
contig_3	6550	345
contig_3	6551	342
contig_3	6552	337
contig_3	6553	342
contig_3	6554	342
contig_3	6555	344
contig_3	6556	347
contig_3	6557	340
contig_3	6558	338
contig_3	6559	345
contig_3	6560	353
contig_3	6561	353
contig_3	6562	352
contig_3	6563	348
contig_3	6564	334
contig_3	6565	340
contig_3	6566	349
contig_3	6567	346
contig_3	6568	347
contig_3	6569	352
contig_3	6570	352
contig_3	6571	350
contig_3	6572	362
contig_3	6573	359
contig_3	6574	354
contig_3	6575	351
contig_3	6576	345
contig_3	6577	354
contig_3	6578	358
contig_3	6579	346
contig_3	6580	344
contig_3	6581	351
contig_3	6582	346
contig_3	6583	338
contig_3	6584	353
contig_3	6585	350
contig_3	6586	347
contig_3	6587	352
contig_3	6588	343
contig_3	6589	356
contig_3	6590	358
contig_3	6591	355
contig_3	6592	347
contig_3	6593	362
contig_3	6594	362
contig_3	6595	355
contig_3	6596	372
contig_3	6597	364
contig_3	6598	353
contig_3	6599	368
contig_3	6600	365
contig_3	6601	370
contig_3	6602	372
contig_3	6603	365
contig_3	6604	369
contig_3	6605	368
contig_3	6606	368
contig_3	6607	363
contig_3	6608	363
contig_3	6609	356
contig_3	6610	349
contig_3	6611	351
contig_3	6612	356
contig_3	6613	354
contig_3	6614	357
contig_3	6615	353
contig_3	6616	349
contig_3	6617	356
contig_3	6618	353
contig_3	6619	354
contig_3	6620	370
contig_3	6621	364
contig_3	6622	360
contig_3	6623	355
contig_3	6624	365
contig_3	6625	362
contig_3	6626	358
contig_3	6627	364
contig_3	6628	365
contig_3	6629	368
contig_3	6630	363
contig_3	6631	333
contig_3	6632	353
contig_3	6633	356
contig_3	6634	358
contig_3	6635	357
contig_3	6636	349
contig_3	6637	353
contig_3	6638	353
contig_3	6639	347
contig_3	6640	347
contig_3	6641	351
contig_3	6642	347
contig_3	6643	346
contig_3	6644	342
contig_3	6645	328
contig_3	6646	329
contig_3	6647	347
contig_3	6648	339
contig_3	6649	330
contig_3	6650	338
contig_3	6651	339
contig_3	6652	337
contig_3	6653	343
contig_3	6654	344
contig_3	6655	348
contig_3	6656	348
contig_3	6657	348
contig_3	6658	340
contig_3	6659	348
contig_3	6660	342
contig_3	6661	348
contig_3	6662	342
contig_3	6663	342
contig_3	6664	344
contig_3	6665	339
contig_3	6666	338
contig_3	6667	341
contig_3	6668	343
contig_3	6669	340
contig_3	6670	340
contig_3	6671	338
contig_3	6672	343
contig_3	6673	337
contig_3	6674	341
contig_3	6675	343
contig_3	6676	348
contig_3	6677	336
contig_3	6678	327
contig_3	6679	338
contig_3	6680	328
contig_3	6681	327
contig_3	6682	330
contig_3	6683	331
contig_3	6684	333
contig_3	6685	311
contig_3	6686	330
contig_3	6687	319
contig_3	6688	329
contig_3	6689	327
contig_3	6690	312
contig_3	6691	327
contig_3	6692	326
contig_3	6693	328
contig_3	6694	324
contig_3	6695	331
contig_3	6696	331
contig_3	6697	323
contig_3	6698	325
contig_3	6699	309
contig_3	6700	308
contig_3	6701	318
contig_3	6702	320
contig_3	6703	319
contig_3	6704	316
contig_3	6705	310
contig_3	6706	313
contig_3	6707	320
contig_3	6708	321
contig_3	6709	322
contig_3	6710	329
contig_3	6711	326
contig_3	6712	329
contig_3	6713	333
contig_3	6714	335
contig_3	6715	337
contig_3	6716	339
contig_3	6717	340
contig_3	6718	339
contig_3	6719	339
contig_3	6720	336
contig_3	6721	326
contig_3	6722	331
contig_3	6723	320
contig_3	6724	326
contig_3	6725	328
contig_3	6726	317
contig_3	6727	312
contig_3	6728	316
contig_3	6729	323
contig_3	6730	327
contig_3	6731	323
contig_3	6732	319
contig_3	6733	323
contig_3	6734	323
contig_3	6735	332
contig_3	6736	334
contig_3	6737	335
contig_3	6738	330
contig_3	6739	325
contig_3	6740	321
contig_3	6741	317
contig_3	6742	317
contig_3	6743	323
contig_3	6744	319
contig_3	6745	320
contig_3	6746	313
contig_3	6747	319
contig_3	6748	322
contig_3	6749	318
contig_3	6750	311
contig_3	6751	328
contig_3	6752	322
contig_3	6753	324
contig_3	6754	305
contig_3	6755	322
contig_3	6756	318
contig_3	6757	304
contig_3	6758	316
contig_3	6759	319
contig_3	6760	323
contig_3	6761	320
contig_3	6762	320
contig_3	6763	328
contig_3	6764	332
contig_3	6765	327
contig_3	6766	325
contig_3	6767	326
contig_3	6768	330
contig_3	6769	325
contig_3	6770	314
contig_3	6771	321
contig_3	6772	322
contig_3	6773	325
contig_3	6774	325
contig_3	6775	321
contig_3	6776	315
contig_3	6777	317
contig_3	6778	316
contig_3	6779	323
contig_3	6780	314
contig_3	6781	323
contig_3	6782	332
contig_3	6783	333
contig_3	6784	336
contig_3	6785	333
contig_3	6786	325
contig_3	6787	338
contig_3	6788	340
contig_3	6789	336
contig_3	6790	328
contig_3	6791	333
contig_3	6792	333
contig_3	6793	331
contig_3	6794	332
contig_3	6795	333
contig_3	6796	332
contig_3	6797	341
contig_3	6798	346
contig_3	6799	345
contig_3	6800	344
contig_3	6801	338
contig_3	6802	341
contig_3	6803	346
contig_3	6804	339
contig_3	6805	341
contig_3	6806	334
contig_3	6807	338
contig_3	6808	345
contig_3	6809	346
contig_3	6810	345
contig_3	6811	343
contig_3	6812	346
contig_3	6813	337
contig_3	6814	342
contig_3	6815	340
contig_3	6816	337
contig_3	6817	344
contig_3	6818	341
contig_3	6819	337
contig_3	6820	343
contig_3	6821	349
contig_3	6822	346
contig_3	6823	341
contig_3	6824	334
contig_3	6825	346
contig_3	6826	348
contig_3	6827	344
contig_3	6828	346
contig_3	6829	332
contig_3	6830	344
contig_3	6831	346
contig_3	6832	346
contig_3	6833	345
contig_3	6834	345
contig_3	6835	350
contig_3	6836	347
contig_3	6837	334
contig_3	6838	343
contig_3	6839	354
contig_3	6840	357
contig_3	6841	356
contig_3	6842	360
contig_3	6843	361
contig_3	6844	354
contig_3	6845	359
contig_3	6846	353
contig_3	6847	358
contig_3	6848	358
contig_3	6849	358
contig_3	6850	352
contig_3	6851	357
contig_3	6852	355
contig_3	6853	361
contig_3	6854	359
contig_3	6855	361
contig_3	6856	363
contig_3	6857	361
contig_3	6858	353
contig_3	6859	342
contig_3	6860	348
contig_3	6861	342
contig_3	6862	345
contig_3	6863	338
contig_3	6864	343
contig_3	6865	345
contig_3	6866	344
contig_3	6867	341
contig_3	6868	339
contig_3	6869	336
contig_3	6870	342
contig_3	6871	349
contig_3	6872	344
contig_3	6873	339
contig_3	6874	345
contig_3	6875	349
contig_3	6876	346
contig_3	6877	342
contig_3	6878	339
contig_3	6879	345
contig_3	6880	348
contig_3	6881	346
contig_3	6882	344
contig_3	6883	347
contig_3	6884	344
contig_3	6885	346
contig_3	6886	348
contig_3	6887	349
contig_3	6888	351
contig_3	6889	353
contig_3	6890	355
contig_3	6891	353
contig_3	6892	355
contig_3	6893	349
contig_3	6894	352
contig_3	6895	349
contig_3	6896	339
contig_3	6897	335
contig_3	6898	327
contig_3	6899	330
contig_3	6900	330
contig_3	6901	329
contig_3	6902	339
contig_3	6903	337
contig_3	6904	342
contig_3	6905	349
contig_3	6906	343
contig_3	6907	342
contig_3	6908	350
contig_3	6909	344
contig_3	6910	350
contig_3	6911	352
contig_3	6912	347
contig_3	6913	344
contig_3	6914	340
contig_3	6915	344
contig_3	6916	334
contig_3	6917	337
contig_3	6918	334
contig_3	6919	330
contig_3	6920	335
contig_3	6921	326
contig_3	6922	320
contig_3	6923	328
contig_3	6924	325
contig_3	6925	326
contig_3	6926	327
contig_3	6927	328
contig_3	6928	327
contig_3	6929	326
contig_3	6930	324
contig_3	6931	318
contig_3	6932	323
contig_3	6933	318
contig_3	6934	312
contig_3	6935	314
contig_3	6936	315
contig_3	6937	307
contig_3	6938	303
contig_3	6939	306
contig_3	6940	309
contig_3	6941	308
contig_3	6942	300
contig_3	6943	307
contig_3	6944	305
contig_3	6945	286
contig_3	6946	289
contig_3	6947	293
contig_3	6948	298
contig_3	6949	296
contig_3	6950	306
contig_3	6951	305
contig_3	6952	304
contig_3	6953	311
contig_3	6954	307
contig_3	6955	313
contig_3	6956	300
contig_3	6957	305
contig_3	6958	299
contig_3	6959	296
contig_3	6960	284
contig_3	6961	289
contig_3	6962	295
contig_3	6963	296
contig_3	6964	294
contig_3	6965	293
contig_3	6966	298
contig_3	6967	291
contig_3	6968	294
contig_3	6969	294
contig_3	6970	286
contig_3	6971	286
contig_3	6972	287
contig_3	6973	278
contig_3	6974	285
contig_3	6975	281
contig_3	6976	285
contig_3	6977	284
contig_3	6978	281
contig_3	6979	282
contig_3	6980	277
contig_3	6981	289
contig_3	6982	289
contig_3	6983	291
contig_3	6984	286
contig_3	6985	284
contig_3	6986	285
contig_3	6987	285
contig_3	6988	281
contig_3	6989	276
contig_3	6990	276
contig_3	6991	271
contig_3	6992	269
contig_3	6993	265
contig_3	6994	273
contig_3	6995	270
contig_3	6996	274
contig_3	6997	274
contig_3	6998	274
contig_3	6999	280
contig_3	7000	280
contig_3	7001	279
contig_3	7002	277
contig_3	7003	279
contig_3	7004	282
contig_3	7005	285
contig_3	7006	288
contig_3	7007	286
contig_3	7008	285
contig_3	7009	283
contig_3	7010	282
contig_3	7011	276
contig_3	7012	274
contig_3	7013	274
contig_3	7014	272
contig_3	7015	274
contig_3	7016	271
contig_3	7017	274
contig_3	7018	274
contig_3	7019	279
contig_3	7020	278
contig_3	7021	270
contig_3	7022	272
contig_3	7023	276
contig_3	7024	274
contig_3	7025	277
contig_3	7026	280
contig_3	7027	279
contig_3	7028	280
contig_3	7029	277
contig_3	7030	275
contig_3	7031	272
contig_3	7032	270
contig_3	7033	271
contig_3	7034	271
contig_3	7035	263
contig_3	7036	268
contig_3	7037	266
contig_3	7038	264
contig_3	7039	270
contig_3	7040	270
contig_3	7041	267
contig_3	7042	265
contig_3	7043	271
contig_3	7044	269
contig_3	7045	271
contig_3	7046	273
contig_3	7047	277
contig_3	7048	278
contig_3	7049	277
contig_3	7050	278
contig_3	7051	276
contig_3	7052	273
contig_3	7053	276
contig_3	7054	273
contig_3	7055	267
contig_3	7056	263
contig_3	7057	261
contig_3	7058	262
contig_3	7059	258
contig_3	7060	266
contig_3	7061	265
contig_3	7062	265
contig_3	7063	272
contig_3	7064	271
contig_3	7065	279
contig_3	7066	282
contig_3	7067	282
contig_3	7068	284
contig_3	7069	286
contig_3	7070	289
contig_3	7071	285
contig_3	7072	289
contig_3	7073	290
contig_3	7074	286
contig_3	7075	289
contig_3	7076	284
contig_3	7077	278
contig_3	7078	289
contig_3	7079	281
contig_3	7080	293
contig_3	7081	297
contig_3	7082	298
contig_3	7083	296
contig_3	7084	291
contig_3	7085	293
contig_3	7086	297
contig_3	7087	295
contig_3	7088	297
contig_3	7089	302
contig_3	7090	303
contig_3	7091	311
contig_3	7092	313
contig_3	7093	317
contig_3	7094	314
contig_3	7095	317
contig_3	7096	315
contig_3	7097	313
contig_3	7098	308
contig_3	7099	314
contig_3	7100	307
contig_3	7101	305
contig_3	7102	300
contig_3	7103	301
contig_3	7104	297
contig_3	7105	295
contig_3	7106	296
contig_3	7107	294
contig_3	7108	287
contig_3	7109	290
contig_3	7110	287
contig_3	7111	285
contig_3	7112	287
contig_3	7113	293
contig_3	7114	297
contig_3	7115	300
contig_3	7116	293
contig_3	7117	298
contig_3	7118	282
contig_3	7119	282
contig_3	7120	293
contig_3	7121	296
contig_3	7122	292
contig_3	7123	286
contig_3	7124	288
contig_3	7125	276
contig_3	7126	279
contig_3	7127	288
contig_3	7128	292
contig_3	7129	288
contig_3	7130	288
contig_3	7131	284
contig_3	7132	282
contig_3	7133	287
contig_3	7134	287
contig_3	7135	285
contig_3	7136	287
contig_3	7137	278
contig_3	7138	277
contig_3	7139	278
contig_3	7140	282
contig_3	7141	289
contig_3	7142	292
contig_3	7143	287
contig_3	7144	290
contig_3	7145	294
contig_3	7146	291
contig_3	7147	287
contig_3	7148	284
contig_3	7149	281
contig_3	7150	285
contig_3	7151	282
contig_3	7152	278
contig_3	7153	275
contig_3	7154	278
contig_3	7155	270
contig_3	7156	269
contig_3	7157	264
contig_3	7158	258
contig_3	7159	254
contig_3	7160	261
contig_3	7161	259
contig_3	7162	270
contig_3	7163	261
contig_3	7164	262
contig_3	7165	262
contig_3	7166	265
contig_3	7167	263
contig_3	7168	261
contig_3	7169	266
contig_3	7170	266
contig_3	7171	269
contig_3	7172	275
contig_3	7173	270
contig_3	7174	264
contig_3	7175	271
contig_3	7176	267
contig_3	7177	263
contig_3	7178	276
contig_3	7179	261
contig_3	7180	267
contig_3	7181	276
contig_3	7182	273
contig_3	7183	278
contig_3	7184	277
contig_3	7185	278
contig_3	7186	274
contig_3	7187	274
contig_3	7188	271
contig_3	7189	268
contig_3	7190	261
contig_3	7191	261
contig_3	7192	264
contig_3	7193	250
contig_3	7194	246
contig_3	7195	240
contig_3	7196	237
contig_3	7197	239
contig_3	7198	244
contig_3	7199	237
contig_3	7200	243
contig_3	7201	244
contig_3	7202	245
contig_3	7203	243
contig_3	7204	244
contig_3	7205	242
contig_3	7206	241
contig_3	7207	243
contig_3	7208	243
contig_3	7209	237
contig_3	7210	239
contig_3	7211	243
contig_3	7212	236
contig_3	7213	236
contig_3	7214	234
contig_3	7215	222
contig_3	7216	224
contig_3	7217	227
contig_3	7218	228
contig_3	7219	220
contig_3	7220	224
contig_3	7221	218
contig_3	7222	214
contig_3	7223	220
contig_3	7224	214
contig_3	7225	219
contig_3	7226	212
contig_3	7227	203
contig_3	7228	211
contig_3	7229	210
contig_3	7230	205
contig_3	7231	216
contig_3	7232	207
contig_3	7233	212
contig_3	7234	216
contig_3	7235	216
contig_3	7236	216
contig_3	7237	220
contig_3	7238	215
contig_3	7239	213
contig_3	7240	218
contig_3	7241	228
contig_3	7242	227
contig_3	7243	232
contig_3	7244	216
contig_3	7245	223
contig_3	7246	227
contig_3	7247	234
contig_3	7248	235
contig_3	7249	233
contig_3	7250	235
contig_3	7251	235
contig_3	7252	234
contig_3	7253	235
contig_3	7254	230
contig_3	7255	232
contig_3	7256	232
contig_3	7257	234
contig_3	7258	237
contig_3	7259	234
contig_3	7260	232
contig_3	7261	230
contig_3	7262	225
contig_3	7263	221
contig_3	7264	217
contig_3	7265	215
contig_3	7266	214
contig_3	7267	207
contig_3	7268	206
contig_3	7269	213
contig_3	7270	211
contig_3	7271	214
contig_3	7272	216
contig_3	7273	215
contig_3	7274	219
contig_3	7275	217
contig_3	7276	218
contig_3	7277	223
contig_3	7278	224
contig_3	7279	227
contig_3	7280	230
contig_3	7281	228
contig_3	7282	229
contig_3	7283	228
contig_3	7284	229
contig_3	7285	228
contig_3	7286	228
contig_3	7287	233
contig_3	7288	231
contig_3	7289	232
contig_3	7290	232
contig_3	7291	236
contig_3	7292	234
contig_3	7293	229
contig_3	7294	229
contig_3	7295	227
contig_3	7296	228
contig_3	7297	229
contig_3	7298	229
contig_3	7299	229
contig_3	7300	231
contig_3	7301	227
contig_3	7302	228
contig_3	7303	242
contig_3	7304	243
contig_3	7305	240
contig_3	7306	244
contig_3	7307	247
contig_3	7308	252
contig_3	7309	254
contig_3	7310	253
contig_3	7311	251
contig_3	7312	259
contig_3	7313	270
contig_3	7314	267
contig_3	7315	272
contig_3	7316	275
contig_3	7317	277
contig_3	7318	278
contig_3	7319	278
contig_3	7320	280
contig_3	7321	285
contig_3	7322	288
contig_3	7323	284
contig_3	7324	281
contig_3	7325	281
contig_3	7326	281
contig_3	7327	281
contig_3	7328	273
contig_3	7329	275
contig_3	7330	275
contig_3	7331	270
contig_3	7332	271
contig_3	7333	270
contig_3	7334	277
contig_3	7335	272
contig_3	7336	270
contig_3	7337	279
contig_3	7338	279
contig_3	7339	277
contig_3	7340	284
contig_3	7341	281
contig_3	7342	284
contig_3	7343	284
contig_3	7344	273
contig_3	7345	287
contig_3	7346	288
contig_3	7347	291
contig_3	7348	287
contig_3	7349	284
contig_3	7350	293
contig_3	7351	293
contig_3	7352	291
contig_3	7353	293
contig_3	7354	296
contig_3	7355	299
contig_3	7356	296
contig_3	7357	297
contig_3	7358	298
contig_3	7359	299
contig_3	7360	297
contig_3	7361	301
contig_3	7362	304
contig_3	7363	303
contig_3	7364	311
contig_3	7365	312
contig_3	7366	312
contig_3	7367	315
contig_3	7368	317
contig_3	7369	318
contig_3	7370	319
contig_3	7371	319
contig_3	7372	321
contig_3	7373	316
contig_3	7374	321
contig_3	7375	316
contig_3	7376	324
contig_3	7377	328
contig_3	7378	329
contig_3	7379	328
contig_3	7380	330
contig_3	7381	322
contig_3	7382	323
contig_3	7383	322
contig_3	7384	326
contig_3	7385	318
contig_3	7386	320
contig_3	7387	322
contig_3	7388	320
contig_3	7389	318
contig_3	7390	320
contig_3	7391	317
contig_3	7392	312
contig_3	7393	310
contig_3	7394	312
contig_3	7395	314
contig_3	7396	318
contig_3	7397	321
contig_3	7398	325
contig_3	7399	321
contig_3	7400	316
contig_3	7401	320
contig_3	7402	328
contig_3	7403	330
contig_3	7404	333
contig_3	7405	331
contig_3	7406	334
contig_3	7407	338
contig_3	7408	330
contig_3	7409	332
contig_3	7410	342
contig_3	7411	342
contig_3	7412	347
contig_3	7413	347
contig_3	7414	353
contig_3	7415	355
contig_3	7416	356
contig_3	7417	352
contig_3	7418	356
contig_3	7419	360
contig_3	7420	360
contig_3	7421	364
contig_3	7422	366
contig_3	7423	361
contig_3	7424	362
contig_3	7425	362
contig_3	7426	353
contig_3	7427	361
contig_3	7428	357
contig_3	7429	356
contig_3	7430	351
contig_3	7431	356
contig_3	7432	360
contig_3	7433	362
contig_3	7434	360
contig_3	7435	362
contig_3	7436	360
contig_3	7437	362
contig_3	7438	361
contig_3	7439	358
contig_3	7440	354
contig_3	7441	347
contig_3	7442	361
contig_3	7443	360
contig_3	7444	361
contig_3	7445	365
contig_3	7446	363
contig_3	7447	360
contig_3	7448	366
contig_3	7449	358
contig_3	7450	360
contig_3	7451	361
contig_3	7452	362
contig_3	7453	362
contig_3	7454	365
contig_3	7455	365
contig_3	7456	373
contig_3	7457	371
contig_3	7458	374
contig_3	7459	371
contig_3	7460	371
contig_3	7461	365
contig_3	7462	359
contig_3	7463	356
contig_3	7464	351
contig_3	7465	352
contig_3	7466	344
contig_3	7467	344
contig_3	7468	351
contig_3	7469	350
contig_3	7470	349
contig_3	7471	349
contig_3	7472	347
contig_3	7473	349
contig_3	7474	352
contig_3	7475	349
contig_3	7476	349
contig_3	7477	351
contig_3	7478	349
contig_3	7479	350
contig_3	7480	348
contig_3	7481	355
contig_3	7482	347
contig_3	7483	348
contig_3	7484	348
contig_3	7485	340
contig_3	7486	343
contig_3	7487	342
contig_3	7488	343
contig_3	7489	337
contig_3	7490	342
contig_3	7491	342
contig_3	7492	340
contig_3	7493	335
contig_3	7494	336
contig_3	7495	340
contig_3	7496	337
contig_3	7497	341
contig_3	7498	337
contig_3	7499	338
contig_3	7500	327
contig_3	7501	336
contig_3	7502	335
contig_3	7503	342
contig_3	7504	330
contig_3	7505	325
contig_3	7506	335
contig_3	7507	339
contig_3	7508	338
contig_3	7509	338
contig_3	7510	345
contig_3	7511	345
contig_3	7512	351
contig_3	7513	355
contig_3	7514	350
contig_3	7515	343
contig_3	7516	338
contig_3	7517	346
contig_3	7518	337
contig_3	7519	341
contig_3	7520	354
contig_3	7521	348
contig_3	7522	349
contig_3	7523	351
contig_3	7524	344
contig_3	7525	343
contig_3	7526	348
contig_3	7527	348
contig_3	7528	349
contig_3	7529	352
contig_3	7530	348
contig_3	7531	347
contig_3	7532	349
contig_3	7533	351
contig_3	7534	353
contig_3	7535	353
contig_3	7536	355
contig_3	7537	359
contig_3	7538	362
contig_3	7539	354
contig_3	7540	352
contig_3	7541	349
contig_3	7542	345
contig_3	7543	350
contig_3	7544	353
contig_3	7545	349
contig_3	7546	349
contig_3	7547	348
contig_3	7548	347
contig_3	7549	343
contig_3	7550	344
contig_3	7551	345
contig_3	7552	346
contig_3	7553	342
contig_3	7554	334
contig_3	7555	337
contig_3	7556	336
contig_3	7557	335
contig_3	7558	331
contig_3	7559	326
contig_3	7560	328
contig_3	7561	332
contig_3	7562	333
contig_3	7563	324
contig_3	7564	329
contig_3	7565	327
contig_3	7566	326
contig_3	7567	327
contig_3	7568	330
contig_3	7569	329
contig_3	7570	331
contig_3	7571	325
contig_3	7572	320
contig_3	7573	328
contig_3	7574	328
contig_3	7575	316
contig_3	7576	325
contig_3	7577	328
contig_3	7578	322
contig_3	7579	313
contig_3	7580	321
contig_3	7581	315
contig_3	7582	318
contig_3	7583	323
contig_3	7584	323
contig_3	7585	310
contig_3	7586	313
contig_3	7587	317
contig_3	7588	312
contig_3	7589	311
contig_3	7590	308
contig_3	7591	310
contig_3	7592	312
contig_3	7593	314
contig_3	7594	312
contig_3	7595	317
contig_3	7596	311
contig_3	7597	314
contig_3	7598	327
contig_3	7599	323
contig_3	7600	323
contig_3	7601	324
contig_3	7602	323
contig_3	7603	324
contig_3	7604	317
contig_3	7605	317
contig_3	7606	313
contig_3	7607	317
contig_3	7608	313
contig_3	7609	315
contig_3	7610	314
contig_3	7611	300
contig_3	7612	303
contig_3	7613	313
contig_3	7614	312
contig_3	7615	308
contig_3	7616	302
contig_3	7617	294
contig_3	7618	285
contig_3	7619	310
contig_3	7620	313
contig_3	7621	315
contig_3	7622	311
contig_3	7623	312
contig_3	7624	312
contig_3	7625	321
contig_3	7626	323
contig_3	7627	327
contig_3	7628	325
contig_3	7629	316
contig_3	7630	321
contig_3	7631	319
contig_3	7632	319
contig_3	7633	318
contig_3	7634	332
contig_3	7635	333
contig_3	7636	330
contig_3	7637	331
contig_3	7638	334
contig_3	7639	329
contig_3	7640	328
contig_3	7641	330
contig_3	7642	323
contig_3	7643	327
contig_3	7644	330
contig_3	7645	324
contig_3	7646	324
contig_3	7647	323
contig_3	7648	320
contig_3	7649	319
contig_3	7650	317
contig_3	7651	317
contig_3	7652	306
contig_3	7653	310
contig_3	7654	317
contig_3	7655	313
contig_3	7656	315
contig_3	7657	309
contig_3	7658	309
contig_3	7659	307
contig_3	7660	302
contig_3	7661	303
contig_3	7662	304
contig_3	7663	306
contig_3	7664	304
contig_3	7665	298
contig_3	7666	306
contig_3	7667	308
contig_3	7668	308
contig_3	7669	307
contig_3	7670	307
contig_3	7671	302
contig_3	7672	302
contig_3	7673	303
contig_3	7674	305
contig_3	7675	290
contig_3	7676	295
contig_3	7677	293
contig_3	7678	294
contig_3	7679	294
contig_3	7680	294
contig_3	7681	297
contig_3	7682	291
contig_3	7683	290
contig_3	7684	300
contig_3	7685	294
contig_3	7686	291
contig_3	7687	289
contig_3	7688	286
contig_3	7689	285
contig_3	7690	290
contig_3	7691	290
contig_3	7692	290
contig_3	7693	292
contig_3	7694	291
contig_3	7695	292
contig_3	7696	281
contig_3	7697	292
contig_3	7698	288
contig_3	7699	293
contig_3	7700	297
contig_3	7701	296
contig_3	7702	292
contig_3	7703	295
contig_3	7704	298
contig_3	7705	302
contig_3	7706	305
contig_3	7707	310
contig_3	7708	311
contig_3	7709	305
contig_3	7710	313
contig_3	7711	318
contig_3	7712	313
contig_3	7713	307
contig_3	7714	302
contig_3	7715	305
contig_3	7716	309
contig_3	7717	304
contig_3	7718	301
contig_3	7719	299
contig_3	7720	311
contig_3	7721	307
contig_3	7722	300
contig_3	7723	308
contig_3	7724	308
contig_3	7725	309
contig_3	7726	310
contig_3	7727	312
contig_3	7728	311
contig_3	7729	312
contig_3	7730	316
contig_3	7731	319
contig_3	7732	314
contig_3	7733	316
contig_3	7734	315
contig_3	7735	308
contig_3	7736	310
contig_3	7737	321
contig_3	7738	321
contig_3	7739	319
contig_3	7740	316
contig_3	7741	323
contig_3	7742	323
contig_3	7743	320
contig_3	7744	310
contig_3	7745	313
contig_3	7746	305
contig_3	7747	312
contig_3	7748	301
contig_3	7749	303
contig_3	7750	304
contig_3	7751	305
contig_3	7752	302
contig_3	7753	301
contig_3	7754	299
contig_3	7755	303
contig_3	7756	300
contig_3	7757	307
contig_3	7758	308
contig_3	7759	307
contig_3	7760	310
contig_3	7761	312
contig_3	7762	298
contig_3	7763	300
contig_3	7764	312
contig_3	7765	303
contig_3	7766	314
contig_3	7767	313
contig_3	7768	318
contig_3	7769	323
contig_3	7770	319
contig_3	7771	312
contig_3	7772	318
contig_3	7773	328
contig_3	7774	319
contig_3	7775	315
contig_3	7776	322
contig_3	7777	326
contig_3	7778	331
contig_3	7779	334
contig_3	7780	338
contig_3	7781	338
contig_3	7782	339
contig_3	7783	335
contig_3	7784	332
contig_3	7785	329
contig_3	7786	329
contig_3	7787	331
contig_3	7788	330
contig_3	7789	325
contig_3	7790	332
contig_3	7791	338
contig_3	7792	338
contig_3	7793	328
contig_3	7794	334
contig_3	7795	344
contig_3	7796	347
contig_3	7797	346
contig_3	7798	345
contig_3	7799	347
contig_3	7800	343
contig_3	7801	344
contig_3	7802	348
contig_3	7803	342
contig_3	7804	333
contig_3	7805	336
contig_3	7806	325
contig_3	7807	325
contig_3	7808	346
contig_3	7809	344
contig_3	7810	346
contig_3	7811	349
contig_3	7812	342
contig_3	7813	343
contig_3	7814	343
contig_3	7815	350
contig_3	7816	350
contig_3	7817	352
contig_3	7818	353
contig_3	7819	353
contig_3	7820	347
contig_3	7821	349
contig_3	7822	350
contig_3	7823	349
contig_3	7824	350
contig_3	7825	350
contig_3	7826	352
contig_3	7827	355
contig_3	7828	356
contig_3	7829	356
contig_3	7830	352
contig_3	7831	351
contig_3	7832	348
contig_3	7833	349
contig_3	7834	347
contig_3	7835	352
contig_3	7836	352
contig_3	7837	353
contig_3	7838	349
contig_3	7839	357
contig_3	7840	356
contig_3	7841	358
contig_3	7842	340
contig_3	7843	343
contig_3	7844	358
contig_3	7845	358
contig_3	7846	358
contig_3	7847	354
contig_3	7848	349
contig_3	7849	353
contig_3	7850	350
contig_3	7851	348
contig_3	7852	350
contig_3	7853	344
contig_3	7854	339
contig_3	7855	339
contig_3	7856	333
contig_3	7857	330
contig_3	7858	329
contig_3	7859	323
contig_3	7860	314
contig_3	7861	319
contig_3	7862	319
contig_3	7863	309
contig_3	7864	307
contig_3	7865	311
contig_3	7866	312
contig_3	7867	319
contig_3	7868	321
contig_3	7869	318
contig_3	7870	322
contig_3	7871	322
contig_3	7872	319
contig_3	7873	321
contig_3	7874	324
contig_3	7875	319
contig_3	7876	322
contig_3	7877	322
contig_3	7878	319
contig_3	7879	315
contig_3	7880	315
contig_3	7881	314
contig_3	7882	315
contig_3	7883	317
contig_3	7884	314
contig_3	7885	294
contig_3	7886	303
contig_3	7887	308
contig_3	7888	309
contig_3	7889	306
contig_3	7890	313
contig_3	7891	312
contig_3	7892	298
contig_3	7893	304
contig_3	7894	306
contig_3	7895	301
contig_3	7896	304
contig_3	7897	296
contig_3	7898	297
contig_3	7899	301
contig_3	7900	300
contig_3	7901	297
contig_3	7902	301
contig_3	7903	299
contig_3	7904	295
contig_3	7905	292
contig_3	7906	293
contig_3	7907	292
contig_3	7908	294
contig_3	7909	293
contig_3	7910	294
contig_3	7911	291
contig_3	7912	285
contig_3	7913	285
contig_3	7914	282
contig_3	7915	284
contig_3	7916	278
contig_3	7917	281
contig_3	7918	277
contig_3	7919	269
contig_3	7920	265
contig_3	7921	269
contig_3	7922	269
contig_3	7923	265
contig_3	7924	263
contig_3	7925	256
contig_3	7926	252
contig_3	7927	254
contig_3	7928	247
contig_3	7929	233
contig_3	7930	231
contig_3	7931	235
contig_3	7932	239
contig_3	7933	234
contig_3	7934	237
contig_3	7935	239
contig_3	7936	232
contig_3	7937	235
contig_3	7938	232
contig_3	7939	233
contig_3	7940	235
contig_3	7941	222
contig_3	7942	227
contig_3	7943	221
contig_3	7944	226
contig_3	7945	224
contig_3	7946	223
contig_3	7947	219
contig_3	7948	221
contig_3	7949	215
contig_3	7950	216
contig_3	7951	216
contig_3	7952	215
contig_3	7953	216
contig_3	7954	210
contig_3	7955	208
contig_3	7956	209
contig_3	7957	208
contig_3	7958	207
contig_3	7959	205
contig_3	7960	205
contig_3	7961	200
contig_3	7962	201
contig_3	7963	197
contig_3	7964	197
contig_3	7965	191
contig_3	7966	190
contig_3	7967	190
contig_3	7968	185
contig_3	7969	185
contig_3	7970	188
contig_3	7971	184
contig_3	7972	187
contig_3	7973	185
contig_3	7974	181
contig_3	7975	178
contig_3	7976	175
contig_3	7977	176
contig_3	7978	166
contig_3	7979	166
contig_3	7980	164
contig_3	7981	162
contig_3	7982	162
contig_3	7983	163
contig_3	7984	163
contig_3	7985	164
contig_3	7986	163
contig_3	7987	161
contig_3	7988	159
contig_3	7989	156
contig_3	7990	159
contig_3	7991	156
contig_3	7992	156
contig_3	7993	155
contig_3	7994	156
contig_3	7995	153
contig_3	7996	146
contig_3	7997	147
contig_3	7998	144
contig_3	7999	142
contig_3	8000	141
contig_3	8001	139
contig_3	8002	132
contig_3	8003	137
contig_3	8004	140
contig_3	8005	138
contig_3	8006	141
contig_3	8007	142
contig_3	8008	140
contig_3	8009	144
contig_3	8010	136
contig_3	8011	142
contig_3	8012	144
contig_3	8013	146
contig_3	8014	141
contig_3	8015	141
contig_3	8016	137
contig_3	8017	133
contig_3	8018	136
contig_3	8019	132
contig_3	8020	131
contig_3	8021	128
contig_3	8022	127
contig_3	8023	128
contig_3	8024	128
contig_3	8025	129
contig_3	8026	131
contig_3	8027	130
contig_3	8028	128
contig_3	8029	127
contig_3	8030	127
contig_3	8031	123
contig_3	8032	130
contig_3	8033	124
contig_3	8034	123
contig_3	8035	123
contig_3	8036	118
contig_3	8037	116
contig_3	8038	117
contig_3	8039	114
contig_3	8040	118
contig_3	8041	117
contig_3	8042	123
contig_3	8043	123
contig_3	8044	121
contig_3	8045	124
contig_3	8046	122
contig_3	8047	125
contig_3	8048	124
contig_3	8049	124
contig_3	8050	124
contig_3	8051	120
contig_3	8052	121
contig_3	8053	117
contig_3	8054	119
contig_3	8055	116
contig_3	8056	118
contig_3	8057	114
contig_3	8058	115
contig_3	8059	115
contig_3	8060	114
contig_3	8061	111
contig_3	8062	113
contig_3	8063	113
contig_3	8064	110
contig_3	8065	113
contig_3	8066	114
contig_3	8067	113
contig_3	8068	111
contig_3	8069	111
contig_3	8070	113
contig_3	8071	113
contig_3	8072	111
contig_3	8073	113
contig_3	8074	114
contig_3	8075	112
contig_3	8076	112
contig_3	8077	112
contig_3	8078	110
contig_3	8079	112
contig_3	8080	108
contig_3	8081	112
contig_3	8082	111
contig_3	8083	110
contig_3	8084	109
contig_3	8085	109
contig_3	8086	107
contig_3	8087	105
contig_3	8088	106
contig_3	8089	99
contig_3	8090	101
contig_3	8091	105
contig_3	8092	103
contig_3	8093	101
contig_3	8094	98
contig_3	8095	98
contig_3	8096	99
contig_3	8097	101
contig_3	8098	100
contig_3	8099	101
contig_3	8100	102
contig_3	8101	97
contig_3	8102	95
contig_3	8103	90
contig_3	8104	99
contig_3	8105	100
contig_3	8106	98
contig_3	8107	98
contig_3	8108	98
contig_3	8109	96
contig_3	8110	92
contig_3	8111	96
contig_3	8112	95
contig_3	8113	96
contig_3	8114	97
contig_3	8115	97
contig_3	8116	96
contig_3	8117	93
contig_3	8118	97
contig_3	8119	95
contig_3	8120	95
contig_3	8121	92
contig_3	8122	87
contig_3	8123	84
contig_3	8124	84
contig_3	8125	87
contig_3	8126	87
contig_3	8127	87
contig_3	8128	87
contig_3	8129	84
contig_3	8130	86
contig_3	8131	87
contig_3	8132	85
contig_3	8133	87
contig_3	8134	88
contig_3	8135	86
contig_3	8136	88
contig_3	8137	87
contig_3	8138	86
contig_3	8139	87
contig_3	8140	87
contig_3	8141	85
contig_3	8142	86
contig_3	8143	84
contig_3	8144	83
contig_3	8145	85
contig_3	8146	85
contig_3	8147	86
contig_3	8148	85
contig_3	8149	86
contig_3	8150	85
contig_3	8151	84
contig_3	8152	82
contig_3	8153	82
contig_3	8154	79
contig_3	8155	80
contig_3	8156	75
contig_3	8157	78
contig_3	8158	78
contig_3	8159	75
contig_3	8160	78
contig_3	8161	78
contig_3	8162	72
contig_3	8163	72
contig_3	8164	71
contig_3	8165	71
contig_3	8166	72
contig_3	8167	72
contig_3	8168	69
contig_3	8169	67
contig_3	8170	66
contig_3	8171	67
contig_3	8172	64
contig_3	8173	66
contig_3	8174	64
contig_3	8175	63
contig_3	8176	63
contig_3	8177	61
contig_3	8178	60
contig_3	8179	62
contig_3	8180	62
contig_3	8181	60
contig_3	8182	58
contig_3	8183	58
contig_3	8184	57
contig_3	8185	57
contig_3	8186	56
contig_3	8187	55
contig_3	8188	55
contig_3	8189	53
contig_3	8190	53
contig_3	8191	52
contig_3	8192	50
contig_3	8193	49
contig_3	8194	49
contig_3	8195	48
contig_3	8196	47
contig_3	8197	46
contig_3	8198	45
contig_3	8199	45
contig_3	8200	45
contig_3	8201	45
contig_3	8202	45
contig_3	8203	45
contig_3	8204	44
contig_3	8205	45
contig_3	8206	44
contig_3	8207	42
contig_3	8208	43
contig_3	8209	42
contig_3	8210	41
contig_3	8211	41
contig_3	8212	40
contig_3	8213	40
contig_3	8214	39
contig_3	8215	38
contig_3	8216	38
contig_3	8217	38
contig_3	8218	38
contig_3	8219	37
contig_3	8220	34
contig_3	8221	36
contig_3	8222	32
contig_3	8223	32
contig_3	8224	31
contig_3	8225	31
contig_3	8226	30
contig_3	8227	30
contig_3	8228	28
contig_3	8229	29
contig_3	8230	29
contig_3	8231	27
contig_3	8232	27
contig_3	8233	27
contig_3	8234	24
contig_3	8235	24
contig_3	8236	24
contig_3	8237	23
contig_3	8238	22
contig_3	8239	22
contig_3	8240	22
contig_3	8241	21
contig_3	8242	21
contig_3	8243	21
contig_3	8244	21
contig_3	8245	20
contig_3	8246	20
contig_3	8247	19
contig_3	8248	18
contig_3	8249	18
contig_3	8250	16
contig_3	8251	15
contig_3	8252	15
contig_3	8253	14
contig_3	8254	13
contig_3	8255	13
contig_3	8256	11
contig_3	8257	11
contig_3	8258	9
contig_3	8259	9
contig_3	8260	9
contig_3	8261	8
contig_3	8262	8
contig_3	8263	7
contig_3	8264	6
contig_3	8265	6
contig_3	8266	9
contig_3	8267	10
contig_3	8268	10
contig_3	8269	10
contig_3	8270	10
contig_3	8271	11
contig_3	8272	11
contig_3	8273	11
contig_3	8274	11
contig_3	8275	11
contig_3	8276	11
contig_3	8277	11
contig_3	8278	12
contig_3	8279	12
contig_3	8280	12
contig_3	8281	13
contig_3	8282	13
contig_3	8283	13
contig_3	8284	13
contig_3	8285	13
contig_3	8286	14
contig_3	8287	14
contig_3	8288	14
contig_3	8289	14
contig_3	8290	15
contig_3	8291	16
contig_3	8292	16
contig_3	8293	16
contig_3	8294	16
contig_3	8295	15
contig_3	8296	15
contig_3	8297	16
contig_3	8298	16
contig_3	8299	16
contig_3	8300	16
contig_3	8301	17
contig_3	8302	18
contig_3	8303	18
contig_3	8304	18
contig_3	8305	18
contig_3	8306	21
contig_3	8307	22
contig_3	8308	22
contig_3	8309	22
contig_3	8310	23
contig_3	8311	23
contig_3	8312	23
contig_3	8313	23
contig_3	8314	23
contig_3	8315	23
contig_3	8316	25
contig_3	8317	26
contig_3	8318	26
contig_3	8319	26
contig_3	8320	27
contig_3	8321	28
contig_3	8322	28
contig_3	8323	29
contig_3	8324	29
contig_3	8325	29
contig_3	8326	29
contig_3	8327	30
contig_3	8328	31
contig_3	8329	32
contig_3	8330	32
contig_3	8331	33
contig_3	8332	33
contig_3	8333	35
contig_3	8334	36
contig_3	8335	38
contig_3	8336	38
contig_3	8337	40
contig_3	8338	44
contig_3	8339	44
contig_3	8340	46
contig_3	8341	46
contig_3	8342	49
contig_3	8343	49
contig_3	8344	52
contig_3	8345	52
contig_3	8346	53
contig_3	8347	54
contig_3	8348	55
contig_3	8349	54
contig_3	8350	55
contig_3	8351	55
contig_3	8352	56
contig_3	8353	57
contig_3	8354	63
contig_3	8355	67
contig_3	8356	71
contig_3	8357	73
contig_3	8358	72
contig_3	8359	72
contig_3	8360	72
contig_3	8361	74
contig_3	8362	78
contig_3	8363	80
contig_3	8364	82
contig_3	8365	86
contig_3	8366	89
contig_3	8367	91
contig_3	8368	92
contig_3	8369	94
contig_3	8370	101
contig_3	8371	101
contig_3	8372	104
contig_3	8373	108
contig_3	8374	113
contig_3	8375	113
contig_3	8376	114
contig_3	8377	115
contig_3	8378	130
contig_3	8379	129
contig_3	8380	132
contig_3	8381	137
contig_3	8382	137
contig_3	8383	137
contig_3	8384	138
contig_3	8385	141
contig_3	8386	143
contig_3	8387	145
contig_3	8388	146
contig_3	8389	147
contig_3	8390	147
contig_3	8391	150
contig_3	8392	151
contig_3	8393	153
contig_3	8394	154
contig_3	8395	155
contig_3	8396	158
contig_3	8397	158
contig_3	8398	161
contig_3	8399	163
contig_3	8400	166
contig_3	8401	166
contig_3	8402	169
contig_3	8403	169
contig_3	8404	171
contig_3	8405	170
contig_3	8406	175
contig_3	8407	178
contig_3	8408	180
contig_3	8409	177
contig_3	8410	183
contig_3	8411	186
contig_3	8412	190
contig_3	8413	201
contig_3	8414	206
contig_3	8415	210
contig_3	8416	209
contig_3	8417	211
contig_3	8418	215
contig_3	8419	218
contig_3	8420	223
contig_3	8421	227
contig_3	8422	229
contig_3	8423	233
contig_3	8424	236
contig_3	8425	242
contig_3	8426	243
contig_3	8427	247
contig_3	8428	249
contig_3	8429	249
contig_3	8430	255
contig_3	8431	250
contig_3	8432	255
contig_3	8433	261
contig_3	8434	266
contig_3	8435	264
contig_3	8436	266
contig_3	8437	268
contig_3	8438	261
contig_3	8439	264
contig_3	8440	266
contig_3	8441	268
contig_3	8442	271
contig_3	8443	277
contig_3	8444	276
contig_3	8445	283
contig_3	8446	284
contig_3	8447	286
contig_3	8448	289
contig_3	8449	292
contig_3	8450	290
contig_3	8451	296
contig_3	8452	293
contig_3	8453	298
contig_3	8454	300
contig_3	8455	307
contig_3	8456	304
contig_3	8457	303
contig_3	8458	303
contig_3	8459	301
contig_3	8460	301
contig_3	8461	304
contig_3	8462	305
contig_3	8463	312
contig_3	8464	313
contig_3	8465	313
contig_3	8466	311
contig_3	8467	305
contig_3	8468	312
contig_3	8469	319
contig_3	8470	321
contig_3	8471	321
contig_3	8472	331
contig_3	8473	332
contig_3	8474	334
contig_3	8475	336
contig_3	8476	339
contig_3	8477	342
contig_3	8478	343
contig_3	8479	331
contig_3	8480	335
contig_3	8481	341
contig_3	8482	343
contig_3	8483	342
contig_3	8484	346
contig_3	8485	344
contig_3	8486	344
contig_3	8487	343
contig_3	8488	344
contig_3	8489	344
contig_3	8490	345
contig_3	8491	346
contig_3	8492	344
contig_3	8493	351
contig_3	8494	353
contig_3	8495	351
contig_3	8496	364
contig_3	8497	369
contig_3	8498	370
contig_3	8499	376
contig_3	8500	387
contig_3	8501	390
contig_3	8502	388
contig_3	8503	388
contig_3	8504	375
contig_3	8505	389
contig_3	8506	389
contig_3	8507	392
contig_3	8508	398
contig_3	8509	402
contig_3	8510	400
contig_3	8511	403
contig_3	8512	408
contig_3	8513	411
contig_3	8514	417
contig_3	8515	411
contig_3	8516	410
contig_3	8517	413
contig_3	8518	413
contig_3	8519	415
contig_3	8520	404
contig_3	8521	393
contig_3	8522	404
contig_3	8523	403
contig_3	8524	400
contig_3	8525	402
contig_3	8526	395
contig_3	8527	407
contig_3	8528	390
contig_3	8529	391
contig_3	8530	393
contig_3	8531	394
contig_3	8532	395
contig_3	8533	392
contig_3	8534	394
contig_3	8535	393
contig_3	8536	396
contig_3	8537	388
contig_3	8538	389
contig_3	8539	383
contig_3	8540	383
contig_3	8541	391
contig_3	8542	389
contig_3	8543	387
contig_3	8544	388
contig_3	8545	388
contig_3	8546	393
contig_3	8547	397
contig_3	8548	391
contig_3	8549	394
contig_3	8550	394
contig_3	8551	394
contig_3	8552	391
contig_3	8553	397
contig_3	8554	396
contig_3	8555	399
contig_3	8556	402
contig_3	8557	400
contig_3	8558	397
contig_3	8559	401
contig_3	8560	398
contig_3	8561	401
contig_3	8562	395
contig_3	8563	388
contig_3	8564	385
contig_3	8565	382
contig_3	8566	384
contig_3	8567	386
contig_3	8568	388
contig_3	8569	382
contig_3	8570	380
contig_3	8571	383
contig_3	8572	382
contig_3	8573	384
contig_3	8574	381
contig_3	8575	383
contig_3	8576	370
contig_3	8577	378
contig_3	8578	370
contig_3	8579	380
contig_3	8580	377
contig_3	8581	377
contig_3	8582	381
contig_3	8583	382
contig_3	8584	380
contig_3	8585	382
contig_3	8586	384
contig_3	8587	385
contig_3	8588	388
contig_3	8589	391
contig_3	8590	391
contig_3	8591	393
contig_3	8592	397
contig_3	8593	395
contig_3	8594	393
contig_3	8595	392
contig_3	8596	384
contig_3	8597	388
contig_3	8598	389
contig_3	8599	378
contig_3	8600	386
contig_3	8601	387
contig_3	8602	390
contig_3	8603	390
contig_3	8604	403
contig_3	8605	395
contig_3	8606	397
contig_3	8607	409
contig_3	8608	408
contig_3	8609	409
contig_3	8610	416
contig_3	8611	412
contig_3	8612	421
contig_3	8613	423
contig_3	8614	418
contig_3	8615	415
contig_3	8616	419
contig_3	8617	416
contig_3	8618	398
contig_3	8619	409
contig_3	8620	400
contig_3	8621	403
contig_3	8622	397
contig_3	8623	410
contig_3	8624	414
contig_3	8625	416
contig_3	8626	413
contig_3	8627	415
contig_3	8628	423
contig_3	8629	420
contig_3	8630	423
contig_3	8631	419
contig_3	8632	425
contig_3	8633	422
contig_3	8634	422
contig_3	8635	430
contig_3	8636	432
contig_3	8637	423
contig_3	8638	427
contig_3	8639	436
contig_3	8640	421
contig_3	8641	429
contig_3	8642	422
contig_3	8643	431
contig_3	8644	428
contig_3	8645	441
contig_3	8646	435
contig_3	8647	424
contig_3	8648	429
contig_3	8649	421
contig_3	8650	403
contig_3	8651	408
contig_3	8652	410
contig_3	8653	403
contig_3	8654	390
contig_3	8655	401
contig_3	8656	399
contig_3	8657	401
contig_3	8658	410
contig_3	8659	402
contig_3	8660	404
contig_3	8661	409
contig_3	8662	391
contig_3	8663	395
contig_3	8664	401
contig_3	8665	403
contig_3	8666	410
contig_3	8667	419
contig_3	8668	422
contig_3	8669	422
contig_3	8670	424
contig_3	8671	423
contig_3	8672	427
contig_3	8673	427
contig_3	8674	429
contig_3	8675	434
contig_3	8676	432
contig_3	8677	433
contig_3	8678	430
contig_3	8679	434
contig_3	8680	437
contig_3	8681	439
contig_3	8682	443
contig_3	8683	437
contig_3	8684	438
contig_3	8685	441
contig_3	8686	438
contig_3	8687	440
contig_3	8688	446
contig_3	8689	438
contig_3	8690	452
contig_3	8691	452
contig_3	8692	450
contig_3	8693	432
contig_3	8694	447
contig_3	8695	448
contig_3	8696	448
contig_3	8697	447
contig_3	8698	448
contig_3	8699	439
contig_3	8700	431
contig_3	8701	449
contig_3	8702	445
contig_3	8703	438
contig_3	8704	433
contig_3	8705	437
contig_3	8706	447
contig_3	8707	436
contig_3	8708	441
contig_3	8709	436
contig_3	8710	436
contig_3	8711	429
contig_3	8712	444
contig_3	8713	437
contig_3	8714	434
contig_3	8715	441
contig_3	8716	433
contig_3	8717	440
contig_3	8718	440
contig_3	8719	437
contig_3	8720	434
contig_3	8721	429
contig_3	8722	433
contig_3	8723	438
contig_3	8724	437
contig_3	8725	436
contig_3	8726	441
contig_3	8727	444
contig_3	8728	446
contig_3	8729	444
contig_3	8730	443
contig_3	8731	441
contig_3	8732	438
contig_3	8733	440
contig_3	8734	446
contig_3	8735	445
contig_3	8736	450
contig_3	8737	451
contig_3	8738	450
contig_3	8739	453
contig_3	8740	454
contig_3	8741	459
contig_3	8742	465
contig_3	8743	463
contig_3	8744	460
contig_3	8745	467
contig_3	8746	462
contig_3	8747	459
contig_3	8748	452
contig_3	8749	462
contig_3	8750	453
contig_3	8751	454
contig_3	8752	454
contig_3	8753	452
contig_3	8754	462
contig_3	8755	458
contig_3	8756	459
contig_3	8757	457
contig_3	8758	447
contig_3	8759	449
contig_3	8760	440
contig_3	8761	446
contig_3	8762	447
contig_3	8763	451
contig_3	8764	447
contig_3	8765	439
contig_3	8766	453
contig_3	8767	455
contig_3	8768	438
contig_3	8769	439
contig_3	8770	446
contig_3	8771	447
contig_3	8772	443
contig_3	8773	447
contig_3	8774	441
contig_3	8775	449
contig_3	8776	440
contig_3	8777	436
contig_3	8778	425
contig_3	8779	438
contig_3	8780	432
contig_3	8781	436
contig_3	8782	432
contig_3	8783	426
contig_3	8784	431
contig_3	8785	437
contig_3	8786	426
contig_3	8787	436
contig_3	8788	427
contig_3	8789	439
contig_3	8790	429
contig_3	8791	423
contig_3	8792	433
contig_3	8793	434
contig_3	8794	429
contig_3	8795	436
contig_3	8796	438
contig_3	8797	438
contig_3	8798	438
contig_3	8799	445
contig_3	8800	442
contig_3	8801	442
contig_3	8802	441
contig_3	8803	439
contig_3	8804	437
contig_3	8805	432
contig_3	8806	432
contig_3	8807	434
contig_3	8808	427
contig_3	8809	423
contig_3	8810	430
contig_3	8811	425
contig_3	8812	415
contig_3	8813	417
contig_3	8814	414
contig_3	8815	414
contig_3	8816	405
contig_3	8817	387
contig_3	8818	389
contig_3	8819	391
contig_3	8820	383
contig_3	8821	391
contig_3	8822	391
contig_3	8823	389
contig_3	8824	391
contig_3	8825	388
contig_3	8826	372
contig_3	8827	382
contig_3	8828	390
contig_3	8829	392
contig_3	8830	404
contig_3	8831	401
contig_3	8832	404
contig_3	8833	404
contig_3	8834	405
contig_3	8835	406
contig_3	8836	399
contig_3	8837	400
contig_3	8838	398
contig_3	8839	401
contig_3	8840	401
contig_3	8841	400
contig_3	8842	398
contig_3	8843	403
contig_3	8844	407
contig_3	8845	402
contig_3	8846	404
contig_3	8847	398
contig_3	8848	398
contig_3	8849	413
contig_3	8850	409
contig_3	8851	410
contig_3	8852	413
contig_3	8853	419
contig_3	8854	410
contig_3	8855	415
contig_3	8856	415
contig_3	8857	371
contig_3	8858	425
contig_3	8859	431
contig_3	8860	422
contig_3	8861	425
contig_3	8862	429
contig_3	8863	431
contig_3	8864	433
contig_3	8865	433
contig_3	8866	432
contig_3	8867	430
contig_3	8868	435
contig_3	8869	441
contig_3	8870	442
contig_3	8871	444
contig_3	8872	432
contig_3	8873	438
contig_3	8874	449
contig_3	8875	446
contig_3	8876	439
contig_3	8877	433
contig_3	8878	434
contig_3	8879	438
contig_3	8880	436
contig_3	8881	433
contig_3	8882	429
contig_3	8883	425
contig_3	8884	427
contig_3	8885	424
contig_3	8886	421
contig_3	8887	414
contig_3	8888	425
contig_3	8889	423
contig_3	8890	423
contig_3	8891	424
contig_3	8892	423
contig_3	8893	420
contig_3	8894	420
contig_3	8895	420
contig_3	8896	422
contig_3	8897	417
contig_3	8898	413
contig_3	8899	412
contig_3	8900	413
contig_3	8901	412
contig_3	8902	412
contig_3	8903	404
contig_3	8904	394
contig_3	8905	394
contig_3	8906	407
contig_3	8907	402
contig_3	8908	396
contig_3	8909	408
contig_3	8910	417
contig_3	8911	415
contig_3	8912	413
contig_3	8913	410
contig_3	8914	407
contig_3	8915	415
contig_3	8916	413
contig_3	8917	413
contig_3	8918	413
contig_3	8919	410
contig_3	8920	408
contig_3	8921	404
contig_3	8922	399
contig_3	8923	399
contig_3	8924	410
contig_3	8925	399
contig_3	8926	398
contig_3	8927	395
contig_3	8928	395
contig_3	8929	390
contig_3	8930	394
contig_3	8931	394
contig_3	8932	395
contig_3	8933	397
contig_3	8934	383
contig_3	8935	399
contig_3	8936	403
contig_3	8937	401
contig_3	8938	408
contig_3	8939	398
contig_3	8940	399
contig_3	8941	398
contig_3	8942	398
contig_3	8943	401
contig_3	8944	400
contig_3	8945	402
contig_3	8946	402
contig_3	8947	401
contig_3	8948	400
contig_3	8949	407
contig_3	8950	398
contig_3	8951	408
contig_3	8952	408
contig_3	8953	408
contig_3	8954	407
contig_3	8955	402
contig_3	8956	406
contig_3	8957	405
contig_3	8958	401
contig_3	8959	399
contig_3	8960	405
contig_3	8961	397
contig_3	8962	404
contig_3	8963	404
contig_3	8964	400
contig_3	8965	396
contig_3	8966	397
contig_3	8967	398
contig_3	8968	409
contig_3	8969	407
contig_3	8970	414
contig_3	8971	417
contig_3	8972	413
contig_3	8973	415
contig_3	8974	424
contig_3	8975	424
contig_3	8976	421
contig_3	8977	419
contig_3	8978	423
contig_3	8979	429
contig_3	8980	435
contig_3	8981	436
contig_3	8982	427
contig_3	8983	432
contig_3	8984	437
contig_3	8985	435
contig_3	8986	436
contig_3	8987	433
contig_3	8988	430
contig_3	8989	434
contig_3	8990	432
contig_3	8991	420
contig_3	8992	431
contig_3	8993	423
contig_3	8994	420
contig_3	8995	417
contig_3	8996	417
contig_3	8997	400
contig_3	8998	409
contig_3	8999	411
contig_3	9000	401
contig_3	9001	399
contig_3	9002	400
contig_3	9003	387
contig_3	9004	383
contig_3	9005	400
contig_3	9006	403
contig_3	9007	404
contig_3	9008	409
contig_3	9009	406
contig_3	9010	408
contig_3	9011	412
contig_3	9012	416
contig_3	9013	420
contig_3	9014	421
contig_3	9015	414
contig_3	9016	427
contig_3	9017	421
contig_3	9018	424
contig_3	9019	421
contig_3	9020	428
contig_3	9021	427
contig_3	9022	432
contig_3	9023	429
contig_3	9024	424
contig_3	9025	430
contig_3	9026	430
contig_3	9027	427
contig_3	9028	439
contig_3	9029	440
contig_3	9030	445
contig_3	9031	442
contig_3	9032	444
contig_3	9033	436
contig_3	9034	451
contig_3	9035	456
contig_3	9036	448
contig_3	9037	443
contig_3	9038	446
contig_3	9039	447
contig_3	9040	445
contig_3	9041	453
contig_3	9042	449
contig_3	9043	448
contig_3	9044	454
contig_3	9045	454
contig_3	9046	455
contig_3	9047	458
contig_3	9048	461
contig_3	9049	462
contig_3	9050	456
contig_3	9051	450
contig_3	9052	438
contig_3	9053	443
contig_3	9054	440
contig_3	9055	451
contig_3	9056	457
contig_3	9057	457
contig_3	9058	450
contig_3	9059	453
contig_3	9060	442
contig_3	9061	440
contig_3	9062	447
contig_3	9063	449
contig_3	9064	460
contig_3	9065	461
contig_3	9066	462
contig_3	9067	473
contig_3	9068	471
contig_3	9069	446
contig_3	9070	450
contig_3	9071	449
contig_3	9072	467
contig_3	9073	470
contig_3	9074	466
contig_3	9075	479
contig_3	9076	484
contig_3	9077	486
contig_3	9078	486
contig_3	9079	489
contig_3	9080	491
contig_3	9081	496
contig_3	9082	506
contig_3	9083	492
contig_3	9084	499
contig_3	9085	495
contig_3	9086	487
contig_3	9087	498
contig_3	9088	500
contig_3	9089	503
contig_3	9090	507
contig_3	9091	510
contig_3	9092	510
contig_3	9093	514
contig_3	9094	514
contig_3	9095	520
contig_3	9096	504
contig_3	9097	493
contig_3	9098	513
contig_3	9099	517
contig_3	9100	512
contig_3	9101	506
contig_3	9102	509
contig_3	9103	507
contig_3	9104	488
contig_3	9105	494
contig_3	9106	517
contig_3	9107	511
contig_3	9108	512
contig_3	9109	509
contig_3	9110	520
contig_3	9111	519
contig_3	9112	525
contig_3	9113	525
contig_3	9114	517
contig_3	9115	526
contig_3	9116	531
contig_3	9117	524
contig_3	9118	533
contig_3	9119	520
contig_3	9120	520
contig_3	9121	530
contig_3	9122	524
contig_3	9123	532
contig_3	9124	538
contig_3	9125	535
contig_3	9126	535
contig_3	9127	528
contig_3	9128	525
contig_3	9129	524
contig_3	9130	521
contig_3	9131	519
contig_3	9132	519
contig_3	9133	511
contig_3	9134	504
contig_3	9135	507
contig_3	9136	525
contig_3	9137	514
contig_3	9138	513
contig_3	9139	530
contig_3	9140	537
contig_3	9141	545
contig_3	9142	562
contig_3	9143	562
contig_3	9144	547
contig_3	9145	561
contig_3	9146	546
contig_3	9147	547
contig_3	9148	565
contig_3	9149	559
contig_3	9150	556
contig_3	9151	560
contig_3	9152	567
contig_3	9153	557
contig_3	9154	568
contig_3	9155	570
contig_3	9156	571
contig_3	9157	575
contig_3	9158	567
contig_3	9159	570
contig_3	9160	572
contig_3	9161	571
contig_3	9162	566
contig_3	9163	572
contig_3	9164	571
contig_3	9165	559
contig_3	9166	570
contig_3	9167	571
contig_3	9168	556
contig_3	9169	559
contig_3	9170	558
contig_3	9171	559
contig_3	9172	572
contig_3	9173	572
contig_3	9174	572
contig_3	9175	597
contig_3	9176	600
contig_3	9177	590
contig_3	9178	594
contig_3	9179	597
contig_3	9180	599
contig_3	9181	597
contig_3	9182	601
contig_3	9183	609
contig_3	9184	607
contig_3	9185	611
contig_3	9186	602
contig_3	9187	614
contig_3	9188	600
contig_3	9189	593
contig_3	9190	605
contig_3	9191	601
contig_3	9192	604
contig_3	9193	608
contig_3	9194	608
contig_3	9195	602
contig_3	9196	597
contig_3	9197	610
contig_3	9198	612
contig_3	9199	625
contig_3	9200	624
contig_3	9201	627
contig_3	9202	626
contig_3	9203	625
contig_3	9204	600
contig_3	9205	620
contig_3	9206	628
contig_3	9207	628
contig_3	9208	632
contig_3	9209	614
contig_3	9210	623
contig_3	9211	625
contig_3	9212	615
contig_3	9213	613
contig_3	9214	614
contig_3	9215	596
contig_3	9216	594
contig_3	9217	608
contig_3	9218	603
contig_3	9219	608
contig_3	9220	605
contig_3	9221	603
contig_3	9222	607
contig_3	9223	605
contig_3	9224	601
contig_3	9225	591
contig_3	9226	589
contig_3	9227	604
contig_3	9228	606
contig_3	9229	613
contig_3	9230	606
contig_3	9231	595
contig_3	9232	614
contig_3	9233	605
contig_3	9234	602
contig_3	9235	605
contig_3	9236	602
contig_3	9237	614
contig_3	9238	615
contig_3	9239	611
contig_3	9240	596
contig_3	9241	604
contig_3	9242	625
contig_3	9243	626
contig_3	9244	628
contig_3	9245	623
contig_3	9246	623
contig_3	9247	626
contig_3	9248	626
contig_3	9249	625
contig_3	9250	626
contig_3	9251	636
contig_3	9252	631
contig_3	9253	612
contig_3	9254	615
contig_3	9255	614
contig_3	9256	610
contig_3	9257	627
contig_3	9258	628
contig_3	9259	627
contig_3	9260	623
contig_3	9261	624
contig_3	9262	622
contig_3	9263	612
contig_3	9264	607
contig_3	9265	609
contig_3	9266	600
contig_3	9267	598
contig_3	9268	590
contig_3	9269	599
contig_3	9270	588
contig_3	9271	594
contig_3	9272	584
contig_3	9273	581
contig_3	9274	580
contig_3	9275	577
contig_3	9276	562
contig_3	9277	564
contig_3	9278	559
contig_3	9279	566
contig_3	9280	573
contig_3	9281	565
contig_3	9282	567
contig_3	9283	564
contig_3	9284	562
contig_3	9285	553
contig_3	9286	560
contig_3	9287	552
contig_3	9288	540
contig_3	9289	539
contig_3	9290	525
contig_3	9291	531
contig_3	9292	528
contig_3	9293	520
contig_3	9294	513
contig_3	9295	518
contig_3	9296	498
contig_3	9297	512
contig_3	9298	528
contig_3	9299	533
contig_3	9300	536
contig_3	9301	536
contig_3	9302	537
contig_3	9303	536
contig_3	9304	536
contig_3	9305	530
contig_3	9306	533
contig_3	9307	533
contig_3	9308	441
contig_3	9309	524
contig_3	9310	527
contig_3	9311	525
contig_3	9312	519
contig_3	9313	524
contig_3	9314	526
contig_3	9315	528
contig_3	9316	532
contig_3	9317	532
contig_3	9318	534
contig_3	9319	534
contig_3	9320	528
contig_3	9321	512
contig_3	9322	516
contig_3	9323	515
contig_3	9324	512
contig_3	9325	508
contig_3	9326	504
contig_3	9327	501
contig_3	9328	495
contig_3	9329	493
contig_3	9330	497
contig_3	9331	497
contig_3	9332	487
contig_3	9333	492
contig_3	9334	497
contig_3	9335	488
contig_3	9336	493
contig_3	9337	501
contig_3	9338	498
contig_3	9339	484
contig_3	9340	492
contig_3	9341	499
contig_3	9342	503
contig_3	9343	506
contig_3	9344	506
contig_3	9345	501
contig_3	9346	502
contig_3	9347	496
contig_3	9348	496
contig_3	9349	496
contig_3	9350	495
contig_3	9351	496
contig_3	9352	507
contig_3	9353	506
contig_3	9354	491
contig_3	9355	490
contig_3	9356	498
contig_3	9357	503
contig_3	9358	515
contig_3	9359	513
contig_3	9360	513
contig_3	9361	522
contig_3	9362	502
contig_3	9363	525
contig_3	9364	531
contig_3	9365	531
contig_3	9366	529
contig_3	9367	528
contig_3	9368	527
contig_3	9369	522
contig_3	9370	522
contig_3	9371	517
contig_3	9372	521
contig_3	9373	522
contig_3	9374	526
contig_3	9375	517
contig_3	9376	526
contig_3	9377	511
contig_3	9378	531
contig_3	9379	535
contig_3	9380	531
contig_3	9381	527
contig_3	9382	530
contig_3	9383	521
contig_3	9384	531
contig_3	9385	534
contig_3	9386	528
contig_3	9387	530
contig_3	9388	529
contig_3	9389	530
contig_3	9390	516
contig_3	9391	515
contig_3	9392	518
contig_3	9393	510
contig_3	9394	502
contig_3	9395	489
contig_3	9396	501
contig_3	9397	514
contig_3	9398	504
contig_3	9399	497
contig_3	9400	502
contig_3	9401	504
contig_3	9402	502
contig_3	9403	492
contig_3	9404	487
contig_3	9405	492
contig_3	9406	489
contig_3	9407	486
contig_3	9408	483
contig_3	9409	479
contig_3	9410	476
contig_3	9411	475
contig_3	9412	480
contig_3	9413	477
contig_3	9414	476
contig_3	9415	475
contig_3	9416	469
contig_3	9417	446
contig_3	9418	461
contig_3	9419	466
contig_3	9420	467
contig_3	9421	466
contig_3	9422	467
contig_3	9423	466
contig_3	9424	470
contig_3	9425	475
contig_3	9426	482
contig_3	9427	473
contig_3	9428	482
contig_3	9429	478
contig_3	9430	474
contig_3	9431	475
contig_3	9432	472
contig_3	9433	480
contig_3	9434	472
contig_3	9435	468
contig_3	9436	468
contig_3	9437	467
contig_3	9438	476
contig_3	9439	474
contig_3	9440	468
contig_3	9441	474
contig_3	9442	484
contig_3	9443	478
contig_3	9444	483
contig_3	9445	495
contig_3	9446	499
contig_3	9447	507
contig_3	9448	499
contig_3	9449	497
contig_3	9450	490
contig_3	9451	497
contig_3	9452	490
contig_3	9453	475
contig_3	9454	479
contig_3	9455	481
contig_3	9456	501
contig_3	9457	489
contig_3	9458	486
contig_3	9459	498
contig_3	9460	495
contig_3	9461	486
contig_3	9462	484
contig_3	9463	484
contig_3	9464	484
contig_3	9465	474
contig_3	9466	482
contig_3	9467	478
contig_3	9468	463
contig_3	9469	474
contig_3	9470	471
contig_3	9471	469
contig_3	9472	471
contig_3	9473	467
contig_3	9474	461
contig_3	9475	469
contig_3	9476	471
contig_3	9477	472
contig_3	9478	470
contig_3	9479	448
contig_3	9480	460
contig_3	9481	463
contig_3	9482	467
contig_3	9483	463
contig_3	9484	462
contig_3	9485	461
contig_3	9486	457
contig_3	9487	455
contig_3	9488	457
contig_3	9489	461
contig_3	9490	454
contig_3	9491	445
contig_3	9492	449
contig_3	9493	450
contig_3	9494	443
contig_3	9495	442
contig_3	9496	440
contig_3	9497	434
contig_3	9498	425
contig_3	9499	423
contig_3	9500	427
contig_3	9501	431
contig_3	9502	425
contig_3	9503	429
contig_3	9504	427
contig_3	9505	420
contig_3	9506	416
contig_3	9507	420
contig_3	9508	414
contig_3	9509	413
contig_3	9510	415
contig_3	9511	409
contig_3	9512	400
contig_3	9513	400
contig_3	9514	408
contig_3	9515	407
contig_3	9516	406
contig_3	9517	409
contig_3	9518	411
contig_3	9519	416
contig_3	9520	422
contig_3	9521	414
contig_3	9522	410
contig_3	9523	414
contig_3	9524	413
contig_3	9525	408
contig_3	9526	408
contig_3	9527	405
contig_3	9528	409
contig_3	9529	409
contig_3	9530	402
contig_3	9531	405
contig_3	9532	405
contig_3	9533	407
contig_3	9534	401
contig_3	9535	410
contig_3	9536	411
contig_3	9537	412
contig_3	9538	415
contig_3	9539	400
contig_3	9540	390
contig_3	9541	395
contig_3	9542	389
contig_3	9543	394
contig_3	9544	408
contig_3	9545	396
contig_3	9546	397
contig_3	9547	410
contig_3	9548	414
contig_3	9549	415
contig_3	9550	416
contig_3	9551	413
contig_3	9552	417
contig_3	9553	415
contig_3	9554	411
contig_3	9555	420
contig_3	9556	416
contig_3	9557	420
contig_3	9558	415
contig_3	9559	415
contig_3	9560	404
contig_3	9561	405
contig_3	9562	417
contig_3	9563	418
contig_3	9564	415
contig_3	9565	429
contig_3	9566	429
contig_3	9567	430
contig_3	9568	429
contig_3	9569	431
contig_3	9570	430
contig_3	9571	430
contig_3	9572	431
contig_3	9573	433
contig_3	9574	416
contig_3	9575	424
contig_3	9576	428
contig_3	9577	416
contig_3	9578	434
contig_3	9579	423
contig_3	9580	420
contig_3	9581	422
contig_3	9582	434
contig_3	9583	435
contig_3	9584	443
contig_3	9585	443
contig_3	9586	442
contig_3	9587	443
contig_3	9588	444
contig_3	9589	445
contig_3	9590	434
contig_3	9591	437
contig_3	9592	443
contig_3	9593	434
contig_3	9594	415
contig_3	9595	436
contig_3	9596	433
contig_3	9597	442
contig_3	9598	439
contig_3	9599	446
contig_3	9600	444
contig_3	9601	446
contig_3	9602	443
contig_3	9603	441
contig_3	9604	435
contig_3	9605	426
contig_3	9606	426
contig_3	9607	432
contig_3	9608	418
contig_3	9609	428
contig_3	9610	426
contig_3	9611	423
contig_3	9612	431
contig_3	9613	428
contig_3	9614	428
contig_3	9615	427
contig_3	9616	426
contig_3	9617	425
contig_3	9618	409
contig_3	9619	423
contig_3	9620	428
contig_3	9621	427
contig_3	9622	423
contig_3	9623	416
contig_3	9624	427
contig_3	9625	411
contig_3	9626	416
contig_3	9627	416
contig_3	9628	414
contig_3	9629	423
contig_3	9630	418
contig_3	9631	411
contig_3	9632	415
contig_3	9633	415
contig_3	9634	410
contig_3	9635	408
contig_3	9636	418
contig_3	9637	417
contig_3	9638	415
contig_3	9639	412
contig_3	9640	413
contig_3	9641	414
contig_3	9642	414
contig_3	9643	413
contig_3	9644	412
contig_3	9645	411
contig_3	9646	408
contig_3	9647	407
contig_3	9648	403
contig_3	9649	408
contig_3	9650	409
contig_3	9651	404
contig_3	9652	411
contig_3	9653	396
contig_3	9654	401
contig_3	9655	396
contig_3	9656	394
contig_3	9657	394
contig_3	9658	394
contig_3	9659	381
contig_3	9660	384
contig_3	9661	390
contig_3	9662	389
contig_3	9663	391
contig_3	9664	387
contig_3	9665	392
contig_3	9666	393
contig_3	9667	386
contig_3	9668	375
contig_3	9669	379
contig_3	9670	385
contig_3	9671	382
contig_3	9672	381
contig_3	9673	367
contig_3	9674	365
contig_3	9675	377
contig_3	9676	375
contig_3	9677	376
contig_3	9678	376
contig_3	9679	373
contig_3	9680	374
contig_3	9681	377
contig_3	9682	369
contig_3	9683	362
contig_3	9684	358
contig_3	9685	365
contig_3	9686	360
contig_3	9687	365
contig_3	9688	364
contig_3	9689	360
contig_3	9690	351
contig_3	9691	352
contig_3	9692	356
contig_3	9693	350
contig_3	9694	348
contig_3	9695	343
contig_3	9696	349
contig_3	9697	344
contig_3	9698	339
contig_3	9699	352
contig_3	9700	342
contig_3	9701	346
contig_3	9702	339
contig_3	9703	338
contig_3	9704	337
contig_3	9705	331
contig_3	9706	338
contig_3	9707	331
contig_3	9708	340
contig_3	9709	342
contig_3	9710	343
contig_3	9711	338
contig_3	9712	338
contig_3	9713	322
contig_3	9714	331
contig_3	9715	329
contig_3	9716	331
contig_3	9717	329
contig_3	9718	330
contig_3	9719	322
contig_3	9720	332
contig_3	9721	327
contig_3	9722	328
contig_3	9723	332
contig_3	9724	331
contig_3	9725	329
contig_3	9726	331
contig_3	9727	328
contig_3	9728	328
contig_3	9729	328
contig_3	9730	322
contig_3	9731	324
contig_3	9732	327
contig_3	9733	326
contig_3	9734	317
contig_3	9735	321
contig_3	9736	320
contig_3	9737	326
contig_3	9738	325
contig_3	9739	322
contig_3	9740	320
contig_3	9741	324
contig_3	9742	317
contig_3	9743	317
contig_3	9744	309
contig_3	9745	306
contig_3	9746	298
contig_3	9747	299
contig_3	9748	303
contig_3	9749	289
contig_3	9750	292
contig_3	9751	293
contig_3	9752	297
contig_3	9753	292
contig_3	9754	297
contig_3	9755	304
contig_3	9756	303
contig_3	9757	302
contig_3	9758	298
contig_3	9759	300
contig_3	9760	309
contig_3	9761	311
contig_3	9762	310
contig_3	9763	318
contig_3	9764	323
contig_3	9765	320
contig_3	9766	319
contig_3	9767	318
contig_3	9768	321
contig_3	9769	314
contig_3	9770	315
contig_3	9771	315
contig_3	9772	322
contig_3	9773	315
contig_3	9774	301
contig_3	9775	311
contig_3	9776	311
contig_3	9777	308
contig_3	9778	315
contig_3	9779	300
contig_3	9780	303
contig_3	9781	306
contig_3	9782	307
contig_3	9783	313
contig_3	9784	317
contig_3	9785	316
contig_3	9786	313
contig_3	9787	313
contig_3	9788	319
contig_3	9789	320
contig_3	9790	318
contig_3	9791	311
contig_3	9792	316
contig_3	9793	317
contig_3	9794	314
contig_3	9795	314
contig_3	9796	316
contig_3	9797	313
contig_3	9798	313
contig_3	9799	311
contig_3	9800	310
contig_3	9801	311
contig_3	9802	322
contig_3	9803	321
contig_3	9804	326
contig_3	9805	330
contig_3	9806	333
contig_3	9807	337
contig_3	9808	342
contig_3	9809	337
contig_3	9810	331
contig_3	9811	332
contig_3	9812	336
contig_3	9813	342
contig_3	9814	352
contig_3	9815	343
contig_3	9816	348
contig_3	9817	349
contig_3	9818	341
contig_3	9819	339
contig_3	9820	346
contig_3	9821	348
contig_3	9822	345
contig_3	9823	347
contig_3	9824	346
contig_3	9825	356
contig_3	9826	350
contig_3	9827	357
contig_3	9828	352
contig_3	9829	359
contig_3	9830	345
contig_3	9831	357
contig_3	9832	363
contig_3	9833	354
contig_3	9834	361
contig_3	9835	359
contig_3	9836	362
contig_3	9837	369
contig_3	9838	375
contig_3	9839	371
contig_3	9840	373
contig_3	9841	368
contig_3	9842	372
contig_3	9843	374
contig_3	9844	361
contig_3	9845	369
contig_3	9846	378
contig_3	9847	378
contig_3	9848	369
contig_3	9849	380
contig_3	9850	382
contig_3	9851	382
contig_3	9852	387
contig_3	9853	376
contig_3	9854	381
contig_3	9855	384
contig_3	9856	369
contig_3	9857	382
contig_3	9858	387
contig_3	9859	385
contig_3	9860	387
contig_3	9861	397
contig_3	9862	396
contig_3	9863	397
contig_3	9864	391
contig_3	9865	396
contig_3	9866	383
contig_3	9867	387
contig_3	9868	386
contig_3	9869	390
contig_3	9870	391
contig_3	9871	392
contig_3	9872	404
contig_3	9873	404
contig_3	9874	405
contig_3	9875	406
contig_3	9876	405
contig_3	9877	408
contig_3	9878	410
contig_3	9879	408
contig_3	9880	405
contig_3	9881	400
contig_3	9882	401
contig_3	9883	405
contig_3	9884	411
contig_3	9885	417
contig_3	9886	413
contig_3	9887	422
contig_3	9888	426
contig_3	9889	425
contig_3	9890	424
contig_3	9891	427
contig_3	9892	419
contig_3	9893	418
contig_3	9894	417
contig_3	9895	423
contig_3	9896	428
contig_3	9897	418
contig_3	9898	418
contig_3	9899	424
contig_3	9900	422
contig_3	9901	416
contig_3	9902	429
contig_3	9903	430
contig_3	9904	425
contig_3	9905	429
contig_3	9906	432
contig_3	9907	431
contig_3	9908	425
contig_3	9909	420
contig_3	9910	412
contig_3	9911	415
contig_3	9912	413
contig_3	9913	413
contig_3	9914	414
contig_3	9915	415
contig_3	9916	420
contig_3	9917	420
contig_3	9918	419
contig_3	9919	418
contig_3	9920	423
contig_3	9921	431
contig_3	9922	425
contig_3	9923	431
contig_3	9924	433
contig_3	9925	433
contig_3	9926	438
contig_3	9927	437
contig_3	9928	437
contig_3	9929	443
contig_3	9930	448
contig_3	9931	443
contig_3	9932	448
contig_3	9933	451
contig_3	9934	448
contig_3	9935	444
contig_3	9936	446
contig_3	9937	447
contig_3	9938	450
contig_3	9939	444
contig_3	9940	445
contig_3	9941	446
contig_3	9942	448
contig_3	9943	449
contig_3	9944	454
contig_3	9945	450
contig_3	9946	448
contig_3	9947	448
contig_3	9948	441
contig_3	9949	444
contig_3	9950	450
contig_3	9951	453
contig_3	9952	459
contig_3	9953	453
contig_3	9954	460
contig_3	9955	458
contig_3	9956	454
contig_3	9957	452
contig_3	9958	453
contig_3	9959	450
contig_3	9960	457
contig_3	9961	461
contig_3	9962	456
contig_3	9963	458
contig_3	9964	461
contig_3	9965	463
contig_3	9966	461
contig_3	9967	462
contig_3	9968	459
contig_3	9969	459
contig_3	9970	464
contig_3	9971	463
contig_3	9972	460
contig_3	9973	450
contig_3	9974	447
contig_3	9975	451
contig_3	9976	449
contig_3	9977	451
contig_3	9978	448
contig_3	9979	448
contig_3	9980	454
contig_3	9981	454
contig_3	9982	468
contig_3	9983	468
contig_3	9984	463
contig_3	9985	459
contig_3	9986	460
contig_3	9987	465
contig_3	9988	462
contig_3	9989	464
contig_3	9990	469
contig_3	9991	470
contig_3	9992	468
contig_3	9993	468
contig_3	9994	472
contig_3	9995	473
contig_3	9996	473
contig_3	9997	472
contig_3	9998	475
contig_3	9999	484
contig_3	10000	486
contig_3	10001	493
contig_3	10002	486
contig_3	10003	492
contig_3	10004	496
contig_3	10005	486
contig_3	10006	488
contig_3	10007	483
contig_3	10008	482
contig_3	10009	484
contig_3	10010	481
contig_3	10011	483
contig_3	10012	478
contig_3	10013	480
contig_3	10014	480
contig_3	10015	470
contig_3	10016	484
contig_3	10017	486
contig_3	10018	484
contig_3	10019	479
contig_3	10020	474
contig_3	10021	472
contig_3	10022	473
contig_3	10023	471
contig_3	10024	471
contig_3	10025	468
contig_3	10026	468
contig_3	10027	466
contig_3	10028	465
contig_3	10029	470
contig_3	10030	467
contig_3	10031	472
contig_3	10032	464
contig_3	10033	460
contig_3	10034	459
contig_3	10035	458
contig_3	10036	445
contig_3	10037	452
contig_3	10038	452
contig_3	10039	448
contig_3	10040	447
contig_3	10041	446
contig_3	10042	450
contig_3	10043	451
contig_3	10044	448
contig_3	10045	448
contig_3	10046	451
contig_3	10047	454
contig_3	10048	457
contig_3	10049	454
contig_3	10050	453
contig_3	10051	455
contig_3	10052	443
contig_3	10053	450
contig_3	10054	449
contig_3	10055	446
contig_3	10056	444
contig_3	10057	436
contig_3	10058	426
contig_3	10059	432
contig_3	10060	440
contig_3	10061	442
contig_3	10062	447
contig_3	10063	449
contig_3	10064	447
contig_3	10065	454
contig_3	10066	451
contig_3	10067	454
contig_3	10068	458
contig_3	10069	457
contig_3	10070	464
contig_3	10071	457
contig_3	10072	457
contig_3	10073	458
contig_3	10074	461
contig_3	10075	454
contig_3	10076	459
contig_3	10077	458
contig_3	10078	456
contig_3	10079	453
contig_3	10080	450
contig_3	10081	448
contig_3	10082	445
contig_3	10083	452
contig_3	10084	453
contig_3	10085	446
contig_3	10086	441
contig_3	10087	433
contig_3	10088	443
contig_3	10089	443
contig_3	10090	441
contig_3	10091	442
contig_3	10092	443
contig_3	10093	437
contig_3	10094	444
contig_3	10095	445
contig_3	10096	443
contig_3	10097	447
contig_3	10098	445
contig_3	10099	437
contig_3	10100	429
contig_3	10101	436
contig_3	10102	421
contig_3	10103	429
contig_3	10104	425
contig_3	10105	422
contig_3	10106	426
contig_3	10107	427
contig_3	10108	417
contig_3	10109	421
contig_3	10110	430
contig_3	10111	427
contig_3	10112	423
contig_3	10113	421
contig_3	10114	423
contig_3	10115	423
contig_3	10116	429
contig_3	10117	424
contig_3	10118	428
contig_3	10119	445
contig_3	10120	449
contig_3	10121	448
contig_3	10122	451
contig_3	10123	455
contig_3	10124	457
contig_3	10125	460
contig_3	10126	460
contig_3	10127	462
contig_3	10128	468
contig_3	10129	462
contig_3	10130	463
contig_3	10131	458
contig_3	10132	454
contig_3	10133	451
contig_3	10134	450
contig_3	10135	456
contig_3	10136	452
contig_3	10137	454
contig_3	10138	452
contig_3	10139	455
contig_3	10140	460
contig_3	10141	469
contig_3	10142	468
contig_3	10143	464
contig_3	10144	462
contig_3	10145	462
contig_3	10146	466
contig_3	10147	453
contig_3	10148	450
contig_3	10149	447
contig_3	10150	449
contig_3	10151	445
contig_3	10152	453
contig_3	10153	457
contig_3	10154	455
contig_3	10155	455
contig_3	10156	464
contig_3	10157	459
contig_3	10158	462
contig_3	10159	463
contig_3	10160	461
contig_3	10161	456
contig_3	10162	449
contig_3	10163	453
contig_3	10164	452
contig_3	10165	451
contig_3	10166	443
contig_3	10167	440
contig_3	10168	446
contig_3	10169	460
contig_3	10170	461
contig_3	10171	451
contig_3	10172	458
contig_3	10173	457
contig_3	10174	459
contig_3	10175	464
contig_3	10176	478
contig_3	10177	477
contig_3	10178	471
contig_3	10179	463
contig_3	10180	469
contig_3	10181	469
contig_3	10182	470
contig_3	10183	476
contig_3	10184	472
contig_3	10185	477
contig_3	10186	480
contig_3	10187	482
contig_3	10188	478
contig_3	10189	486
contig_3	10190	488
contig_3	10191	497
contig_3	10192	496
contig_3	10193	491
contig_3	10194	495
contig_3	10195	495
contig_3	10196	490
contig_3	10197	492
contig_3	10198	485
contig_3	10199	496
contig_3	10200	495
contig_3	10201	493
contig_3	10202	496
contig_3	10203	510
contig_3	10204	509
contig_3	10205	514
contig_3	10206	520
contig_3	10207	525
contig_3	10208	529
contig_3	10209	521
contig_3	10210	518
contig_3	10211	523
contig_3	10212	517
contig_3	10213	515
contig_3	10214	516
contig_3	10215	515
contig_3	10216	521
contig_3	10217	524
contig_3	10218	517
contig_3	10219	521
contig_3	10220	517
contig_3	10221	510
contig_3	10222	498
contig_3	10223	503
contig_3	10224	513
contig_3	10225	512
contig_3	10226	499
contig_3	10227	505
contig_3	10228	516
contig_3	10229	515
contig_3	10230	512
contig_3	10231	515
contig_3	10232	517
contig_3	10233	525
contig_3	10234	530
contig_3	10235	530
contig_3	10236	530
contig_3	10237	529
contig_3	10238	533
contig_3	10239	521
contig_3	10240	535
contig_3	10241	540
contig_3	10242	535
contig_3	10243	539
contig_3	10244	539
contig_3	10245	548
contig_3	10246	548
contig_3	10247	545
contig_3	10248	543
contig_3	10249	548
contig_3	10250	554
contig_3	10251	554
contig_3	10252	548
contig_3	10253	557
contig_3	10254	563
contig_3	10255	548
contig_3	10256	554
contig_3	10257	561
contig_3	10258	562
contig_3	10259	556
contig_3	10260	557
contig_3	10261	563
contig_3	10262	563
contig_3	10263	562
contig_3	10264	559
contig_3	10265	557
contig_3	10266	565
contig_3	10267	550
contig_3	10268	551
contig_3	10269	548
contig_3	10270	528
contig_3	10271	547
contig_3	10272	546
contig_3	10273	544
contig_3	10274	542
contig_3	10275	544
contig_3	10276	541
contig_3	10277	548
contig_3	10278	554
contig_3	10279	553
contig_3	10280	554
contig_3	10281	559
contig_3	10282	558
contig_3	10283	554
contig_3	10284	555
contig_3	10285	560
contig_3	10286	555
contig_3	10287	560
contig_3	10288	542
contig_3	10289	560
contig_3	10290	565
contig_3	10291	559
contig_3	10292	551
contig_3	10293	557
contig_3	10294	553
contig_3	10295	540
contig_3	10296	548
contig_3	10297	540
contig_3	10298	554
contig_3	10299	555
contig_3	10300	553
contig_3	10301	553
contig_3	10302	542
contig_3	10303	544
contig_3	10304	539
contig_3	10305	537
contig_3	10306	538
contig_3	10307	538
contig_3	10308	539
contig_3	10309	545
contig_3	10310	543
contig_3	10311	533
contig_3	10312	542
contig_3	10313	538
contig_3	10314	547
contig_3	10315	555
contig_3	10316	556
contig_3	10317	550
contig_3	10318	555
contig_3	10319	552
contig_3	10320	547
contig_3	10321	553
contig_3	10322	551
contig_3	10323	543
contig_3	10324	538
contig_3	10325	538
contig_3	10326	544
contig_3	10327	541
contig_3	10328	548
contig_3	10329	540
contig_3	10330	537
contig_3	10331	551
contig_3	10332	549
contig_3	10333	546
contig_3	10334	550
contig_3	10335	558
contig_3	10336	556
contig_3	10337	549
contig_3	10338	552
contig_3	10339	556
contig_3	10340	556
contig_3	10341	555
contig_3	10342	549
contig_3	10343	548
contig_3	10344	549
contig_3	10345	549
contig_3	10346	550
contig_3	10347	552
contig_3	10348	546
contig_3	10349	538
contig_3	10350	546
contig_3	10351	542
contig_3	10352	530
contig_3	10353	531
contig_3	10354	534
contig_3	10355	524
contig_3	10356	516
contig_3	10357	510
contig_3	10358	507
contig_3	10359	515
contig_3	10360	518
contig_3	10361	522
contig_3	10362	525
contig_3	10363	517
contig_3	10364	517
contig_3	10365	525
contig_3	10366	517
contig_3	10367	520
contig_3	10368	521
contig_3	10369	511
contig_3	10370	517
contig_3	10371	521
contig_3	10372	513
contig_3	10373	514
contig_3	10374	517
contig_3	10375	513
contig_3	10376	520
contig_3	10377	506
contig_3	10378	491
contig_3	10379	499
contig_3	10380	505
contig_3	10381	520
contig_3	10382	515
contig_3	10383	514
contig_3	10384	524
contig_3	10385	518
contig_3	10386	516
contig_3	10387	511
contig_3	10388	516
contig_3	10389	520
contig_3	10390	516
contig_3	10391	512
contig_3	10392	513
contig_3	10393	505
contig_3	10394	515
contig_3	10395	510
contig_3	10396	517
contig_3	10397	523
contig_3	10398	519
contig_3	10399	519
contig_3	10400	524
contig_3	10401	522
contig_3	10402	512
contig_3	10403	512
contig_3	10404	514
contig_3	10405	512
contig_3	10406	516
contig_3	10407	518
contig_3	10408	508
contig_3	10409	512
contig_3	10410	510
contig_3	10411	499
contig_3	10412	499
contig_3	10413	496
contig_3	10414	492
contig_3	10415	504
contig_3	10416	502
contig_3	10417	496
contig_3	10418	513
contig_3	10419	513
contig_3	10420	509
contig_3	10421	520
contig_3	10422	530
contig_3	10423	525
contig_3	10424	528
contig_3	10425	535
contig_3	10426	531
contig_3	10427	530
contig_3	10428	525
contig_3	10429	516
contig_3	10430	512
contig_3	10431	509
contig_3	10432	505
contig_3	10433	504
contig_3	10434	501
contig_3	10435	501
contig_3	10436	505
contig_3	10437	491
contig_3	10438	489
contig_3	10439	497
contig_3	10440	493
contig_3	10441	489
contig_3	10442	500
contig_3	10443	501
contig_3	10444	491
contig_3	10445	498
contig_3	10446	494
contig_3	10447	499
contig_3	10448	496
contig_3	10449	498
contig_3	10450	504
contig_3	10451	504
contig_3	10452	502
contig_3	10453	498
contig_3	10454	505
contig_3	10455	512
contig_3	10456	494
contig_3	10457	449
contig_3	10458	512
contig_3	10459	510
contig_3	10460	510
contig_3	10461	507
contig_3	10462	493
contig_3	10463	494
contig_3	10464	511
contig_3	10465	504
contig_3	10466	496
contig_3	10467	510
contig_3	10468	508
contig_3	10469	503
contig_3	10470	502
contig_3	10471	517
contig_3	10472	510
contig_3	10473	516
contig_3	10474	506
contig_3	10475	511
contig_3	10476	510
contig_3	10477	512
contig_3	10478	511
contig_3	10479	524
contig_3	10480	523
contig_3	10481	514
contig_3	10482	495
contig_3	10483	499
contig_3	10484	492
contig_3	10485	501
contig_3	10486	499
contig_3	10487	499
contig_3	10488	508
contig_3	10489	495
contig_3	10490	504
contig_3	10491	511
contig_3	10492	499
contig_3	10493	492
contig_3	10494	499
contig_3	10495	494
contig_3	10496	499
contig_3	10497	493
contig_3	10498	487
contig_3	10499	488
contig_3	10500	487
contig_3	10501	496
contig_3	10502	496
contig_3	10503	498
contig_3	10504	496
contig_3	10505	494
contig_3	10506	498
contig_3	10507	496
contig_3	10508	502
contig_3	10509	501
contig_3	10510	488
contig_3	10511	490
contig_3	10512	497
contig_3	10513	481
contig_3	10514	473
contig_3	10515	492
contig_3	10516	494
contig_3	10517	486
contig_3	10518	489
contig_3	10519	479
contig_3	10520	491
contig_3	10521	498
contig_3	10522	494
contig_3	10523	480
contig_3	10524	483
contig_3	10525	486
contig_3	10526	493
contig_3	10527	506
contig_3	10528	508
contig_3	10529	505
contig_3	10530	504
contig_3	10531	496
contig_3	10532	491
contig_3	10533	485
contig_3	10534	478
contig_3	10535	483
contig_3	10536	474
contig_3	10537	473
contig_3	10538	484
contig_3	10539	493
contig_3	10540	494
contig_3	10541	494
contig_3	10542	498
contig_3	10543	496
contig_3	10544	489
contig_3	10545	489
contig_3	10546	485
contig_3	10547	490
contig_3	10548	489
contig_3	10549	491
contig_3	10550	489
contig_3	10551	491
contig_3	10552	497
contig_3	10553	502
contig_3	10554	508
contig_3	10555	507
contig_3	10556	507
contig_3	10557	503
contig_3	10558	492
contig_3	10559	501
contig_3	10560	511
contig_3	10561	506
contig_3	10562	500
contig_3	10563	505
contig_3	10564	508
contig_3	10565	507
contig_3	10566	508
contig_3	10567	505
contig_3	10568	509
contig_3	10569	503
contig_3	10570	507
contig_3	10571	504
contig_3	10572	498
contig_3	10573	494
contig_3	10574	480
contig_3	10575	475
contig_3	10576	487
contig_3	10577	488
contig_3	10578	487
contig_3	10579	493
contig_3	10580	503
contig_3	10581	505
contig_3	10582	500
contig_3	10583	497
contig_3	10584	508
contig_3	10585	501
contig_3	10586	502
contig_3	10587	501
contig_3	10588	501
contig_3	10589	497
contig_3	10590	496
contig_3	10591	500
contig_3	10592	492
contig_3	10593	493
contig_3	10594	492
contig_3	10595	500
contig_3	10596	504
contig_3	10597	506
contig_3	10598	514
contig_3	10599	517
contig_3	10600	509
contig_3	10601	503
contig_3	10602	510
contig_3	10603	504
contig_3	10604	510
contig_3	10605	505
contig_3	10606	506
contig_3	10607	493
contig_3	10608	501
contig_3	10609	503
contig_3	10610	495
contig_3	10611	495
contig_3	10612	497
contig_3	10613	497
contig_3	10614	496
contig_3	10615	490
contig_3	10616	492
contig_3	10617	493
contig_3	10618	489
contig_3	10619	491
contig_3	10620	490
contig_3	10621	488
contig_3	10622	483
contig_3	10623	486
contig_3	10624	484
contig_3	10625	479
contig_3	10626	483
contig_3	10627	484
contig_3	10628	475
contig_3	10629	483
contig_3	10630	485
contig_3	10631	478
contig_3	10632	478
contig_3	10633	484
contig_3	10634	477
contig_3	10635	480
contig_3	10636	474
contig_3	10637	475
contig_3	10638	473
contig_3	10639	475
contig_3	10640	473
contig_3	10641	468
contig_3	10642	471
contig_3	10643	466
contig_3	10644	468
contig_3	10645	467
contig_3	10646	470
contig_3	10647	470
contig_3	10648	469
contig_3	10649	469
contig_3	10650	472
contig_3	10651	472
contig_3	10652	471
contig_3	10653	466
contig_3	10654	466
contig_3	10655	473
contig_3	10656	468
contig_3	10657	469
contig_3	10658	459
contig_3	10659	446
contig_3	10660	464
contig_3	10661	463
contig_3	10662	462
contig_3	10663	454
contig_3	10664	457
contig_3	10665	456
contig_3	10666	456
contig_3	10667	453
contig_3	10668	455
contig_3	10669	456
contig_3	10670	454
contig_3	10671	453
contig_3	10672	450
contig_3	10673	448
contig_3	10674	449
contig_3	10675	446
contig_3	10676	443
contig_3	10677	434
contig_3	10678	434
contig_3	10679	419
contig_3	10680	422
contig_3	10681	425
contig_3	10682	430
contig_3	10683	434
contig_3	10684	432
contig_3	10685	435
contig_3	10686	437
contig_3	10687	444
contig_3	10688	439
contig_3	10689	443
contig_3	10690	441
contig_3	10691	441
contig_3	10692	442
contig_3	10693	445
contig_3	10694	440
contig_3	10695	441
contig_3	10696	438
contig_3	10697	431
contig_3	10698	426
contig_3	10699	424
contig_3	10700	420
contig_3	10701	408
contig_3	10702	402
contig_3	10703	410
contig_3	10704	397
contig_3	10705	398
contig_3	10706	398
contig_3	10707	398
contig_3	10708	400
contig_3	10709	398
contig_3	10710	401
contig_3	10711	399
contig_3	10712	397
contig_3	10713	392
contig_3	10714	390
contig_3	10715	386
contig_3	10716	384
contig_3	10717	388
contig_3	10718	381
contig_3	10719	379
contig_3	10720	375
contig_3	10721	374
contig_3	10722	373
contig_3	10723	377
contig_3	10724	370
contig_3	10725	372
contig_3	10726	373
contig_3	10727	371
contig_3	10728	368
contig_3	10729	369
contig_3	10730	360
contig_3	10731	347
contig_3	10732	346
contig_3	10733	349
contig_3	10734	347
contig_3	10735	344
contig_3	10736	335
contig_3	10737	334
contig_3	10738	341
contig_3	10739	339
contig_3	10740	340
contig_3	10741	334
contig_3	10742	335
contig_3	10743	339
contig_3	10744	341
contig_3	10745	328
contig_3	10746	330
contig_3	10747	328
contig_3	10748	330
contig_3	10749	319
contig_3	10750	318
contig_3	10751	321
contig_3	10752	319
contig_3	10753	324
contig_3	10754	318
contig_3	10755	316
contig_3	10756	317
contig_3	10757	310
contig_3	10758	318
contig_3	10759	318
contig_3	10760	320
contig_3	10761	321
contig_3	10762	318
contig_3	10763	317
contig_3	10764	315
contig_3	10765	312
contig_3	10766	313
contig_3	10767	309
contig_3	10768	305
contig_3	10769	304
contig_3	10770	304
contig_3	10771	300
contig_3	10772	295
contig_3	10773	298
contig_3	10774	294
contig_3	10775	287
contig_3	10776	288
contig_3	10777	282
contig_3	10778	276
contig_3	10779	276
contig_3	10780	272
contig_3	10781	269
contig_3	10782	265
contig_3	10783	266
contig_3	10784	265
contig_3	10785	262
contig_3	10786	262
contig_3	10787	262
contig_3	10788	256
contig_3	10789	254
contig_3	10790	251
contig_3	10791	248
contig_3	10792	249
contig_3	10793	246
contig_3	10794	245
contig_3	10795	245
contig_3	10796	240
contig_3	10797	239
contig_3	10798	236
contig_3	10799	232
contig_3	10800	224
contig_3	10801	218
contig_3	10802	218
contig_3	10803	218
contig_3	10804	217
contig_3	10805	211
