read_id	read_length	target	alignment_length	identity	mapq
SRR27841065.1517	2199	CM084263.1_rotation_3_offset_10878	2236	0.962880	0
SRR27841065.1517	2199	CM084263.1_rotation_1_offset_3626	2236	0.962880	0
SRR27841065.1517	2199	CM084263.1_rotation_0_offset_0	2236	0.962880	0
SRR27841065.1517	2199	CM084263.1_rotation_2_offset_7252	2236	0.962880	0
SRR27841065.7482	1098	CM084263.1_rotation_0_offset_0	1132	0.939929	0
SRR27841065.7482	1098	CM084263.1_rotation_1_offset_3626	1132	0.939929	0
SRR27841065.7482	1098	CM084263.1_rotation_3_offset_10878	1132	0.939929	0
SRR27841065.7482	1098	CM084263.1_rotation_2_offset_7252	1132	0.939929	0
SRR27841065.13473	971	CM084263.1_rotation_0_offset_0	982	0.928717	0
SRR27841065.13473	971	CM084263.1_rotation_1_offset_3626	982	0.928717	0
SRR27841065.13473	971	CM084263.1_rotation_3_offset_10878	982	0.928717	0
SRR27841065.13473	971	CM084263.1_rotation_2_offset_7252	982	0.928717	0
SRR27841065.17587	589	CM084263.1_rotation_2_offset_7252	606	0.919142	0
SRR27841065.17587	589	CM084263.1_rotation_3_offset_10878	606	0.919142	0
SRR27841065.17587	589	CM084263.1_rotation_0_offset_0	606	0.919142	0
SRR27841065.17587	589	CM084263.1_rotation_1_offset_3626	606	0.919142	0
SRR27841065.20002	15482	CM084263.1_rotation_3_offset_10878	10664	0.965023	0
SRR27841065.20002	15482	CM084263.1_rotation_0_offset_0	10664	0.965023	0
SRR27841065.20002	15482	CM084263.1_rotation_2_offset_7252	7290	0.966118	0
SRR27841065.20002	15482	CM084263.1_rotation_1_offset_3626	7024	0.962130	0
SRR27841065.20002	15482	CM084263.1_rotation_0_offset_0	91	1.000000	0
SRR27841065.20002	15482	CM084263.1_rotation_3_offset_10878	91	1.000000	0
SRR27841065.20002	15482	CM084263.1_rotation_1_offset_3626	91	1.000000	0
SRR27841065.20002	15482	CM084263.1_rotation_1_offset_3626	91	1.000000	0
SRR27841065.20002	15482	CM084263.1_rotation_2_offset_7252	91	1.000000	0
SRR27841065.20002	15482	CM084263.1_rotation_2_offset_7252	91	1.000000	0
SRR27841065.20002	15482	CM084263.1_rotation_3_offset_10878	91	1.000000	0
SRR27841065.20002	15482	CM084263.1_rotation_0_offset_0	91	1.000000	0
SRR27841065.20002	15482	CM084263.1_rotation_2_offset_7252	91	0.989011	0
SRR27841065.20002	15482	CM084263.1_rotation_2_offset_7252	91	0.989011	0
SRR27841065.20002	15482	CM084263.1_rotation_0_offset_0	91	0.989011	0
SRR27841065.20002	15482	CM084263.1_rotation_3_offset_10878	91	0.989011	0
SRR27841065.20002	15482	CM084263.1_rotation_1_offset_3626	91	0.989011	0
SRR27841065.20002	15482	CM084263.1_rotation_0_offset_0	91	0.989011	0
SRR27841065.20002	15482	CM084263.1_rotation_3_offset_10878	91	0.989011	0
SRR27841065.20002	15482	CM084263.1_rotation_1_offset_3626	91	0.989011	0
SRR27841065.20002	15482	CM084263.1_rotation_2_offset_7252	89	0.977528	1
SRR27841065.20002	15482	CM084263.1_rotation_2_offset_7252	86	0.941860	0
SRR27841065.20002	15482	CM084263.1_rotation_1_offset_3626	86	0.941860	0
SRR27841065.20002	15482	CM084263.1_rotation_3_offset_10878	86	0.941860	0
SRR27841065.20002	15482	CM084263.1_rotation_0_offset_0	86	0.941860	0
SRR27841065.20002	15482	CM084263.1_rotation_1_offset_3626	93	0.913978	1
SRR27841065.23948	8023	CM084263.1_rotation_0_offset_0	8135	0.965827	0
SRR27841065.23948	8023	CM084263.1_rotation_3_offset_10878	8135	0.965827	0
SRR27841065.23948	8023	CM084263.1_rotation_1_offset_3626	7155	0.966597	0
SRR27841065.23948	8023	CM084263.1_rotation_2_offset_7252	4642	0.962732	0
SRR27841065.32833	574	CM084263.1_rotation_0_offset_0	569	0.991213	0
SRR27841065.32833	574	CM084263.1_rotation_2_offset_7252	569	0.991213	0
SRR27841065.32833	574	CM084263.1_rotation_3_offset_10878	569	0.991213	0
SRR27841065.32833	574	CM084263.1_rotation_1_offset_3626	569	0.991213	0
SRR27841065.36018	466	CM084263.1_rotation_1_offset_3626	475	0.917895	0
SRR27841065.36018	466	CM084263.1_rotation_3_offset_10878	475	0.917895	0
SRR27841065.36018	466	CM084263.1_rotation_0_offset_0	475	0.917895	0
SRR27841065.36018	466	CM084263.1_rotation_2_offset_7252	338	0.931953	0
SRR27841065.38771	1841	CM084263.1_rotation_0_offset_0	1850	0.983784	0
SRR27841065.38771	1841	CM084263.1_rotation_2_offset_7252	1850	0.983784	0
SRR27841065.38771	1841	CM084263.1_rotation_1_offset_3626	1850	0.983784	0
SRR27841065.38771	1841	CM084263.1_rotation_3_offset_10878	1312	0.983994	0
SRR27841065.41957	982	CM084263.1_rotation_2_offset_7252	994	0.975855	0
SRR27841065.41957	982	CM084263.1_rotation_1_offset_3626	994	0.975855	0
SRR27841065.41957	982	CM084263.1_rotation_3_offset_10878	994	0.975855	0
SRR27841065.41957	982	CM084263.1_rotation_0_offset_0	994	0.975855	0
SRR27841065.46743	865	CM084263.1_rotation_0_offset_0	874	0.971396	0
SRR27841065.46743	865	CM084263.1_rotation_1_offset_3626	874	0.971396	0
SRR27841065.46743	865	CM084263.1_rotation_2_offset_7252	874	0.971396	0
SRR27841065.46743	865	CM084263.1_rotation_3_offset_10878	874	0.971396	0
SRR27841065.47924	590	CM084263.1_rotation_2_offset_7252	559	0.837209	0
SRR27841065.47924	590	CM084263.1_rotation_1_offset_3626	559	0.837209	0
SRR27841065.47924	590	CM084263.1_rotation_0_offset_0	559	0.837209	0
SRR27841065.47924	590	CM084263.1_rotation_3_offset_10878	541	0.835490	0
SRR27841065.50220	1057	CM084263.1_rotation_2_offset_7252	1092	0.931319	0
SRR27841065.50220	1057	CM084263.1_rotation_3_offset_10878	1092	0.931319	0
SRR27841065.50220	1057	CM084263.1_rotation_0_offset_0	1092	0.931319	0
SRR27841065.50220	1057	CM084263.1_rotation_1_offset_3626	909	0.932893	0
SRR27841065.50356	925	CM084263.1_rotation_0_offset_0	932	0.977468	0
SRR27841065.50356	925	CM084263.1_rotation_1_offset_3626	932	0.977468	0
SRR27841065.50356	925	CM084263.1_rotation_3_offset_10878	932	0.977468	0
SRR27841065.50356	925	CM084263.1_rotation_2_offset_7252	932	0.977468	0
SRR27841065.55774	1714	CM084263.1_rotation_1_offset_3626	91	0.989011	0
SRR27841065.55774	1714	CM084263.1_rotation_3_offset_10878	91	0.989011	0
SRR27841065.55774	1714	CM084263.1_rotation_0_offset_0	91	0.989011	0
SRR27841065.55774	1714	CM084263.1_rotation_2_offset_7252	91	0.989011	0
SRR27841065.55774	1714	CM084263.1_rotation_0_offset_0	95	0.947368	57
SRR27841065.55774	1714	CM084263.1_rotation_0_offset_0	93	0.935484	0
SRR27841065.55774	1714	CM084263.1_rotation_2_offset_7252	93	0.935484	0
SRR27841065.55774	1714	CM084263.1_rotation_1_offset_3626	93	0.935484	0
SRR27841065.55774	1714	CM084263.1_rotation_3_offset_10878	93	0.935484	0
SRR27841065.55774	1714	CM084263.1_rotation_0_offset_0	83	0.975904	32
SRR27841065.55774	1714	CM084263.1_rotation_3_offset_10878	75	0.973333	0
SRR27841065.55774	1714	CM084263.1_rotation_1_offset_3626	75	0.973333	0
SRR27841065.55774	1714	CM084263.1_rotation_2_offset_7252	75	0.973333	0
SRR27841065.55774	1714	CM084263.1_rotation_0_offset_0	75	0.973333	0
SRR27841065.55774	1714	CM084263.1_rotation_1_offset_3626	101	0.831683	0
SRR27841065.55774	1714	CM084263.1_rotation_3_offset_10878	101	0.831683	0
SRR27841065.55774	1714	CM084263.1_rotation_0_offset_0	101	0.831683	0
SRR27841065.55774	1714	CM084263.1_rotation_2_offset_7252	101	0.831683	0
SRR27841065.55774	1714	CM084263.1_rotation_0_offset_0	95	0.852632	12
SRR27841065.57950	472	CM084263.1_rotation_1_offset_3626	476	0.987395	0
SRR27841065.57950	472	CM084263.1_rotation_2_offset_7252	476	0.987395	0
SRR27841065.57950	472	CM084263.1_rotation_3_offset_10878	476	0.987395	0
SRR27841065.57950	472	CM084263.1_rotation_0_offset_0	476	0.987395	0
SRR27841065.59440	797	CM084263.1_rotation_1_offset_3626	802	0.921446	0
SRR27841065.59440	797	CM084263.1_rotation_3_offset_10878	802	0.921446	0
SRR27841065.59440	797	CM084263.1_rotation_0_offset_0	802	0.921446	0
SRR27841065.59440	797	CM084263.1_rotation_2_offset_7252	802	0.921446	0
SRR27841065.61915	37365	CM084263.1_rotation_1_offset_3626	298	0.889262	0
SRR27841065.61915	37365	CM084263.1_rotation_3_offset_10878	298	0.889262	0
SRR27841065.61915	37365	CM084263.1_rotation_2_offset_7252	298	0.889262	0
SRR27841065.61915	37365	CM084263.1_rotation_0_offset_0	298	0.889262	0
SRR27841065.62071	20036	CM084263.1_rotation_1_offset_3626	19937	0.681748	60
SRR27841065.62071	20036	CM084263.1_rotation_0_offset_0	11218	0.974773	0
SRR27841065.62071	20036	CM084263.1_rotation_2_offset_7252	16289	0.617472	0
SRR27841065.62071	20036	CM084263.1_rotation_3_offset_10878	7577	0.972812	0
SRR27841065.62071	20036	CM084263.1_rotation_1_offset_3626	281	0.964413	60
SRR27841065.84172	1739	CM084263.1_rotation_2_offset_7252	91	0.978022	0
SRR27841065.84172	1739	CM084263.1_rotation_3_offset_10878	91	0.978022	0
SRR27841065.84172	1739	CM084263.1_rotation_1_offset_3626	91	0.978022	0
SRR27841065.84172	1739	CM084263.1_rotation_0_offset_0	91	0.978022	0
SRR27841065.84172	1739	CM084263.1_rotation_2_offset_7252	97	0.917526	1
SRR27841065.84172	1739	CM084263.1_rotation_1_offset_3626	97	0.917526	0
SRR27841065.84172	1739	CM084263.1_rotation_3_offset_10878	97	0.917526	0
SRR27841065.84172	1739	CM084263.1_rotation_0_offset_0	97	0.917526	0
SRR27841065.84172	1739	CM084263.1_rotation_2_offset_7252	93	0.935484	0
SRR27841065.84172	1739	CM084263.1_rotation_1_offset_3626	93	0.935484	0
SRR27841065.84172	1739	CM084263.1_rotation_3_offset_10878	93	0.935484	0
SRR27841065.84172	1739	CM084263.1_rotation_0_offset_0	91	0.934066	0
SRR27841065.84172	1739	CM084263.1_rotation_1_offset_3626	94	0.904255	0
SRR27841065.84172	1739	CM084263.1_rotation_0_offset_0	94	0.904255	0
SRR27841065.84172	1739	CM084263.1_rotation_3_offset_10878	94	0.904255	0
SRR27841065.84172	1739	CM084263.1_rotation_2_offset_7252	94	0.904255	0
SRR27841065.85563	3041	CM084263.1_rotation_2_offset_7252	2085	0.969784	0
SRR27841065.85563	3041	CM084263.1_rotation_0_offset_0	2085	0.969784	0
SRR27841065.85563	3041	CM084263.1_rotation_1_offset_3626	2085	0.969784	0
SRR27841065.85563	3041	CM084263.1_rotation_3_offset_10878	2085	0.969784	0
SRR27841065.85563	3041	CM084263.1_rotation_0_offset_0	92	0.956522	5
SRR27841065.88347	2891	CM084263.1_rotation_1_offset_3626	2916	0.980453	0
SRR27841065.88347	2891	CM084263.1_rotation_0_offset_0	2916	0.980453	0
SRR27841065.88347	2891	CM084263.1_rotation_2_offset_7252	2916	0.980453	0
SRR27841065.88347	2891	CM084263.1_rotation_3_offset_10878	1846	0.989166	0
SRR27841065.95183	7101	CM084263.1_rotation_1_offset_3626	5452	0.984226	0
SRR27841065.95183	7101	CM084263.1_rotation_0_offset_0	5452	0.984226	0
SRR27841065.95183	7101	CM084263.1_rotation_2_offset_7252	5452	0.984226	0
SRR27841065.95183	7101	CM084263.1_rotation_3_offset_10878	3645	0.985460	0
SRR27841065.95183	7101	CM084263.1_rotation_2_offset_7252	144	0.861111	0
SRR27841065.95183	7101	CM084263.1_rotation_3_offset_10878	144	0.861111	0
SRR27841065.95183	7101	CM084263.1_rotation_1_offset_3626	144	0.861111	0
SRR27841065.95183	7101	CM084263.1_rotation_1_offset_3626	91	0.989011	0
SRR27841065.95183	7101	CM084263.1_rotation_0_offset_0	91	0.989011	0
SRR27841065.95183	7101	CM084263.1_rotation_0_offset_0	93	0.978495	0
SRR27841065.95183	7101	CM084263.1_rotation_0_offset_0	87	1.000000	19
SRR27841065.95183	7101	CM084263.1_rotation_0_offset_0	62	1.000000	21
SRR27841065.102070	2588	CM084263.1_rotation_0_offset_0	2604	0.980415	0
SRR27841065.102070	2588	CM084263.1_rotation_3_offset_10878	2604	0.980415	0
SRR27841065.102070	2588	CM084263.1_rotation_1_offset_3626	2604	0.980415	0
SRR27841065.102070	2588	CM084263.1_rotation_2_offset_7252	2604	0.980415	0
SRR27841065.109292	1128	CM084263.1_rotation_0_offset_0	1144	0.955420	0
SRR27841065.109292	1128	CM084263.1_rotation_3_offset_10878	1144	0.955420	0
SRR27841065.109292	1128	CM084263.1_rotation_1_offset_3626	1144	0.955420	0
SRR27841065.109292	1128	CM084263.1_rotation_2_offset_7252	1144	0.955420	0
SRR27841065.109334	766	CM084263.1_rotation_1_offset_3626	90	0.966667	0
SRR27841065.109334	766	CM084263.1_rotation_3_offset_10878	90	0.966667	0
SRR27841065.109334	766	CM084263.1_rotation_2_offset_7252	90	0.966667	0
SRR27841065.109334	766	CM084263.1_rotation_0_offset_0	88	0.965909	0
SRR27841065.109334	766	CM084263.1_rotation_0_offset_0	82	0.926829	1
SRR27841065.109334	766	CM084263.1_rotation_1_offset_3626	82	0.926829	0
SRR27841065.109334	766	CM084263.1_rotation_3_offset_10878	82	0.926829	0
SRR27841065.109334	766	CM084263.1_rotation_2_offset_7252	82	0.926829	0
SRR27841065.109334	766	CM084263.1_rotation_0_offset_0	70	0.957143	1
SRR27841065.109334	766	CM084263.1_rotation_1_offset_3626	92	0.836957	0
SRR27841065.109334	766	CM084263.1_rotation_2_offset_7252	92	0.836957	0
SRR27841065.109334	766	CM084263.1_rotation_0_offset_0	92	0.836957	0
SRR27841065.109334	766	CM084263.1_rotation_3_offset_10878	92	0.836957	0
SRR27841065.112119	10656	CM084263.1_rotation_0_offset_0	11343	0.790443	43
SRR27841065.112119	10656	CM084263.1_rotation_1_offset_3626	10431	0.793021	0
SRR27841065.112119	10656	CM084263.1_rotation_3_offset_10878	8394	0.789254	0
SRR27841065.112119	10656	CM084263.1_rotation_2_offset_7252	6739	0.790177	0
SRR27841065.113341	11007	CM084263.1_rotation_3_offset_10878	11070	0.489702	0
SRR27841065.113341	11007	CM084263.1_rotation_2_offset_7252	11070	0.489702	0
SRR27841065.113341	11007	CM084263.1_rotation_1_offset_3626	10694	0.472134	0
SRR27841065.113341	11007	CM084263.1_rotation_0_offset_0	3996	0.973223	0
SRR27841065.113739	718	CM084263.1_rotation_3_offset_10878	527	0.910816	1
SRR27841065.113739	718	CM084263.1_rotation_2_offset_7252	756	0.878307	0
SRR27841065.113739	718	CM084263.1_rotation_1_offset_3626	756	0.878307	0
SRR27841065.113739	718	CM084263.1_rotation_0_offset_0	756	0.878307	0
SRR27841065.120873	2332	CM084263.1_rotation_0_offset_0	2350	0.978723	0
SRR27841065.120873	2332	CM084263.1_rotation_1_offset_3626	2350	0.978723	0
SRR27841065.120873	2332	CM084263.1_rotation_2_offset_7252	2350	0.978723	0
SRR27841065.120873	2332	CM084263.1_rotation_3_offset_10878	2350	0.978723	0
SRR27841065.125158	4046	CM084263.1_rotation_1_offset_3626	493	0.361055	0
SRR27841065.125158	4046	CM084263.1_rotation_3_offset_10878	493	0.361055	0
SRR27841065.125158	4046	CM084263.1_rotation_0_offset_0	91	1.000000	0
SRR27841065.125158	4046	CM084263.1_rotation_2_offset_7252	91	1.000000	0
SRR27841065.125158	4046	CM084263.1_rotation_1_offset_3626	91	1.000000	0
SRR27841065.125158	4046	CM084263.1_rotation_3_offset_10878	91	1.000000	0
SRR27841065.125158	4046	CM084263.1_rotation_1_offset_3626	91	0.978022	0
SRR27841065.125158	4046	CM084263.1_rotation_3_offset_10878	91	0.978022	0
SRR27841065.125158	4046	CM084263.1_rotation_0_offset_0	91	0.978022	0
SRR27841065.125158	4046	CM084263.1_rotation_2_offset_7252	91	0.978022	0
SRR27841065.125158	4046	CM084263.1_rotation_3_offset_10878	91	0.967033	0
SRR27841065.125158	4046	CM084263.1_rotation_1_offset_3626	91	0.967033	0
SRR27841065.125158	4046	CM084263.1_rotation_0_offset_0	91	0.967033	0
SRR27841065.125158	4046	CM084263.1_rotation_2_offset_7252	91	0.967033	0
SRR27841065.125158	4046	CM084263.1_rotation_3_offset_10878	87	0.977011	1
SRR27841065.125158	4046	CM084263.1_rotation_3_offset_10878	90	0.955556	0
SRR27841065.125158	4046	CM084263.1_rotation_0_offset_0	90	0.955556	0
SRR27841065.125158	4046	CM084263.1_rotation_1_offset_3626	90	0.955556	0
SRR27841065.125158	4046	CM084263.1_rotation_0_offset_0	87	0.977011	0
SRR27841065.125158	4046	CM084263.1_rotation_1_offset_3626	87	0.977011	0
SRR27841065.125158	4046	CM084263.1_rotation_2_offset_7252	90	0.955556	0
SRR27841065.125158	4046	CM084263.1_rotation_2_offset_7252	87	0.977011	0
SRR27841065.125158	4046	CM084263.1_rotation_0_offset_0	97	0.917526	41
SRR27841065.125158	4046	CM084263.1_rotation_1_offset_3626	95	0.905263	1
SRR27841065.125158	4046	CM084263.1_rotation_3_offset_10878	91	0.967033	1
SRR27841065.125158	4046	CM084263.1_rotation_1_offset_3626	91	0.956044	1
SRR27841065.125158	4046	CM084263.1_rotation_1_offset_3626	95	0.915789	0
SRR27841065.125158	4046	CM084263.1_rotation_0_offset_0	94	0.946809	45
SRR27841065.125158	4046	CM084263.1_rotation_3_offset_10878	95	0.915789	0
SRR27841065.125158	4046	CM084263.1_rotation_2_offset_7252	95	0.915789	0
SRR27841065.126543	6250	CM084263.1_rotation_2_offset_7252	6083	0.980273	1
SRR27841065.126543	6250	CM084263.1_rotation_0_offset_0	6304	0.978902	0
SRR27841065.126543	6250	CM084263.1_rotation_3_offset_10878	6304	0.978902	0
SRR27841065.126543	6250	CM084263.1_rotation_1_offset_3626	3866	0.980083	0
SRR27841065.126847	7268	CM084263.1_rotation_0_offset_0	7317	0.984010	0
SRR27841065.126847	7268	CM084263.1_rotation_1_offset_3626	7317	0.984010	0
SRR27841065.126847	7268	CM084263.1_rotation_2_offset_7252	6635	0.984175	0
SRR27841065.126847	7268	CM084263.1_rotation_3_offset_10878	4324	0.982192	0
SRR27841065.130650	3928	CM084263.1_rotation_1_offset_3626	3983	0.958825	0
SRR27841065.130650	3928	CM084263.1_rotation_3_offset_10878	3983	0.958825	0
SRR27841065.130650	3928	CM084263.1_rotation_0_offset_0	3983	0.958825	0
SRR27841065.130650	3928	CM084263.1_rotation_2_offset_7252	2098	0.959009	0
SRR27841065.137563	1652	CM084263.1_rotation_3_offset_10878	1668	0.986811	0
SRR27841065.137563	1652	CM084263.1_rotation_1_offset_3626	1668	0.986811	0
SRR27841065.137563	1652	CM084263.1_rotation_0_offset_0	1668	0.986811	0
SRR27841065.137563	1652	CM084263.1_rotation_2_offset_7252	1668	0.986811	0
SRR27841065.139390	2405	CM084263.1_rotation_0_offset_0	2424	0.971947	0
SRR27841065.139390	2405	CM084263.1_rotation_3_offset_10878	2424	0.971947	0
SRR27841065.139390	2405	CM084263.1_rotation_1_offset_3626	2424	0.971947	0
SRR27841065.139390	2405	CM084263.1_rotation_2_offset_7252	1558	0.968549	0
SRR27841065.140470	779	CM084263.1_rotation_2_offset_7252	91	1.000000	0
SRR27841065.140470	779	CM084263.1_rotation_1_offset_3626	91	1.000000	0
SRR27841065.140470	779	CM084263.1_rotation_0_offset_0	91	1.000000	0
SRR27841065.140470	779	CM084263.1_rotation_3_offset_10878	91	1.000000	0
SRR27841065.140470	779	CM084263.1_rotation_3_offset_10878	97	0.896907	0
SRR27841065.140470	779	CM084263.1_rotation_2_offset_7252	97	0.896907	0
SRR27841065.140470	779	CM084263.1_rotation_0_offset_0	97	0.896907	0
SRR27841065.140470	779	CM084263.1_rotation_1_offset_3626	97	0.896907	0
SRR27841065.145984	113	CM084263.1_rotation_1_offset_3626	104	0.932692	0
SRR27841065.145984	113	CM084263.1_rotation_3_offset_10878	104	0.932692	0
SRR27841065.145984	113	CM084263.1_rotation_0_offset_0	104	0.932692	0
SRR27841065.145984	113	CM084263.1_rotation_2_offset_7252	104	0.932692	0
SRR27841065.149761	910	CM084263.1_rotation_1_offset_3626	932	0.922747	0
SRR27841065.149761	910	CM084263.1_rotation_0_offset_0	932	0.922747	0
SRR27841065.149761	910	CM084263.1_rotation_3_offset_10878	932	0.922747	0
SRR27841065.149761	910	CM084263.1_rotation_2_offset_7252	932	0.922747	0
SRR27841065.150406	215	CM084263.1_rotation_1_offset_3626	214	0.948598	0
SRR27841065.150406	215	CM084263.1_rotation_0_offset_0	214	0.948598	0
SRR27841065.150406	215	CM084263.1_rotation_2_offset_7252	214	0.948598	0
SRR27841065.150406	215	CM084263.1_rotation_3_offset_10878	180	0.944444	0
SRR27841065.151560	1620	CM084263.1_rotation_0_offset_0	91	0.978022	0
SRR27841065.151560	1620	CM084263.1_rotation_1_offset_3626	91	0.978022	0
SRR27841065.151560	1620	CM084263.1_rotation_2_offset_7252	91	0.978022	0
SRR27841065.151560	1620	CM084263.1_rotation_3_offset_10878	91	0.978022	0
SRR27841065.151560	1620	CM084263.1_rotation_1_offset_3626	91	0.945055	1
SRR27841065.151560	1620	CM084263.1_rotation_2_offset_7252	91	0.945055	0
SRR27841065.151560	1620	CM084263.1_rotation_3_offset_10878	91	0.945055	0
SRR27841065.151560	1620	CM084263.1_rotation_0_offset_0	91	0.945055	0
SRR27841065.151560	1620	CM084263.1_rotation_0_offset_0	96	0.906250	0
SRR27841065.151560	1620	CM084263.1_rotation_2_offset_7252	96	0.906250	0
SRR27841065.151560	1620	CM084263.1_rotation_3_offset_10878	96	0.906250	0
SRR27841065.151560	1620	CM084263.1_rotation_1_offset_3626	96	0.906250	0
SRR27841065.151560	1620	CM084263.1_rotation_0_offset_0	92	0.923913	22
SRR27841065.151560	1620	CM084263.1_rotation_0_offset_0	91	0.923077	10
SRR27841065.151910	3394	CM084263.1_rotation_2_offset_7252	91	0.989011	0
SRR27841065.151910	3394	CM084263.1_rotation_1_offset_3626	91	0.989011	0
SRR27841065.151910	3394	CM084263.1_rotation_0_offset_0	91	0.989011	0
SRR27841065.151910	3394	CM084263.1_rotation_3_offset_10878	91	0.989011	0
SRR27841065.151910	3394	CM084263.1_rotation_0_offset_0	94	0.968085	0
SRR27841065.151910	3394	CM084263.1_rotation_2_offset_7252	94	0.968085	0
SRR27841065.151910	3394	CM084263.1_rotation_1_offset_3626	94	0.968085	0
SRR27841065.151910	3394	CM084263.1_rotation_3_offset_10878	94	0.968085	0
SRR27841065.151910	3394	CM084263.1_rotation_3_offset_10878	95	0.905263	0
SRR27841065.151910	3394	CM084263.1_rotation_2_offset_7252	95	0.905263	0
SRR27841065.151910	3394	CM084263.1_rotation_0_offset_0	95	0.905263	0
SRR27841065.151910	3394	CM084263.1_rotation_1_offset_3626	95	0.905263	0
SRR27841065.151910	3394	CM084263.1_rotation_1_offset_3626	92	0.945652	34
SRR27841065.151910	3394	CM084263.1_rotation_0_offset_0	92	0.945652	0
SRR27841065.151910	3394	CM084263.1_rotation_2_offset_7252	92	0.945652	0
SRR27841065.151910	3394	CM084263.1_rotation_3_offset_10878	92	0.945652	0
SRR27841065.151910	3394	CM084263.1_rotation_0_offset_0	87	0.931034	36
SRR27841065.151910	3394	CM084263.1_rotation_3_offset_10878	89	0.898876	0
SRR27841065.151910	3394	CM084263.1_rotation_2_offset_7252	89	0.898876	0
SRR27841065.151910	3394	CM084263.1_rotation_1_offset_3626	89	0.898876	0
SRR27841065.151910	3394	CM084263.1_rotation_0_offset_0	89	0.898876	0
SRR27841065.151910	3394	CM084263.1_rotation_0_offset_0	71	0.929577	1
SRR27841065.152205	577	CM084263.1_rotation_1_offset_3626	533	0.853659	0
SRR27841065.152205	577	CM084263.1_rotation_2_offset_7252	533	0.853659	0
SRR27841065.152205	577	CM084263.1_rotation_3_offset_10878	533	0.853659	0
SRR27841065.152205	577	CM084263.1_rotation_0_offset_0	533	0.853659	0
SRR27841065.154203	786	CM084263.1_rotation_0_offset_0	797	0.958595	0
SRR27841065.154203	786	CM084263.1_rotation_2_offset_7252	797	0.958595	0
SRR27841065.154203	786	CM084263.1_rotation_3_offset_10878	797	0.958595	0
SRR27841065.154203	786	CM084263.1_rotation_1_offset_3626	797	0.958595	0
SRR27841065.155801	4425	CM084263.1_rotation_2_offset_7252	4456	0.976212	0
SRR27841065.155801	4425	CM084263.1_rotation_3_offset_10878	4456	0.976212	0
SRR27841065.155801	4425	CM084263.1_rotation_0_offset_0	4456	0.976212	0
SRR27841065.155801	4425	CM084263.1_rotation_1_offset_3626	2797	0.974616	0
SRR27841065.158934	1097	CM084263.1_rotation_0_offset_0	1112	0.974820	0
SRR27841065.158934	1097	CM084263.1_rotation_1_offset_3626	1112	0.974820	0
SRR27841065.158934	1097	CM084263.1_rotation_3_offset_10878	1112	0.974820	0
SRR27841065.158934	1097	CM084263.1_rotation_2_offset_7252	641	0.975039	0
SRR27841065.159181	834	CM084263.1_rotation_1_offset_3626	850	0.963529	0
SRR27841065.159181	834	CM084263.1_rotation_0_offset_0	850	0.963529	0
SRR27841065.159181	834	CM084263.1_rotation_2_offset_7252	850	0.963529	0
SRR27841065.159181	834	CM084263.1_rotation_3_offset_10878	850	0.963529	0
SRR27841065.162074	935	CM084263.1_rotation_1_offset_3626	938	0.986141	0
SRR27841065.162074	935	CM084263.1_rotation_2_offset_7252	938	0.986141	0
SRR27841065.162074	935	CM084263.1_rotation_3_offset_10878	938	0.986141	0
SRR27841065.162074	935	CM084263.1_rotation_0_offset_0	938	0.986141	0
SRR27841065.169014	6687	CM084263.1_rotation_1_offset_3626	3356	0.977950	0
SRR27841065.169014	6687	CM084263.1_rotation_3_offset_10878	3356	0.977950	0
SRR27841065.169014	6687	CM084263.1_rotation_0_offset_0	3356	0.977950	0
SRR27841065.169014	6687	CM084263.1_rotation_2_offset_7252	3356	0.977950	0
SRR27841065.169014	6687	CM084263.1_rotation_1_offset_3626	498	0.371486	0
SRR27841065.169014	6687	CM084263.1_rotation_3_offset_10878	498	0.371486	0
SRR27841065.169014	6687	CM084263.1_rotation_2_offset_7252	498	0.371486	0
SRR27841065.169014	6687	CM084263.1_rotation_2_offset_7252	91	1.000000	0
SRR27841065.169014	6687	CM084263.1_rotation_0_offset_0	91	1.000000	0
SRR27841065.169014	6687	CM084263.1_rotation_3_offset_10878	91	1.000000	0
SRR27841065.169014	6687	CM084263.1_rotation_3_offset_10878	91	1.000000	0
SRR27841065.169014	6687	CM084263.1_rotation_1_offset_3626	91	1.000000	0
SRR27841065.169014	6687	CM084263.1_rotation_1_offset_3626	91	1.000000	0
SRR27841065.169014	6687	CM084263.1_rotation_2_offset_7252	91	1.000000	0
SRR27841065.169014	6687	CM084263.1_rotation_0_offset_0	91	1.000000	0
SRR27841065.169014	6687	CM084263.1_rotation_1_offset_3626	91	0.989011	0
SRR27841065.169014	6687	CM084263.1_rotation_3_offset_10878	91	0.989011	0
SRR27841065.169014	6687	CM084263.1_rotation_1_offset_3626	91	0.989011	0
SRR27841065.169014	6687	CM084263.1_rotation_0_offset_0	91	0.989011	0
SRR27841065.169014	6687	CM084263.1_rotation_0_offset_0	91	0.989011	0
SRR27841065.169014	6687	CM084263.1_rotation_3_offset_10878	91	0.989011	0
SRR27841065.169014	6687	CM084263.1_rotation_2_offset_7252	91	0.989011	0
SRR27841065.169014	6687	CM084263.1_rotation_2_offset_7252	91	0.989011	0
SRR27841065.169014	6687	CM084263.1_rotation_0_offset_0	89	0.977528	50
SRR27841065.169014	6687	CM084263.1_rotation_3_offset_10878	91	0.956044	0
SRR27841065.169014	6687	CM084263.1_rotation_0_offset_0	91	0.956044	0
SRR27841065.169014	6687	CM084263.1_rotation_2_offset_7252	91	0.956044	0
SRR27841065.171192	1558	CM084263.1_rotation_2_offset_7252	91	0.989011	0
SRR27841065.171192	1558	CM084263.1_rotation_3_offset_10878	91	0.989011	0
SRR27841065.171192	1558	CM084263.1_rotation_1_offset_3626	91	0.989011	0
SRR27841065.171192	1558	CM084263.1_rotation_0_offset_0	91	0.989011	0
SRR27841065.171192	1558	CM084263.1_rotation_1_offset_3626	93	0.978495	0
SRR27841065.171192	1558	CM084263.1_rotation_2_offset_7252	93	0.978495	0
SRR27841065.171192	1558	CM084263.1_rotation_3_offset_10878	93	0.978495	0
SRR27841065.171192	1558	CM084263.1_rotation_0_offset_0	93	0.978495	0
SRR27841065.171192	1558	CM084263.1_rotation_1_offset_3626	89	0.977528	1
SRR27841065.171192	1558	CM084263.1_rotation_3_offset_10878	89	0.977528	0
SRR27841065.171192	1558	CM084263.1_rotation_0_offset_0	89	0.977528	0
SRR27841065.171192	1558	CM084263.1_rotation_2_offset_7252	89	0.977528	0
SRR27841065.171192	1558	CM084263.1_rotation_0_offset_0	88	0.965909	45
SRR27841065.171192	1558	CM084263.1_rotation_3_offset_10878	88	0.965909	0
SRR27841065.171192	1558	CM084263.1_rotation_1_offset_3626	88	0.965909	0
SRR27841065.171192	1558	CM084263.1_rotation_0_offset_0	88	0.965909	0
SRR27841065.171192	1558	CM084263.1_rotation_2_offset_7252	88	0.965909	0
SRR27841065.171192	1558	CM084263.1_rotation_0_offset_0	92	0.945652	46
SRR27841065.171192	1558	CM084263.1_rotation_0_offset_0	65	0.984615	24
SRR27841065.178401	2517	CM084263.1_rotation_2_offset_7252	793	0.962169	0
SRR27841065.178401	2517	CM084263.1_rotation_1_offset_3626	793	0.962169	0
SRR27841065.178401	2517	CM084263.1_rotation_3_offset_10878	793	0.962169	0
SRR27841065.178401	2517	CM084263.1_rotation_0_offset_0	734	0.985014	0
SRR27841065.178401	2517	CM084263.1_rotation_1_offset_3626	603	0.789386	0
SRR27841065.178401	2517	CM084263.1_rotation_3_offset_10878	603	0.789386	0
SRR27841065.178401	2517	CM084263.1_rotation_2_offset_7252	603	0.789386	0
SRR27841065.178401	2517	CM084263.1_rotation_0_offset_0	545	0.803670	0
SRR27841065.179458	317	CM084263.1_rotation_0_offset_0	314	0.987261	0
SRR27841065.179458	317	CM084263.1_rotation_3_offset_10878	314	0.987261	0
SRR27841065.179458	317	CM084263.1_rotation_1_offset_3626	314	0.987261	0
SRR27841065.179458	317	CM084263.1_rotation_2_offset_7252	314	0.987261	0
SRR27841065.181751	3233	CM084263.1_rotation_1_offset_3626	3373	0.916395	0
SRR27841065.181751	3233	CM084263.1_rotation_0_offset_0	3373	0.916395	0
SRR27841065.181751	3233	CM084263.1_rotation_3_offset_10878	3373	0.916395	0
SRR27841065.181751	3233	CM084263.1_rotation_2_offset_7252	3031	0.913560	0
SRR27841065.184691	29349	CM084263.1_rotation_0_offset_0	94	0.957447	0
SRR27841065.184691	29349	CM084263.1_rotation_2_offset_7252	94	0.957447	0
SRR27841065.184691	29349	CM084263.1_rotation_3_offset_10878	94	0.957447	0
SRR27841065.184691	29349	CM084263.1_rotation_1_offset_3626	94	0.957447	0
SRR27841065.187734	483	CM084263.1_rotation_0_offset_0	486	0.987654	0
SRR27841065.187734	483	CM084263.1_rotation_2_offset_7252	486	0.987654	0
SRR27841065.187734	483	CM084263.1_rotation_3_offset_10878	486	0.987654	0
SRR27841065.187734	483	CM084263.1_rotation_1_offset_3626	486	0.987654	0
SRR27841065.190852	1815	CM084263.1_rotation_3_offset_10878	1827	0.981938	0
SRR27841065.190852	1815	CM084263.1_rotation_0_offset_0	1827	0.981938	0
SRR27841065.190852	1815	CM084263.1_rotation_2_offset_7252	1827	0.981938	0
SRR27841065.190852	1815	CM084263.1_rotation_1_offset_3626	964	0.981328	0
SRR27841065.191434	1115	CM084263.1_rotation_2_offset_7252	1083	0.951985	0
SRR27841065.191434	1115	CM084263.1_rotation_1_offset_3626	1083	0.951985	0
SRR27841065.191434	1115	CM084263.1_rotation_3_offset_10878	1083	0.951985	0
SRR27841065.191434	1115	CM084263.1_rotation_0_offset_0	1083	0.951985	0
SRR27841065.193453	1344	CM084263.1_rotation_2_offset_7252	485	0.362887	0
SRR27841065.193453	1344	CM084263.1_rotation_3_offset_10878	485	0.362887	0
SRR27841065.193453	1344	CM084263.1_rotation_1_offset_3626	485	0.362887	0
SRR27841065.193453	1344	CM084263.1_rotation_3_offset_10878	88	0.954545	0
SRR27841065.193453	1344	CM084263.1_rotation_1_offset_3626	88	0.954545	0
SRR27841065.193453	1344	CM084263.1_rotation_2_offset_7252	88	0.954545	0
SRR27841065.193453	1344	CM084263.1_rotation_0_offset_0	91	0.945055	0
SRR27841065.193453	1344	CM084263.1_rotation_0_offset_0	86	0.953488	0
SRR27841065.193453	1344	CM084263.1_rotation_3_offset_10878	98	0.918367	0
SRR27841065.193453	1344	CM084263.1_rotation_0_offset_0	98	0.918367	0
SRR27841065.193453	1344	CM084263.1_rotation_1_offset_3626	98	0.918367	0
SRR27841065.193453	1344	CM084263.1_rotation_2_offset_7252	98	0.918367	0
SRR27841065.193453	1344	CM084263.1_rotation_0_offset_0	87	0.942529	0
SRR27841065.193453	1344	CM084263.1_rotation_0_offset_0	78	0.948718	22
SRR27841065.193453	1344	CM084263.1_rotation_2_offset_7252	86	0.895349	0
SRR27841065.193453	1344	CM084263.1_rotation_1_offset_3626	86	0.895349	0
SRR27841065.193453	1344	CM084263.1_rotation_3_offset_10878	86	0.895349	0
SRR27841065.193604	5096	CM084263.1_rotation_0_offset_0	5142	0.979969	0
SRR27841065.193604	5096	CM084263.1_rotation_3_offset_10878	5142	0.979969	0
SRR27841065.193604	5096	CM084263.1_rotation_2_offset_7252	5142	0.979969	0
SRR27841065.193604	5096	CM084263.1_rotation_1_offset_3626	2990	0.978595	0
SRR27841065.194051	996	CM084263.1_rotation_3_offset_10878	91	1.000000	0
SRR27841065.194051	996	CM084263.1_rotation_1_offset_3626	91	1.000000	0
SRR27841065.194051	996	CM084263.1_rotation_2_offset_7252	91	1.000000	0
SRR27841065.194051	996	CM084263.1_rotation_0_offset_0	91	1.000000	0
SRR27841065.194051	996	CM084263.1_rotation_3_offset_10878	91	0.989011	0
SRR27841065.194051	996	CM084263.1_rotation_2_offset_7252	91	0.989011	0
SRR27841065.194051	996	CM084263.1_rotation_1_offset_3626	91	0.989011	0
SRR27841065.194051	996	CM084263.1_rotation_0_offset_0	91	0.989011	0
SRR27841065.194051	996	CM084263.1_rotation_0_offset_0	89	0.966292	54
SRR27841065.194051	996	CM084263.1_rotation_2_offset_7252	87	0.954023	1
SRR27841065.194051	996	CM084263.1_rotation_1_offset_3626	87	0.954023	0
SRR27841065.194051	996	CM084263.1_rotation_0_offset_0	87	0.954023	0
SRR27841065.194051	996	CM084263.1_rotation_3_offset_10878	87	0.954023	0
SRR27841065.194051	996	CM084263.1_rotation_0_offset_0	73	0.986301	13
SRR27841065.197164	1868	CM084263.1_rotation_3_offset_10878	1984	0.806452	0
SRR27841065.197164	1868	CM084263.1_rotation_0_offset_0	1984	0.806452	0
SRR27841065.197164	1868	CM084263.1_rotation_2_offset_7252	1984	0.806452	0
SRR27841065.197164	1868	CM084263.1_rotation_1_offset_3626	1845	0.802710	0
SRR27841065.198953	1696	CM084263.1_rotation_1_offset_3626	1722	0.970383	0
SRR27841065.198953	1696	CM084263.1_rotation_3_offset_10878	1722	0.970383	0
SRR27841065.198953	1696	CM084263.1_rotation_0_offset_0	1722	0.970383	0
SRR27841065.198953	1696	CM084263.1_rotation_2_offset_7252	1110	0.968468	0
SRR27841065.199668	8060	CM084263.1_rotation_3_offset_10878	4415	0.924802	0
SRR27841065.199668	8060	CM084263.1_rotation_2_offset_7252	4415	0.924802	0
SRR27841065.199668	8060	CM084263.1_rotation_0_offset_0	4415	0.924802	0
SRR27841065.199668	8060	CM084263.1_rotation_1_offset_3626	3680	0.922011	0
SRR27841065.199668	8060	CM084263.1_rotation_0_offset_0	4431	0.738885	0
SRR27841065.199668	8060	CM084263.1_rotation_3_offset_10878	4431	0.738885	0
SRR27841065.199668	8060	CM084263.1_rotation_2_offset_7252	4431	0.738885	0
SRR27841065.199668	8060	CM084263.1_rotation_1_offset_3626	3713	0.737409	0
SRR27841065.203192	271	CM084263.1_rotation_1_offset_3626	271	0.988930	0
SRR27841065.203192	271	CM084263.1_rotation_2_offset_7252	271	0.988930	0
SRR27841065.203192	271	CM084263.1_rotation_0_offset_0	271	0.988930	0
SRR27841065.203192	271	CM084263.1_rotation_3_offset_10878	271	0.988930	0
SRR27841065.205474	1327	CM084263.1_rotation_2_offset_7252	1361	0.926525	0
SRR27841065.205474	1327	CM084263.1_rotation_3_offset_10878	1361	0.926525	0
SRR27841065.205474	1327	CM084263.1_rotation_1_offset_3626	1361	0.926525	0
SRR27841065.205474	1327	CM084263.1_rotation_0_offset_0	1361	0.926525	0
SRR27841065.210986	1423	CM084263.1_rotation_1_offset_3626	766	0.929504	0
SRR27841065.210986	1423	CM084263.1_rotation_0_offset_0	766	0.929504	0
SRR27841065.210986	1423	CM084263.1_rotation_2_offset_7252	766	0.929504	0
SRR27841065.210986	1423	CM084263.1_rotation_3_offset_10878	766	0.929504	0
SRR27841065.215382	1176	CM084263.1_rotation_3_offset_10878	1186	0.973862	0
SRR27841065.215382	1176	CM084263.1_rotation_2_offset_7252	1186	0.973862	0
SRR27841065.215382	1176	CM084263.1_rotation_1_offset_3626	1186	0.973862	0
SRR27841065.215382	1176	CM084263.1_rotation_0_offset_0	1186	0.973862	0
SRR27841065.219848	6991	CM084263.1_rotation_0_offset_0	5555	0.978758	0
SRR27841065.219848	6991	CM084263.1_rotation_2_offset_7252	5555	0.978758	0
SRR27841065.219848	6991	CM084263.1_rotation_1_offset_3626	5555	0.978758	0
SRR27841065.219848	6991	CM084263.1_rotation_3_offset_10878	3651	0.976719	0
SRR27841065.219848	6991	CM084263.1_rotation_2_offset_7252	491	0.374745	0
SRR27841065.219848	6991	CM084263.1_rotation_1_offset_3626	491	0.374745	0
SRR27841065.219848	6991	CM084263.1_rotation_3_offset_10878	491	0.374745	0
SRR27841065.219848	6991	CM084263.1_rotation_0_offset_0	91	0.956044	0
SRR27841065.219848	6991	CM084263.1_rotation_0_offset_0	92	0.945652	0
SRR27841065.219848	6991	CM084263.1_rotation_0_offset_0	91	0.945055	49
SRR27841065.221365	735	CM084263.1_rotation_2_offset_7252	747	0.938420	0
SRR27841065.221365	735	CM084263.1_rotation_0_offset_0	747	0.938420	0
SRR27841065.221365	735	CM084263.1_rotation_3_offset_10878	747	0.938420	0
SRR27841065.221365	735	CM084263.1_rotation_1_offset_3626	747	0.938420	0
SRR27841065.224971	5007	CM084263.1_rotation_1_offset_3626	3304	0.946126	0
SRR27841065.224971	5007	CM084263.1_rotation_2_offset_7252	3304	0.946126	0
SRR27841065.224971	5007	CM084263.1_rotation_3_offset_10878	3304	0.946126	0
SRR27841065.224971	5007	CM084263.1_rotation_0_offset_0	3234	0.950835	0
SRR27841065.232650	2837	CM084263.1_rotation_0_offset_0	1605	0.953271	0
SRR27841065.232650	2837	CM084263.1_rotation_1_offset_3626	1605	0.953271	0
SRR27841065.232650	2837	CM084263.1_rotation_3_offset_10878	1605	0.953271	0
SRR27841065.232650	2837	CM084263.1_rotation_2_offset_7252	1605	0.953271	0
SRR27841065.232650	2837	CM084263.1_rotation_0_offset_0	1558	0.745828	0
SRR27841065.232650	2837	CM084263.1_rotation_1_offset_3626	1558	0.745828	0
SRR27841065.232650	2837	CM084263.1_rotation_3_offset_10878	1558	0.745828	0
SRR27841065.232650	2837	CM084263.1_rotation_2_offset_7252	1558	0.745828	0
SRR27841065.232745	2799	CM084263.1_rotation_0_offset_0	2863	0.940971	0
SRR27841065.232745	2799	CM084263.1_rotation_2_offset_7252	2863	0.940971	0
SRR27841065.232745	2799	CM084263.1_rotation_3_offset_10878	2863	0.940971	0
SRR27841065.232745	2799	CM084263.1_rotation_1_offset_3626	2186	0.942818	0
SRR27841065.238543	3835	CM084263.1_rotation_3_offset_10878	331	0.975831	0
SRR27841065.238543	3835	CM084263.1_rotation_0_offset_0	331	0.975831	0
SRR27841065.238543	3835	CM084263.1_rotation_2_offset_7252	331	0.975831	0
SRR27841065.238543	3835	CM084263.1_rotation_1_offset_3626	331	0.975831	0
SRR27841065.238543	3835	CM084263.1_rotation_2_offset_7252	155	0.941935	0
SRR27841065.238543	3835	CM084263.1_rotation_0_offset_0	155	0.941935	0
SRR27841065.238543	3835	CM084263.1_rotation_1_offset_3626	155	0.941935	0
SRR27841065.238543	3835	CM084263.1_rotation_3_offset_10878	155	0.941935	0
SRR27841065.238543	3835	CM084263.1_rotation_0_offset_0	91	0.989011	0
SRR27841065.238543	3835	CM084263.1_rotation_3_offset_10878	91	0.989011	0
SRR27841065.238543	3835	CM084263.1_rotation_3_offset_10878	91	0.978022	0
SRR27841065.238543	3835	CM084263.1_rotation_0_offset_0	91	0.978022	0
SRR27841065.238543	3835	CM084263.1_rotation_1_offset_3626	91	0.978022	0
SRR27841065.238543	3835	CM084263.1_rotation_2_offset_7252	91	0.978022	0
SRR27841065.238543	3835	CM084263.1_rotation_0_offset_0	91	0.967033	7
SRR27841065.238543	3835	CM084263.1_rotation_1_offset_3626	87	0.965517	1
SRR27841065.238543	3835	CM084263.1_rotation_0_offset_0	87	0.965517	0
SRR27841065.238543	3835	CM084263.1_rotation_0_offset_0	91	0.945055	26
SRR27841065.238543	3835	CM084263.1_rotation_2_offset_7252	87	0.965517	0
SRR27841065.238543	3835	CM084263.1_rotation_3_offset_10878	87	0.965517	0
SRR27841065.238543	3835	CM084263.1_rotation_0_offset_0	92	0.891304	11
SRR27841065.243954	5164	CM084263.1_rotation_1_offset_3626	3536	0.943156	0
SRR27841065.243954	5164	CM084263.1_rotation_2_offset_7252	3536	0.943156	0
SRR27841065.243954	5164	CM084263.1_rotation_0_offset_0	3536	0.943156	0
SRR27841065.243954	5164	CM084263.1_rotation_3_offset_10878	3536	0.943156	0
SRR27841065.243954	5164	CM084263.1_rotation_1_offset_3626	95	0.957895	0
SRR27841065.243954	5164	CM084263.1_rotation_0_offset_0	95	0.957895	0
SRR27841065.243954	5164	CM084263.1_rotation_2_offset_7252	95	0.957895	0
SRR27841065.243954	5164	CM084263.1_rotation_3_offset_10878	95	0.957895	0
SRR27841065.243954	5164	CM084263.1_rotation_0_offset_0	91	0.967033	1
SRR27841065.243954	5164	CM084263.1_rotation_1_offset_3626	95	0.936842	1
SRR27841065.243954	5164	CM084263.1_rotation_3_offset_10878	95	0.936842	0
SRR27841065.243954	5164	CM084263.1_rotation_0_offset_0	95	0.936842	0
SRR27841065.243954	5164	CM084263.1_rotation_2_offset_7252	95	0.936842	0
SRR27841065.243954	5164	CM084263.1_rotation_0_offset_0	91	0.956044	23
SRR27841065.243954	5164	CM084263.1_rotation_1_offset_3626	91	0.934066	0
SRR27841065.243954	5164	CM084263.1_rotation_3_offset_10878	91	0.934066	0
SRR27841065.243954	5164	CM084263.1_rotation_2_offset_7252	91	0.934066	0
SRR27841065.243954	5164	CM084263.1_rotation_0_offset_0	101	0.871287	9
SRR27841065.243954	5164	CM084263.1_rotation_2_offset_7252	67	0.970149	0
SRR27841065.243954	5164	CM084263.1_rotation_0_offset_0	67	0.970149	0
SRR27841065.243954	5164	CM084263.1_rotation_3_offset_10878	67	0.970149	0
SRR27841065.243954	5164	CM084263.1_rotation_1_offset_3626	67	0.970149	0
SRR27841065.245829	1158	CM084263.1_rotation_2_offset_7252	1164	0.974227	0
SRR27841065.245829	1158	CM084263.1_rotation_1_offset_3626	1164	0.974227	0
SRR27841065.245829	1158	CM084263.1_rotation_0_offset_0	1164	0.974227	0
SRR27841065.245829	1158	CM084263.1_rotation_3_offset_10878	1164	0.974227	0
SRR27841065.248346	3488	CM084263.1_rotation_1_offset_3626	1081	0.955597	0
SRR27841065.248346	3488	CM084263.1_rotation_2_offset_7252	1081	0.955597	0
SRR27841065.248346	3488	CM084263.1_rotation_3_offset_10878	1081	0.955597	0
SRR27841065.248346	3488	CM084263.1_rotation_0_offset_0	1081	0.955597	0
SRR27841065.248346	3488	CM084263.1_rotation_0_offset_0	91	0.989011	60
SRR27841065.248346	3488	CM084263.1_rotation_0_offset_0	91	0.978022	32
SRR27841065.248346	3488	CM084263.1_rotation_0_offset_0	91	0.967033	60
SRR27841065.250009	3254	CM084263.1_rotation_1_offset_3626	3331	0.922846	0
SRR27841065.250009	3254	CM084263.1_rotation_2_offset_7252	3331	0.922846	0
SRR27841065.250009	3254	CM084263.1_rotation_0_offset_0	3331	0.922846	0
SRR27841065.250009	3254	CM084263.1_rotation_3_offset_10878	2988	0.924364	0
SRR27841065.260006	1006	CM084263.1_rotation_3_offset_10878	1026	0.938596	0
SRR27841065.260006	1006	CM084263.1_rotation_2_offset_7252	1026	0.938596	0
SRR27841065.260006	1006	CM084263.1_rotation_0_offset_0	1026	0.938596	0
SRR27841065.260006	1006	CM084263.1_rotation_1_offset_3626	1026	0.938596	0
SRR27841065.260982	1500	CM084263.1_rotation_3_offset_10878	1524	0.946850	0
SRR27841065.260982	1500	CM084263.1_rotation_1_offset_3626	1524	0.946850	0
SRR27841065.260982	1500	CM084263.1_rotation_0_offset_0	1524	0.946850	0
SRR27841065.260982	1500	CM084263.1_rotation_2_offset_7252	1524	0.946850	0
SRR27841065.265101	721	CM084263.1_rotation_3_offset_10878	726	0.975207	0
SRR27841065.265101	721	CM084263.1_rotation_1_offset_3626	726	0.975207	0
SRR27841065.265101	721	CM084263.1_rotation_2_offset_7252	726	0.975207	0
SRR27841065.265101	721	CM084263.1_rotation_0_offset_0	726	0.975207	0
SRR27841065.266003	543	CM084263.1_rotation_1_offset_3626	222	0.914414	0
SRR27841065.266003	543	CM084263.1_rotation_0_offset_0	222	0.914414	0
SRR27841065.266003	543	CM084263.1_rotation_2_offset_7252	222	0.914414	0
SRR27841065.266003	543	CM084263.1_rotation_3_offset_10878	222	0.914414	0
SRR27841065.276602	2617	CM084263.1_rotation_2_offset_7252	2516	0.972178	7
SRR27841065.276602	2617	CM084263.1_rotation_1_offset_3626	2643	0.969731	0
SRR27841065.276602	2617	CM084263.1_rotation_0_offset_0	2643	0.969731	0
SRR27841065.276602	2617	CM084263.1_rotation_3_offset_10878	2643	0.969731	0
SRR27841065.279190	2391	CM084263.1_rotation_3_offset_10878	117	0.991453	0
SRR27841065.279190	2391	CM084263.1_rotation_0_offset_0	117	0.991453	0
SRR27841065.279190	2391	CM084263.1_rotation_2_offset_7252	117	0.991453	0
SRR27841065.279190	2391	CM084263.1_rotation_1_offset_3626	117	0.991453	0
SRR27841065.279190	2391	CM084263.1_rotation_0_offset_0	91	0.989011	46
SRR27841065.279190	2391	CM084263.1_rotation_0_offset_0	91	0.989011	1
SRR27841065.279190	2391	CM084263.1_rotation_3_offset_10878	87	1.000000	1
SRR27841065.279190	2391	CM084263.1_rotation_2_offset_7252	87	1.000000	0
SRR27841065.279190	2391	CM084263.1_rotation_0_offset_0	87	1.000000	0
SRR27841065.279190	2391	CM084263.1_rotation_1_offset_3626	87	1.000000	0
SRR27841065.279190	2391	CM084263.1_rotation_2_offset_7252	87	0.977011	0
SRR27841065.279190	2391	CM084263.1_rotation_1_offset_3626	87	0.977011	0
SRR27841065.279190	2391	CM084263.1_rotation_0_offset_0	87	0.977011	0
SRR27841065.279190	2391	CM084263.1_rotation_3_offset_10878	87	0.977011	0
SRR27841065.279190	2391	CM084263.1_rotation_2_offset_7252	91	0.956044	0
SRR27841065.279190	2391	CM084263.1_rotation_1_offset_3626	91	0.956044	0
SRR27841065.279190	2391	CM084263.1_rotation_0_offset_0	91	0.956044	0
SRR27841065.279190	2391	CM084263.1_rotation_3_offset_10878	91	0.967033	1
SRR27841065.279190	2391	CM084263.1_rotation_1_offset_3626	91	0.967033	0
SRR27841065.279190	2391	CM084263.1_rotation_2_offset_7252	91	0.967033	0
SRR27841065.279190	2391	CM084263.1_rotation_3_offset_10878	91	0.956044	0
SRR27841065.279190	2391	CM084263.1_rotation_0_offset_0	91	0.967033	0
SRR27841065.279190	2391	CM084263.1_rotation_0_offset_0	87	0.965517	26
SRR27841065.279190	2391	CM084263.1_rotation_2_offset_7252	89	0.932584	0
SRR27841065.279190	2391	CM084263.1_rotation_3_offset_10878	89	0.932584	0
SRR27841065.279190	2391	CM084263.1_rotation_1_offset_3626	89	0.932584	0
SRR27841065.279374	399	CM084263.1_rotation_3_offset_10878	402	0.970149	0
SRR27841065.279374	399	CM084263.1_rotation_1_offset_3626	402	0.970149	0
SRR27841065.279374	399	CM084263.1_rotation_2_offset_7252	402	0.970149	0
SRR27841065.279374	399	CM084263.1_rotation_0_offset_0	402	0.970149	0
SRR27841065.280583	28133	CM084263.1_rotation_0_offset_0	494	0.919028	0
SRR27841065.280583	28133	CM084263.1_rotation_3_offset_10878	494	0.919028	0
SRR27841065.280583	28133	CM084263.1_rotation_2_offset_7252	494	0.919028	0
SRR27841065.280583	28133	CM084263.1_rotation_1_offset_3626	494	0.919028	0
SRR27841065.283739	16198	CM084263.1_rotation_0_offset_0	13734	0.982088	60
SRR27841065.283739	16198	CM084263.1_rotation_1_offset_3626	10931	0.982344	0
SRR27841065.283739	16198	CM084263.1_rotation_3_offset_10878	10088	0.981562	0
SRR27841065.283739	16198	CM084263.1_rotation_2_offset_7252	7291	0.982307	0
SRR27841065.283889	2161	CM084263.1_rotation_3_offset_10878	2183	0.973431	0
SRR27841065.283889	2161	CM084263.1_rotation_0_offset_0	2183	0.973431	0
SRR27841065.283889	2161	CM084263.1_rotation_2_offset_7252	2183	0.973431	0
SRR27841065.283889	2161	CM084263.1_rotation_1_offset_3626	2183	0.973431	0
SRR27841065.290163	2395	CM084263.1_rotation_1_offset_3626	735	0.978231	0
SRR27841065.290163	2395	CM084263.1_rotation_3_offset_10878	735	0.978231	0
SRR27841065.290163	2395	CM084263.1_rotation_2_offset_7252	735	0.978231	0
SRR27841065.290163	2395	CM084263.1_rotation_0_offset_0	735	0.978231	0
SRR27841065.290163	2395	CM084263.1_rotation_0_offset_0	91	0.978022	59
SRR27841065.290163	2395	CM084263.1_rotation_0_offset_0	92	0.978261	52
SRR27841065.292522	734	CM084263.1_rotation_2_offset_7252	771	0.848249	0
SRR27841065.292522	734	CM084263.1_rotation_0_offset_0	771	0.848249	0
SRR27841065.292522	734	CM084263.1_rotation_1_offset_3626	771	0.848249	0
SRR27841065.292522	734	CM084263.1_rotation_3_offset_10878	771	0.848249	0
SRR27841065.304500	11053	CM084263.1_rotation_2_offset_7252	11144	0.722631	0
SRR27841065.304500	11053	CM084263.1_rotation_3_offset_10878	11144	0.722631	0
SRR27841065.304500	11053	CM084263.1_rotation_0_offset_0	5499	0.975268	0
SRR27841065.304500	11053	CM084263.1_rotation_1_offset_3626	9278	0.672343	0
SRR27841065.305899	1406	CM084263.1_rotation_1_offset_3626	1421	0.976777	0
SRR27841065.305899	1406	CM084263.1_rotation_2_offset_7252	1421	0.976777	0
SRR27841065.305899	1406	CM084263.1_rotation_3_offset_10878	1421	0.976777	0
SRR27841065.305899	1406	CM084263.1_rotation_0_offset_0	1421	0.976777	0
SRR27841065.307630	970	CM084263.1_rotation_2_offset_7252	990	0.946465	0
SRR27841065.307630	970	CM084263.1_rotation_0_offset_0	990	0.946465	0
SRR27841065.307630	970	CM084263.1_rotation_1_offset_3626	990	0.946465	0
SRR27841065.307630	970	CM084263.1_rotation_3_offset_10878	990	0.946465	0
SRR27841065.321249	3698	CM084263.1_rotation_3_offset_10878	3725	0.980671	0
SRR27841065.321249	3698	CM084263.1_rotation_0_offset_0	3725	0.980671	0
SRR27841065.321249	3698	CM084263.1_rotation_1_offset_3626	3725	0.980671	0
SRR27841065.321249	3698	CM084263.1_rotation_2_offset_7252	2207	0.980063	0
SRR27841065.323976	838	CM084263.1_rotation_0_offset_0	853	0.953107	0
SRR27841065.323976	838	CM084263.1_rotation_1_offset_3626	853	0.953107	0
SRR27841065.323976	838	CM084263.1_rotation_3_offset_10878	853	0.953107	0
SRR27841065.323976	838	CM084263.1_rotation_2_offset_7252	853	0.953107	0
SRR27841065.326289	919	CM084263.1_rotation_2_offset_7252	91	1.000000	0
SRR27841065.326289	919	CM084263.1_rotation_3_offset_10878	91	1.000000	0
SRR27841065.326289	919	CM084263.1_rotation_0_offset_0	91	1.000000	0
SRR27841065.326289	919	CM084263.1_rotation_1_offset_3626	91	1.000000	0
SRR27841065.326289	919	CM084263.1_rotation_3_offset_10878	101	0.861386	0
SRR27841065.326289	919	CM084263.1_rotation_2_offset_7252	101	0.861386	0
SRR27841065.326289	919	CM084263.1_rotation_1_offset_3626	101	0.861386	0
SRR27841065.326289	919	CM084263.1_rotation_0_offset_0	77	0.987013	0
SRR27841065.326289	919	CM084263.1_rotation_0_offset_0	78	0.961538	22
SRR27841065.326289	919	CM084263.1_rotation_0_offset_0	59	1.000000	17
SRR27841065.327443	4601	CM084263.1_rotation_3_offset_10878	3768	0.943737	0
SRR27841065.327443	4601	CM084263.1_rotation_0_offset_0	3768	0.943737	0
SRR27841065.327443	4601	CM084263.1_rotation_1_offset_3626	3768	0.943737	0
SRR27841065.327443	4601	CM084263.1_rotation_2_offset_7252	2527	0.928374	0
SRR27841065.332513	1459	CM084263.1_rotation_1_offset_3626	1485	0.943434	0
SRR27841065.332513	1459	CM084263.1_rotation_0_offset_0	1485	0.943434	0
SRR27841065.332513	1459	CM084263.1_rotation_3_offset_10878	1485	0.943434	0
SRR27841065.332513	1459	CM084263.1_rotation_2_offset_7252	1485	0.943434	0
SRR27841065.332902	926	CM084263.1_rotation_2_offset_7252	940	0.970213	0
SRR27841065.332902	926	CM084263.1_rotation_0_offset_0	940	0.970213	0
SRR27841065.332902	926	CM084263.1_rotation_1_offset_3626	940	0.970213	0
SRR27841065.332902	926	CM084263.1_rotation_3_offset_10878	555	0.976577	0
SRR27841065.335340	1324	CM084263.1_rotation_3_offset_10878	1346	0.940565	0
SRR27841065.335340	1324	CM084263.1_rotation_1_offset_3626	1346	0.940565	0
SRR27841065.335340	1324	CM084263.1_rotation_2_offset_7252	1346	0.940565	0
SRR27841065.335340	1324	CM084263.1_rotation_0_offset_0	1346	0.940565	0
SRR27841065.339520	1005	CM084263.1_rotation_1_offset_3626	92	0.989130	0
SRR27841065.339520	1005	CM084263.1_rotation_2_offset_7252	92	0.989130	0
SRR27841065.339520	1005	CM084263.1_rotation_0_offset_0	92	0.989130	0
SRR27841065.339520	1005	CM084263.1_rotation_3_offset_10878	92	0.989130	0
SRR27841065.339520	1005	CM084263.1_rotation_2_offset_7252	96	0.906250	0
SRR27841065.339520	1005	CM084263.1_rotation_3_offset_10878	96	0.906250	0
SRR27841065.339520	1005	CM084263.1_rotation_0_offset_0	96	0.906250	0
SRR27841065.339520	1005	CM084263.1_rotation_0_offset_0	92	0.956522	46
SRR27841065.339520	1005	CM084263.1_rotation_1_offset_3626	96	0.906250	0
SRR27841065.339520	1005	CM084263.1_rotation_2_offset_7252	92	0.934783	0
SRR27841065.339520	1005	CM084263.1_rotation_1_offset_3626	92	0.934783	0
SRR27841065.339520	1005	CM084263.1_rotation_0_offset_0	92	0.934783	0
SRR27841065.339520	1005	CM084263.1_rotation_3_offset_10878	92	0.934783	0
SRR27841065.349821	1234	CM084263.1_rotation_1_offset_3626	1244	0.965434	0
SRR27841065.349821	1234	CM084263.1_rotation_3_offset_10878	1244	0.965434	0
SRR27841065.349821	1234	CM084263.1_rotation_0_offset_0	1244	0.965434	0
SRR27841065.349821	1234	CM084263.1_rotation_2_offset_7252	1244	0.965434	0
SRR27841065.354574	772	CM084263.1_rotation_1_offset_3626	783	0.970626	0
SRR27841065.354574	772	CM084263.1_rotation_3_offset_10878	783	0.970626	0
SRR27841065.354574	772	CM084263.1_rotation_0_offset_0	783	0.970626	0
SRR27841065.354574	772	CM084263.1_rotation_2_offset_7252	783	0.970626	0
SRR27841065.356137	7452	CM084263.1_rotation_1_offset_3626	6448	0.981855	0
SRR27841065.356137	7452	CM084263.1_rotation_0_offset_0	6448	0.981855	0
SRR27841065.356137	7452	CM084263.1_rotation_2_offset_7252	6448	0.981855	0
SRR27841065.356137	7452	CM084263.1_rotation_3_offset_10878	3645	0.982990	0
SRR27841065.356137	7452	CM084263.1_rotation_1_offset_3626	87	1.000000	0
SRR27841065.356137	7452	CM084263.1_rotation_0_offset_0	87	1.000000	0
SRR27841065.356137	7452	CM084263.1_rotation_2_offset_7252	87	1.000000	0
SRR27841065.356137	7452	CM084263.1_rotation_3_offset_10878	87	1.000000	0
SRR27841065.356137	7452	CM084263.1_rotation_0_offset_0	87	0.965517	35
SRR27841065.356926	799	CM084263.1_rotation_0_offset_0	796	0.978643	0
SRR27841065.356926	799	CM084263.1_rotation_3_offset_10878	796	0.978643	0
SRR27841065.356926	799	CM084263.1_rotation_1_offset_3626	796	0.978643	0
SRR27841065.356926	799	CM084263.1_rotation_2_offset_7252	500	0.970000	0
SRR27841065.366998	2485	CM084263.1_rotation_0_offset_0	91	1.000000	0
SRR27841065.366998	2485	CM084263.1_rotation_1_offset_3626	91	1.000000	0
SRR27841065.366998	2485	CM084263.1_rotation_2_offset_7252	91	1.000000	0
SRR27841065.366998	2485	CM084263.1_rotation_3_offset_10878	91	1.000000	0
SRR27841065.366998	2485	CM084263.1_rotation_2_offset_7252	89	1.000000	0
SRR27841065.366998	2485	CM084263.1_rotation_3_offset_10878	89	1.000000	0
SRR27841065.366998	2485	CM084263.1_rotation_0_offset_0	89	1.000000	0
SRR27841065.366998	2485	CM084263.1_rotation_1_offset_3626	89	1.000000	0
SRR27841065.366998	2485	CM084263.1_rotation_1_offset_3626	91	0.989011	0
SRR27841065.366998	2485	CM084263.1_rotation_3_offset_10878	91	0.989011	0
SRR27841065.366998	2485	CM084263.1_rotation_2_offset_7252	91	0.989011	0
SRR27841065.366998	2485	CM084263.1_rotation_0_offset_0	91	0.989011	0
SRR27841065.366998	2485	CM084263.1_rotation_2_offset_7252	89	0.977528	1
SRR27841065.366998	2485	CM084263.1_rotation_3_offset_10878	89	0.977528	0
SRR27841065.366998	2485	CM084263.1_rotation_1_offset_3626	89	0.977528	0
SRR27841065.366998	2485	CM084263.1_rotation_0_offset_0	89	0.977528	0
SRR27841065.366998	2485	CM084263.1_rotation_2_offset_7252	96	0.906250	0
SRR27841065.366998	2485	CM084263.1_rotation_0_offset_0	96	0.906250	0
SRR27841065.366998	2485	CM084263.1_rotation_1_offset_3626	96	0.906250	0
SRR27841065.366998	2485	CM084263.1_rotation_3_offset_10878	96	0.906250	0
SRR27841065.366998	2485	CM084263.1_rotation_0_offset_0	88	0.965909	21
SRR27841065.366998	2485	CM084263.1_rotation_1_offset_3626	87	0.965517	1
SRR27841065.366998	2485	CM084263.1_rotation_0_offset_0	87	0.965517	0
SRR27841065.366998	2485	CM084263.1_rotation_3_offset_10878	87	0.965517	0
SRR27841065.366998	2485	CM084263.1_rotation_2_offset_7252	87	0.965517	0
SRR27841065.366998	2485	CM084263.1_rotation_0_offset_0	91	0.956044	21
SRR27841065.367974	3626	CM084263.1_rotation_2_offset_7252	2800	0.960714	0
SRR27841065.367974	3626	CM084263.1_rotation_3_offset_10878	2800	0.960714	0
SRR27841065.367974	3626	CM084263.1_rotation_0_offset_0	2800	0.960714	0
SRR27841065.367974	3626	CM084263.1_rotation_1_offset_3626	2741	0.960963	0
SRR27841065.367974	3626	CM084263.1_rotation_2_offset_7252	821	0.792935	0
SRR27841065.367974	3626	CM084263.1_rotation_3_offset_10878	821	0.792935	0
SRR27841065.367974	3626	CM084263.1_rotation_1_offset_3626	821	0.792935	0
SRR27841065.367974	3626	CM084263.1_rotation_0_offset_0	821	0.792935	0
SRR27841065.368066	978	CM084263.1_rotation_2_offset_7252	947	0.890180	0
SRR27841065.368066	978	CM084263.1_rotation_0_offset_0	947	0.890180	0
SRR27841065.368066	978	CM084263.1_rotation_1_offset_3626	947	0.890180	0
SRR27841065.368066	978	CM084263.1_rotation_3_offset_10878	468	0.899573	0
SRR27841065.373630	9661	CM084263.1_rotation_1_offset_3626	7287	0.964457	0
SRR27841065.373630	9661	CM084263.1_rotation_2_offset_7252	7287	0.964457	0
SRR27841065.373630	9661	CM084263.1_rotation_0_offset_0	7287	0.964457	0
SRR27841065.373630	9661	CM084263.1_rotation_3_offset_10878	3661	0.966129	0
SRR27841065.377004	2241	CM084263.1_rotation_3_offset_10878	2256	0.983599	0
SRR27841065.377004	2241	CM084263.1_rotation_0_offset_0	2256	0.983599	0
SRR27841065.377004	2241	CM084263.1_rotation_1_offset_3626	2256	0.983599	0
SRR27841065.377004	2241	CM084263.1_rotation_2_offset_7252	2256	0.983599	0
SRR27841065.382561	1080	CM084263.1_rotation_2_offset_7252	293	0.894198	0
SRR27841065.382561	1080	CM084263.1_rotation_1_offset_3626	293	0.894198	0
SRR27841065.382561	1080	CM084263.1_rotation_3_offset_10878	293	0.894198	0
SRR27841065.382561	1080	CM084263.1_rotation_0_offset_0	234	0.948718	0
SRR27841065.382561	1080	CM084263.1_rotation_3_offset_10878	483	0.362319	0
SRR27841065.382561	1080	CM084263.1_rotation_2_offset_7252	483	0.362319	0
SRR27841065.382561	1080	CM084263.1_rotation_1_offset_3626	483	0.362319	0
SRR27841065.382561	1080	CM084263.1_rotation_0_offset_0	89	0.943820	0
SRR27841065.382561	1080	CM084263.1_rotation_0_offset_0	94	0.861702	0
SRR27841065.384337	1863	CM084263.1_rotation_3_offset_10878	1103	0.850408	0
SRR27841065.384337	1863	CM084263.1_rotation_1_offset_3626	1103	0.850408	0
SRR27841065.384337	1863	CM084263.1_rotation_2_offset_7252	1103	0.850408	0
SRR27841065.384337	1863	CM084263.1_rotation_0_offset_0	1103	0.850408	0
SRR27841065.384337	1863	CM084263.1_rotation_1_offset_3626	865	0.798844	0
SRR27841065.384337	1863	CM084263.1_rotation_3_offset_10878	865	0.798844	0
SRR27841065.384337	1863	CM084263.1_rotation_2_offset_7252	865	0.798844	0
SRR27841065.384337	1863	CM084263.1_rotation_0_offset_0	865	0.798844	0
SRR27841065.393468	780	CM084263.1_rotation_3_offset_10878	786	0.984733	0
SRR27841065.393468	780	CM084263.1_rotation_2_offset_7252	786	0.984733	0
SRR27841065.393468	780	CM084263.1_rotation_0_offset_0	786	0.984733	0
SRR27841065.393468	780	CM084263.1_rotation_1_offset_3626	786	0.984733	0
SRR27841065.395261	1037	CM084263.1_rotation_1_offset_3626	1050	0.969524	0
SRR27841065.395261	1037	CM084263.1_rotation_2_offset_7252	1050	0.969524	0
SRR27841065.395261	1037	CM084263.1_rotation_3_offset_10878	1050	0.969524	0
SRR27841065.395261	1037	CM084263.1_rotation_0_offset_0	1050	0.969524	0
SRR27841065.399917	2426	CM084263.1_rotation_1_offset_3626	2444	0.977087	0
SRR27841065.399917	2426	CM084263.1_rotation_3_offset_10878	2444	0.977087	0
SRR27841065.399917	2426	CM084263.1_rotation_0_offset_0	2444	0.977087	0
SRR27841065.399917	2426	CM084263.1_rotation_2_offset_7252	2272	0.975352	0
SRR27841065.405705	4076	CM084263.1_rotation_1_offset_3626	4140	0.950966	0
SRR27841065.405705	4076	CM084263.1_rotation_3_offset_10878	4140	0.950966	0
SRR27841065.405705	4076	CM084263.1_rotation_0_offset_0	4140	0.950966	0
SRR27841065.405705	4076	CM084263.1_rotation_2_offset_7252	3583	0.950600	0
SRR27841065.410436	724	CM084263.1_rotation_1_offset_3626	739	0.935047	0
SRR27841065.410436	724	CM084263.1_rotation_3_offset_10878	739	0.935047	0
SRR27841065.410436	724	CM084263.1_rotation_2_offset_7252	739	0.935047	0
SRR27841065.410436	724	CM084263.1_rotation_0_offset_0	739	0.935047	0
SRR27841065.412812	11154	CM084263.1_rotation_3_offset_10878	91	0.989011	0
SRR27841065.412812	11154	CM084263.1_rotation_2_offset_7252	91	0.989011	0
SRR27841065.412812	11154	CM084263.1_rotation_0_offset_0	91	0.989011	0
SRR27841065.412812	11154	CM084263.1_rotation_1_offset_3626	91	0.989011	0
SRR27841065.412812	11154	CM084263.1_rotation_0_offset_0	91	0.989011	0
SRR27841065.412812	11154	CM084263.1_rotation_2_offset_7252	91	0.989011	0
SRR27841065.412812	11154	CM084263.1_rotation_3_offset_10878	91	0.989011	0
SRR27841065.412812	11154	CM084263.1_rotation_1_offset_3626	91	0.989011	0
SRR27841065.412812	11154	CM084263.1_rotation_0_offset_0	91	0.978022	0
SRR27841065.412812	11154	CM084263.1_rotation_1_offset_3626	91	0.978022	0
SRR27841065.412812	11154	CM084263.1_rotation_3_offset_10878	91	0.978022	0
SRR27841065.412812	11154	CM084263.1_rotation_2_offset_7252	91	0.978022	0
SRR27841065.412812	11154	CM084263.1_rotation_0_offset_0	93	0.967742	58
SRR27841065.412812	11154	CM084263.1_rotation_2_offset_7252	93	0.967742	0
SRR27841065.412812	11154	CM084263.1_rotation_1_offset_3626	93	0.967742	0
SRR27841065.412812	11154	CM084263.1_rotation_3_offset_10878	93	0.967742	0
SRR27841065.412812	11154	CM084263.1_rotation_0_offset_0	91	0.978022	0
SRR27841065.412812	11154	CM084263.1_rotation_1_offset_3626	91	0.978022	0
SRR27841065.412812	11154	CM084263.1_rotation_3_offset_10878	91	0.978022	0
SRR27841065.412812	11154	CM084263.1_rotation_2_offset_7252	91	0.978022	0
SRR27841065.412812	11154	CM084263.1_rotation_0_offset_0	101	0.891089	1
SRR27841065.412812	11154	CM084263.1_rotation_1_offset_3626	101	0.891089	0
SRR27841065.412812	11154	CM084263.1_rotation_3_offset_10878	101	0.891089	0
SRR27841065.412812	11154	CM084263.1_rotation_2_offset_7252	101	0.891089	0
SRR27841065.412812	11154	CM084263.1_rotation_2_offset_7252	87	0.965517	1
SRR27841065.412812	11154	CM084263.1_rotation_3_offset_10878	87	0.965517	0
SRR27841065.412812	11154	CM084263.1_rotation_1_offset_3626	87	0.965517	0
SRR27841065.416229	844	CM084263.1_rotation_1_offset_3626	837	0.965352	0
SRR27841065.416229	844	CM084263.1_rotation_2_offset_7252	837	0.965352	0
SRR27841065.416229	844	CM084263.1_rotation_0_offset_0	837	0.965352	0
SRR27841065.416229	844	CM084263.1_rotation_3_offset_10878	622	0.963023	0
SRR27841065.417580	15074	CM084263.1_rotation_0_offset_0	12955	0.958626	60
SRR27841065.417580	15074	CM084263.1_rotation_3_offset_10878	11010	0.957856	0
SRR27841065.417580	15074	CM084263.1_rotation_1_offset_3626	9282	0.961215	0
SRR27841065.417580	15074	CM084263.1_rotation_2_offset_7252	7330	0.957162	0
SRR27841065.418650	1794	CM084263.1_rotation_3_offset_10878	778	0.931877	0
SRR27841065.418650	1794	CM084263.1_rotation_1_offset_3626	778	0.931877	0
SRR27841065.418650	1794	CM084263.1_rotation_2_offset_7252	778	0.931877	0
SRR27841065.418650	1794	CM084263.1_rotation_0_offset_0	718	0.952646	0
SRR27841065.418650	1794	CM084263.1_rotation_2_offset_7252	768	0.811198	0
SRR27841065.418650	1794	CM084263.1_rotation_3_offset_10878	768	0.811198	0
SRR27841065.418650	1794	CM084263.1_rotation_1_offset_3626	768	0.811198	0
SRR27841065.418650	1794	CM084263.1_rotation_0_offset_0	717	0.822873	0
SRR27841065.425305	15417	CM084263.1_rotation_2_offset_7252	12451	0.677857	0
SRR27841065.425305	15417	CM084263.1_rotation_3_offset_10878	12451	0.677857	0
SRR27841065.425305	15417	CM084263.1_rotation_0_offset_0	7044	0.976008	0
SRR27841065.425305	15417	CM084263.1_rotation_1_offset_3626	9044	0.565458	0
SRR27841065.435734	2897	CM084263.1_rotation_3_offset_10878	91	0.978022	0
SRR27841065.435734	2897	CM084263.1_rotation_2_offset_7252	91	0.978022	0
SRR27841065.435734	2897	CM084263.1_rotation_0_offset_0	91	0.978022	0
SRR27841065.435734	2897	CM084263.1_rotation_1_offset_3626	91	0.978022	0
SRR27841065.435734	2897	CM084263.1_rotation_3_offset_10878	89	0.977528	1
SRR27841065.435734	2897	CM084263.1_rotation_1_offset_3626	89	0.977528	0
SRR27841065.435734	2897	CM084263.1_rotation_0_offset_0	89	0.977528	0
SRR27841065.435734	2897	CM084263.1_rotation_2_offset_7252	89	0.977528	0
SRR27841065.435734	2897	CM084263.1_rotation_0_offset_0	87	0.954023	10
SRR27841065.435734	2897	CM084263.1_rotation_0_offset_0	92	0.945652	1
SRR27841065.435734	2897	CM084263.1_rotation_1_offset_3626	92	0.945652	0
SRR27841065.435734	2897	CM084263.1_rotation_2_offset_7252	92	0.945652	0
SRR27841065.435734	2897	CM084263.1_rotation_3_offset_10878	92	0.945652	0
SRR27841065.435795	3493	CM084263.1_rotation_1_offset_3626	91	1.000000	0
SRR27841065.435795	3493	CM084263.1_rotation_3_offset_10878	91	1.000000	0
SRR27841065.435795	3493	CM084263.1_rotation_2_offset_7252	91	1.000000	0
SRR27841065.435795	3493	CM084263.1_rotation_0_offset_0	91	1.000000	0
SRR27841065.435795	3493	CM084263.1_rotation_3_offset_10878	91	0.989011	0
SRR27841065.435795	3493	CM084263.1_rotation_1_offset_3626	91	0.989011	0
SRR27841065.435795	3493	CM084263.1_rotation_2_offset_7252	91	0.989011	0
SRR27841065.435795	3493	CM084263.1_rotation_0_offset_0	91	0.989011	0
SRR27841065.435795	3493	CM084263.1_rotation_2_offset_7252	91	0.956044	0
SRR27841065.435795	3493	CM084263.1_rotation_0_offset_0	91	0.956044	0
SRR27841065.435795	3493	CM084263.1_rotation_3_offset_10878	91	0.956044	0
SRR27841065.435795	3493	CM084263.1_rotation_1_offset_3626	91	0.956044	0
SRR27841065.435795	3493	CM084263.1_rotation_0_offset_0	95	0.915789	53
SRR27841065.435840	3974	CM084263.1_rotation_0_offset_0	4001	0.981005	0
SRR27841065.435840	3974	CM084263.1_rotation_2_offset_7252	4001	0.981005	0
SRR27841065.435840	3974	CM084263.1_rotation_3_offset_10878	4001	0.981005	0
SRR27841065.435840	3974	CM084263.1_rotation_1_offset_3626	3466	0.980381	0
SRR27841065.436934	597	CM084263.1_rotation_2_offset_7252	601	0.985025	0
SRR27841065.436934	597	CM084263.1_rotation_0_offset_0	601	0.985025	0
SRR27841065.436934	597	CM084263.1_rotation_3_offset_10878	601	0.985025	0
SRR27841065.436934	597	CM084263.1_rotation_1_offset_3626	601	0.985025	0
SRR27841065.444779	765	CM084263.1_rotation_1_offset_3626	773	0.980595	0
SRR27841065.444779	765	CM084263.1_rotation_2_offset_7252	773	0.980595	0
SRR27841065.444779	765	CM084263.1_rotation_0_offset_0	773	0.980595	0
SRR27841065.444779	765	CM084263.1_rotation_3_offset_10878	773	0.980595	0
SRR27841065.445454	2605	CM084263.1_rotation_3_offset_10878	91	1.000000	0
SRR27841065.445454	2605	CM084263.1_rotation_0_offset_0	91	1.000000	0
SRR27841065.445454	2605	CM084263.1_rotation_1_offset_3626	91	1.000000	0
SRR27841065.445454	2605	CM084263.1_rotation_2_offset_7252	91	1.000000	0
SRR27841065.445454	2605	CM084263.1_rotation_1_offset_3626	91	0.989011	0
SRR27841065.445454	2605	CM084263.1_rotation_2_offset_7252	91	0.989011	0
SRR27841065.445454	2605	CM084263.1_rotation_0_offset_0	91	0.989011	0
SRR27841065.445454	2605	CM084263.1_rotation_3_offset_10878	91	0.989011	0
SRR27841065.445454	2605	CM084263.1_rotation_1_offset_3626	91	0.978022	0
SRR27841065.445454	2605	CM084263.1_rotation_3_offset_10878	91	0.978022	0
SRR27841065.445454	2605	CM084263.1_rotation_2_offset_7252	91	0.978022	0
SRR27841065.445454	2605	CM084263.1_rotation_0_offset_0	91	0.978022	0
SRR27841065.445454	2605	CM084263.1_rotation_3_offset_10878	95	0.915789	0
SRR27841065.445454	2605	CM084263.1_rotation_2_offset_7252	95	0.915789	0
SRR27841065.445454	2605	CM084263.1_rotation_1_offset_3626	95	0.915789	0
SRR27841065.445454	2605	CM084263.1_rotation_0_offset_0	95	0.915789	0
SRR27841065.445454	2605	CM084263.1_rotation_0_offset_0	93	0.956989	35
SRR27841065.445454	2605	CM084263.1_rotation_3_offset_10878	86	0.965116	0
SRR27841065.445454	2605	CM084263.1_rotation_1_offset_3626	86	0.965116	0
SRR27841065.445454	2605	CM084263.1_rotation_0_offset_0	87	0.965517	33
SRR27841065.445454	2605	CM084263.1_rotation_0_offset_0	86	0.965116	0
SRR27841065.445454	2605	CM084263.1_rotation_2_offset_7252	86	0.965116	0
SRR27841065.445454	2605	CM084263.1_rotation_1_offset_3626	89	0.955056	0
SRR27841065.445454	2605	CM084263.1_rotation_3_offset_10878	89	0.955056	0
SRR27841065.445454	2605	CM084263.1_rotation_2_offset_7252	87	0.942529	1
SRR27841065.445454	2605	CM084263.1_rotation_3_offset_10878	87	0.942529	0
SRR27841065.445454	2605	CM084263.1_rotation_1_offset_3626	87	0.942529	0
SRR27841065.446946	5374	CM084263.1_rotation_0_offset_0	5485	0.954786	0
SRR27841065.446946	5374	CM084263.1_rotation_3_offset_10878	5485	0.954786	0
SRR27841065.446946	5374	CM084263.1_rotation_1_offset_3626	5235	0.956447	0
SRR27841065.446946	5374	CM084263.1_rotation_2_offset_7252	3905	0.959539	0
SRR27841065.464950	1867	CM084263.1_rotation_2_offset_7252	1904	0.940126	0
SRR27841065.464950	1867	CM084263.1_rotation_3_offset_10878	1904	0.940126	0
SRR27841065.464950	1867	CM084263.1_rotation_0_offset_0	1904	0.940126	0
SRR27841065.464950	1867	CM084263.1_rotation_1_offset_3626	1904	0.940126	0
SRR27841065.467852	662	CM084263.1_rotation_3_offset_10878	670	0.955224	0
SRR27841065.467852	662	CM084263.1_rotation_0_offset_0	670	0.955224	0
SRR27841065.467852	662	CM084263.1_rotation_2_offset_7252	670	0.955224	0
SRR27841065.467852	662	CM084263.1_rotation_1_offset_3626	670	0.955224	0
SRR27841065.472156	1630	CM084263.1_rotation_1_offset_3626	1661	0.837447	0
SRR27841065.472156	1630	CM084263.1_rotation_3_offset_10878	1661	0.837447	0
SRR27841065.472156	1630	CM084263.1_rotation_0_offset_0	1661	0.837447	0
SRR27841065.472156	1630	CM084263.1_rotation_2_offset_7252	1661	0.837447	0
SRR27841065.476601	619	CM084263.1_rotation_2_offset_7252	621	0.991948	0
SRR27841065.476601	619	CM084263.1_rotation_3_offset_10878	621	0.991948	0
SRR27841065.476601	619	CM084263.1_rotation_1_offset_3626	621	0.991948	0
SRR27841065.476601	619	CM084263.1_rotation_0_offset_0	621	0.991948	0
SRR27841065.490838	35480	CM084263.1_rotation_3_offset_10878	94	0.957447	0
SRR27841065.490838	35480	CM084263.1_rotation_0_offset_0	94	0.957447	0
SRR27841065.490838	35480	CM084263.1_rotation_1_offset_3626	94	0.957447	0
SRR27841065.490838	35480	CM084263.1_rotation_2_offset_7252	94	0.957447	0
SRR27841065.497796	4958	CM084263.1_rotation_2_offset_7252	5094	0.924814	0
SRR27841065.497796	4958	CM084263.1_rotation_1_offset_3626	5094	0.924814	0
SRR27841065.497796	4958	CM084263.1_rotation_0_offset_0	5094	0.924814	0
SRR27841065.497796	4958	CM084263.1_rotation_3_offset_10878	3385	0.917578	0
SRR27841065.498614	3223	CM084263.1_rotation_0_offset_0	2005	0.980549	0
SRR27841065.498614	3223	CM084263.1_rotation_1_offset_3626	2005	0.980549	0
SRR27841065.498614	3223	CM084263.1_rotation_2_offset_7252	2005	0.980549	0
SRR27841065.498614	3223	CM084263.1_rotation_3_offset_10878	1207	0.979287	0
SRR27841065.498614	3223	CM084263.1_rotation_0_offset_0	1484	0.761456	0
SRR27841065.498614	3223	CM084263.1_rotation_1_offset_3626	1484	0.761456	0
SRR27841065.498614	3223	CM084263.1_rotation_2_offset_7252	1484	0.761456	0
SRR27841065.498614	3223	CM084263.1_rotation_3_offset_10878	1162	0.767642	0
SRR27841065.501079	1283	CM084263.1_rotation_2_offset_7252	1288	0.983696	0
SRR27841065.501079	1283	CM084263.1_rotation_3_offset_10878	1288	0.983696	0
SRR27841065.501079	1283	CM084263.1_rotation_0_offset_0	1288	0.983696	0
SRR27841065.501079	1283	CM084263.1_rotation_1_offset_3626	767	0.973924	0
SRR27841065.505641	446	CM084263.1_rotation_3_offset_10878	449	0.991091	0
SRR27841065.505641	446	CM084263.1_rotation_2_offset_7252	449	0.991091	0
SRR27841065.505641	446	CM084263.1_rotation_0_offset_0	449	0.991091	0
SRR27841065.505641	446	CM084263.1_rotation_1_offset_3626	449	0.991091	0
SRR27841065.510307	2611	CM084263.1_rotation_3_offset_10878	2635	0.969260	0
SRR27841065.510307	2611	CM084263.1_rotation_2_offset_7252	2635	0.969260	0
SRR27841065.510307	2611	CM084263.1_rotation_1_offset_3626	2635	0.969260	0
SRR27841065.510307	2611	CM084263.1_rotation_0_offset_0	2635	0.969260	0
SRR27841065.512342	3249	CM084263.1_rotation_1_offset_3626	3283	0.973500	0
SRR27841065.512342	3249	CM084263.1_rotation_0_offset_0	3283	0.973500	0
SRR27841065.512342	3249	CM084263.1_rotation_3_offset_10878	3283	0.973500	0
SRR27841065.512342	3249	CM084263.1_rotation_2_offset_7252	2172	0.969613	0
SRR27841065.515231	1617	CM084263.1_rotation_0_offset_0	1632	0.974877	0
SRR27841065.515231	1617	CM084263.1_rotation_3_offset_10878	1632	0.974877	0
SRR27841065.515231	1617	CM084263.1_rotation_2_offset_7252	1632	0.974877	0
SRR27841065.515231	1617	CM084263.1_rotation_1_offset_3626	1048	0.979962	0
SRR27841065.516403	395	CM084263.1_rotation_1_offset_3626	419	0.880668	0
SRR27841065.516403	395	CM084263.1_rotation_0_offset_0	419	0.880668	0
SRR27841065.516403	395	CM084263.1_rotation_3_offset_10878	419	0.880668	0
SRR27841065.516403	395	CM084263.1_rotation_2_offset_7252	419	0.880668	0
SRR27841065.518886	1335	CM084263.1_rotation_2_offset_7252	1360	0.958088	0
SRR27841065.518886	1335	CM084263.1_rotation_1_offset_3626	1360	0.958088	0
SRR27841065.518886	1335	CM084263.1_rotation_0_offset_0	1360	0.958088	0
SRR27841065.518886	1335	CM084263.1_rotation_3_offset_10878	1360	0.958088	0
SRR27841065.524924	11043	CM084263.1_rotation_0_offset_0	11099	0.974412	60
SRR27841065.524924	11043	CM084263.1_rotation_1_offset_3626	10193	0.973315	0
SRR27841065.524924	11043	CM084263.1_rotation_3_offset_10878	8200	0.975000	0
SRR27841065.524924	11043	CM084263.1_rotation_2_offset_7252	6550	0.971756	0
SRR27841065.534033	5417	CM084263.1_rotation_1_offset_3626	5601	0.851991	0
SRR27841065.534033	5417	CM084263.1_rotation_3_offset_10878	5601	0.851991	0
SRR27841065.534033	5417	CM084263.1_rotation_0_offset_0	5601	0.851991	0
SRR27841065.534033	5417	CM084263.1_rotation_2_offset_7252	3643	0.834203	0
SRR27841065.534861	3357	CM084263.1_rotation_1_offset_3626	91	1.000000	0
SRR27841065.534861	3357	CM084263.1_rotation_1_offset_3626	91	1.000000	0
SRR27841065.534861	3357	CM084263.1_rotation_2_offset_7252	91	1.000000	0
SRR27841065.534861	3357	CM084263.1_rotation_3_offset_10878	91	1.000000	0
SRR27841065.534861	3357	CM084263.1_rotation_0_offset_0	91	1.000000	0
SRR27841065.534861	3357	CM084263.1_rotation_3_offset_10878	91	1.000000	0
SRR27841065.534861	3357	CM084263.1_rotation_2_offset_7252	91	1.000000	0
SRR27841065.534861	3357	CM084263.1_rotation_0_offset_0	91	1.000000	0
SRR27841065.534861	3357	CM084263.1_rotation_0_offset_0	91	1.000000	0
SRR27841065.534861	3357	CM084263.1_rotation_2_offset_7252	91	1.000000	0
SRR27841065.534861	3357	CM084263.1_rotation_1_offset_3626	91	1.000000	0
SRR27841065.534861	3357	CM084263.1_rotation_3_offset_10878	91	1.000000	0
SRR27841065.534861	3357	CM084263.1_rotation_3_offset_10878	88	1.000000	0
SRR27841065.534861	3357	CM084263.1_rotation_2_offset_7252	88	1.000000	0
SRR27841065.534861	3357	CM084263.1_rotation_1_offset_3626	88	1.000000	0
SRR27841065.534861	3357	CM084263.1_rotation_0_offset_0	88	1.000000	0
SRR27841065.534861	3357	CM084263.1_rotation_0_offset_0	95	0.957895	1
SRR27841065.534861	3357	CM084263.1_rotation_0_offset_0	89	0.977528	1
SRR27841065.534861	3357	CM084263.1_rotation_3_offset_10878	89	0.977528	0
SRR27841065.534861	3357	CM084263.1_rotation_2_offset_7252	89	0.977528	0
SRR27841065.534861	3357	CM084263.1_rotation_1_offset_3626	89	0.977528	0
SRR27841065.534861	3357	CM084263.1_rotation_0_offset_0	95	0.915789	45
SRR27841065.534861	3357	CM084263.1_rotation_2_offset_7252	93	0.946237	0
SRR27841065.534861	3357	CM084263.1_rotation_3_offset_10878	93	0.946237	0
SRR27841065.534861	3357	CM084263.1_rotation_1_offset_3626	93	0.946237	0
SRR27841065.534861	3357	CM084263.1_rotation_1_offset_3626	91	0.956044	0
SRR27841065.534861	3357	CM084263.1_rotation_2_offset_7252	91	0.956044	0
SRR27841065.534861	3357	CM084263.1_rotation_3_offset_10878	91	0.956044	0
SRR27841065.534861	3357	CM084263.1_rotation_3_offset_10878	76	1.000000	1
SRR27841065.536645	1784	CM084263.1_rotation_0_offset_0	1808	0.965155	0
SRR27841065.536645	1784	CM084263.1_rotation_1_offset_3626	1808	0.965155	0
SRR27841065.536645	1784	CM084263.1_rotation_2_offset_7252	1808	0.965155	0
SRR27841065.536645	1784	CM084263.1_rotation_3_offset_10878	1808	0.965155	0
SRR27841065.541201	956	CM084263.1_rotation_1_offset_3626	956	0.980126	0
SRR27841065.541201	956	CM084263.1_rotation_0_offset_0	956	0.980126	0
SRR27841065.541201	956	CM084263.1_rotation_2_offset_7252	956	0.980126	0
SRR27841065.541201	956	CM084263.1_rotation_3_offset_10878	956	0.980126	0
SRR27841065.545565	3662	CM084263.1_rotation_2_offset_7252	1930	0.986010	0
SRR27841065.545565	3662	CM084263.1_rotation_0_offset_0	1930	0.986010	0
SRR27841065.545565	3662	CM084263.1_rotation_1_offset_3626	1930	0.986010	0
SRR27841065.545565	3662	CM084263.1_rotation_3_offset_10878	1488	0.984543	0
SRR27841065.545565	3662	CM084263.1_rotation_0_offset_0	1947	0.845917	0
SRR27841065.545565	3662	CM084263.1_rotation_1_offset_3626	1947	0.845917	0
SRR27841065.545565	3662	CM084263.1_rotation_2_offset_7252	1947	0.845917	0
SRR27841065.545565	3662	CM084263.1_rotation_3_offset_10878	1489	0.854936	0
SRR27841065.546134	1508	CM084263.1_rotation_2_offset_7252	1522	0.969120	0
SRR27841065.546134	1508	CM084263.1_rotation_0_offset_0	1522	0.969120	0
SRR27841065.546134	1508	CM084263.1_rotation_3_offset_10878	1522	0.969120	0
SRR27841065.546134	1508	CM084263.1_rotation_1_offset_3626	765	0.972549	0
SRR27841065.550283	5270	CM084263.1_rotation_1_offset_3626	5323	0.975953	0
SRR27841065.550283	5270	CM084263.1_rotation_2_offset_7252	5323	0.975953	0
SRR27841065.550283	5270	CM084263.1_rotation_0_offset_0	5323	0.975953	0
SRR27841065.550283	5270	CM084263.1_rotation_3_offset_10878	2870	0.976307	0
SRR27841065.556123	3292	CM084263.1_rotation_2_offset_7252	3450	0.875942	0
SRR27841065.556123	3292	CM084263.1_rotation_3_offset_10878	3450	0.875942	0
SRR27841065.556123	3292	CM084263.1_rotation_0_offset_0	3450	0.875942	0
SRR27841065.556123	3292	CM084263.1_rotation_1_offset_3626	2041	0.892210	0
SRR27841065.560615	1865	CM084263.1_rotation_3_offset_10878	1895	0.969921	0
SRR27841065.560615	1865	CM084263.1_rotation_0_offset_0	1895	0.969921	0
SRR27841065.560615	1865	CM084263.1_rotation_2_offset_7252	1895	0.969921	0
SRR27841065.560615	1865	CM084263.1_rotation_1_offset_3626	1300	0.966154	0
SRR27841065.568734	15750	CM084263.1_rotation_0_offset_0	11072	0.951138	6
SRR27841065.568734	15750	CM084263.1_rotation_3_offset_10878	11010	0.951226	0
SRR27841065.568734	15750	CM084263.1_rotation_1_offset_3626	7392	0.959686	0
SRR27841065.568734	15750	CM084263.1_rotation_2_offset_7252	7352	0.939608	0
SRR27841065.568734	15750	CM084263.1_rotation_0_offset_0	91	1.000000	0
SRR27841065.568734	15750	CM084263.1_rotation_1_offset_3626	91	1.000000	0
SRR27841065.568734	15750	CM084263.1_rotation_3_offset_10878	91	1.000000	0
SRR27841065.568734	15750	CM084263.1_rotation_2_offset_7252	91	1.000000	0
SRR27841065.568734	15750	CM084263.1_rotation_0_offset_0	91	0.978022	0
SRR27841065.568734	15750	CM084263.1_rotation_2_offset_7252	91	0.978022	0
SRR27841065.568734	15750	CM084263.1_rotation_1_offset_3626	91	0.978022	0
SRR27841065.568734	15750	CM084263.1_rotation_3_offset_10878	91	0.978022	0
SRR27841065.568734	15750	CM084263.1_rotation_1_offset_3626	93	0.967742	0
SRR27841065.568734	15750	CM084263.1_rotation_1_offset_3626	95	0.947368	1
SRR27841065.568734	15750	CM084263.1_rotation_0_offset_0	95	0.947368	0
SRR27841065.568734	15750	CM084263.1_rotation_2_offset_7252	93	0.967742	0
SRR27841065.568734	15750	CM084263.1_rotation_0_offset_0	89	0.977528	60
SRR27841065.568734	15750	CM084263.1_rotation_3_offset_10878	93	0.967742	0
SRR27841065.568734	15750	CM084263.1_rotation_2_offset_7252	89	0.977528	0
SRR27841065.568734	15750	CM084263.1_rotation_3_offset_10878	89	0.977528	0
SRR27841065.568734	15750	CM084263.1_rotation_1_offset_3626	89	0.977528	0
SRR27841065.568734	15750	CM084263.1_rotation_1_offset_3626	91	0.956044	0
SRR27841065.568734	15750	CM084263.1_rotation_2_offset_7252	91	0.956044	0
SRR27841065.568734	15750	CM084263.1_rotation_3_offset_10878	91	0.956044	0
SRR27841065.568734	15750	CM084263.1_rotation_2_offset_7252	95	0.915789	1
SRR27841065.568734	15750	CM084263.1_rotation_2_offset_7252	91	0.956044	0
SRR27841065.568734	15750	CM084263.1_rotation_0_offset_0	91	0.956044	0
SRR27841065.568734	15750	CM084263.1_rotation_3_offset_10878	91	0.956044	0
SRR27841065.568734	15750	CM084263.1_rotation_1_offset_3626	91	0.956044	0
SRR27841065.568734	15750	CM084263.1_rotation_3_offset_10878	91	0.934066	1
SRR27841065.576164	1536	CM084263.1_rotation_3_offset_10878	91	0.989011	0
SRR27841065.576164	1536	CM084263.1_rotation_1_offset_3626	91	0.989011	0
SRR27841065.576164	1536	CM084263.1_rotation_0_offset_0	91	0.989011	0
SRR27841065.576164	1536	CM084263.1_rotation_2_offset_7252	91	0.989011	0
SRR27841065.576164	1536	CM084263.1_rotation_1_offset_3626	92	0.978261	0
SRR27841065.576164	1536	CM084263.1_rotation_3_offset_10878	92	0.978261	0
SRR27841065.576164	1536	CM084263.1_rotation_0_offset_0	92	0.978261	0
SRR27841065.576164	1536	CM084263.1_rotation_2_offset_7252	92	0.978261	0
SRR27841065.576164	1536	CM084263.1_rotation_3_offset_10878	89	0.966292	0
SRR27841065.576164	1536	CM084263.1_rotation_0_offset_0	89	0.966292	0
SRR27841065.576164	1536	CM084263.1_rotation_1_offset_3626	89	0.966292	0
SRR27841065.576164	1536	CM084263.1_rotation_2_offset_7252	89	0.966292	0
SRR27841065.576164	1536	CM084263.1_rotation_0_offset_0	97	0.917526	32
SRR27841065.576164	1536	CM084263.1_rotation_1_offset_3626	95	0.905263	0
SRR27841065.576164	1536	CM084263.1_rotation_2_offset_7252	95	0.905263	0
SRR27841065.576164	1536	CM084263.1_rotation_3_offset_10878	95	0.905263	0
SRR27841065.576164	1536	CM084263.1_rotation_0_offset_0	95	0.905263	0
SRR27841065.576164	1536	CM084263.1_rotation_0_offset_0	92	0.945652	5
SRR27841065.576164	1536	CM084263.1_rotation_0_offset_0	62	1.000000	18
SRR27841065.577843	1090	CM084263.1_rotation_2_offset_7252	1106	0.968354	0
SRR27841065.577843	1090	CM084263.1_rotation_1_offset_3626	1106	0.968354	0
SRR27841065.577843	1090	CM084263.1_rotation_0_offset_0	1106	0.968354	0
SRR27841065.577843	1090	CM084263.1_rotation_3_offset_10878	1106	0.968354	0
SRR27841065.580932	3987	CM084263.1_rotation_1_offset_3626	3649	0.949575	1
SRR27841065.580932	3987	CM084263.1_rotation_3_offset_10878	3940	0.944162	0
SRR27841065.580932	3987	CM084263.1_rotation_0_offset_0	3940	0.944162	0
SRR27841065.580932	3987	CM084263.1_rotation_2_offset_7252	3940	0.944162	0
SRR27841065.584568	466	CM084263.1_rotation_1_offset_3626	476	0.964286	0
SRR27841065.584568	466	CM084263.1_rotation_0_offset_0	476	0.964286	0
SRR27841065.584568	466	CM084263.1_rotation_2_offset_7252	476	0.964286	0
SRR27841065.584568	466	CM084263.1_rotation_3_offset_10878	476	0.964286	0
SRR27841065.588412	8024	CM084263.1_rotation_0_offset_0	8122	0.966141	0
SRR27841065.588412	8024	CM084263.1_rotation_1_offset_3626	8122	0.966141	0
SRR27841065.588412	8024	CM084263.1_rotation_3_offset_10878	7213	0.970470	0
SRR27841065.588412	8024	CM084263.1_rotation_2_offset_7252	4571	0.958871	0
SRR27841065.588546	19511	CM084263.1_rotation_2_offset_7252	19312	0.706400	60
SRR27841065.588546	19511	CM084263.1_rotation_1_offset_3626	16523	0.664891	0
SRR27841065.588546	19511	CM084263.1_rotation_3_offset_10878	15649	0.644003	0
SRR27841065.588546	19511	CM084263.1_rotation_0_offset_0	7761	0.970751	0
SRR27841065.588546	19511	CM084263.1_rotation_2_offset_7252	433	0.949192	60
SRR27841065.596443	85	CM084263.1_rotation_2_offset_7252	80	1.000000	0
SRR27841065.596443	85	CM084263.1_rotation_3_offset_10878	80	1.000000	0
SRR27841065.596443	85	CM084263.1_rotation_1_offset_3626	80	1.000000	0
SRR27841065.596443	85	CM084263.1_rotation_0_offset_0	80	1.000000	0
SRR27841065.599877	23405	CM084263.1_rotation_3_offset_10878	10906	0.954612	0
SRR27841065.599877	23405	CM084263.1_rotation_0_offset_0	10906	0.954612	0
SRR27841065.599877	23405	CM084263.1_rotation_2_offset_7252	7313	0.958977	0
SRR27841065.599877	23405	CM084263.1_rotation_1_offset_3626	7252	0.954082	0
SRR27841065.599877	23405	CM084263.1_rotation_0_offset_0	10963	0.668157	0
SRR27841065.599877	23405	CM084263.1_rotation_3_offset_10878	10963	0.668157	0
SRR27841065.599877	23405	CM084263.1_rotation_1_offset_3626	7257	0.637453	0
SRR27841065.599877	23405	CM084263.1_rotation_2_offset_7252	5168	0.708011	0
SRR27841065.599877	23405	CM084263.1_rotation_3_offset_10878	496	0.383065	0
SRR27841065.599877	23405	CM084263.1_rotation_2_offset_7252	496	0.383065	0
SRR27841065.599877	23405	CM084263.1_rotation_2_offset_7252	92	0.989130	0
SRR27841065.599877	23405	CM084263.1_rotation_3_offset_10878	92	0.989130	0
SRR27841065.599877	23405	CM084263.1_rotation_1_offset_3626	92	0.989130	0
SRR27841065.599877	23405	CM084263.1_rotation_0_offset_0	92	0.989130	0
SRR27841065.599877	23405	CM084263.1_rotation_0_offset_0	91	0.978022	0
SRR27841065.599877	23405	CM084263.1_rotation_1_offset_3626	91	0.978022	0
SRR27841065.599877	23405	CM084263.1_rotation_3_offset_10878	91	0.978022	0
SRR27841065.599877	23405	CM084263.1_rotation_2_offset_7252	91	0.978022	0
SRR27841065.599877	23405	CM084263.1_rotation_0_offset_0	101	0.881188	0
SRR27841065.599877	23405	CM084263.1_rotation_1_offset_3626	94	0.925532	0
SRR27841065.599877	23405	CM084263.1_rotation_3_offset_10878	94	0.925532	0
SRR27841065.599877	23405	CM084263.1_rotation_2_offset_7252	94	0.925532	0
SRR27841065.599877	23405	CM084263.1_rotation_1_offset_3626	94	0.925532	1
SRR27841065.599877	23405	CM084263.1_rotation_0_offset_0	87	0.862069	1
SRR27841065.599877	23405	CM084263.1_rotation_0_offset_0	46	1.000000	1
SRR27841065.601329	1123	CM084263.1_rotation_1_offset_3626	91	1.000000	0
SRR27841065.601329	1123	CM084263.1_rotation_2_offset_7252	91	1.000000	0
SRR27841065.601329	1123	CM084263.1_rotation_0_offset_0	91	1.000000	0
SRR27841065.601329	1123	CM084263.1_rotation_3_offset_10878	91	1.000000	0
SRR27841065.601329	1123	CM084263.1_rotation_3_offset_10878	91	0.956044	0
SRR27841065.601329	1123	CM084263.1_rotation_1_offset_3626	91	0.956044	0
SRR27841065.601329	1123	CM084263.1_rotation_0_offset_0	91	0.956044	0
SRR27841065.601329	1123	CM084263.1_rotation_2_offset_7252	91	0.956044	0
SRR27841065.601329	1123	CM084263.1_rotation_0_offset_0	85	0.976471	54
SRR27841065.601329	1123	CM084263.1_rotation_0_offset_0	74	0.972973	13
SRR27841065.608676	464	CM084263.1_rotation_1_offset_3626	469	0.955224	0
SRR27841065.608676	464	CM084263.1_rotation_3_offset_10878	469	0.955224	0
SRR27841065.608676	464	CM084263.1_rotation_0_offset_0	469	0.955224	0
SRR27841065.608676	464	CM084263.1_rotation_2_offset_7252	469	0.955224	0
SRR27841065.611622	3187	CM084263.1_rotation_3_offset_10878	3215	0.976983	0
SRR27841065.611622	3187	CM084263.1_rotation_0_offset_0	3215	0.976983	0
SRR27841065.611622	3187	CM084263.1_rotation_2_offset_7252	3215	0.976983	0
SRR27841065.611622	3187	CM084263.1_rotation_1_offset_3626	1716	0.976107	0
SRR27841065.618593	7845	CM084263.1_rotation_2_offset_7252	4449	0.973927	0
SRR27841065.618593	7845	CM084263.1_rotation_3_offset_10878	4449	0.973927	0
SRR27841065.618593	7845	CM084263.1_rotation_0_offset_0	4449	0.973927	0
SRR27841065.618593	7845	CM084263.1_rotation_3_offset_10878	4449	0.973927	0
SRR27841065.618593	7845	CM084263.1_rotation_0_offset_0	4449	0.973927	0
SRR27841065.618593	7845	CM084263.1_rotation_1_offset_3626	3643	0.971178	0
SRR27841065.618593	7845	CM084263.1_rotation_1_offset_3626	3643	0.971178	0
SRR27841065.618593	7845	CM084263.1_rotation_1_offset_3626	142	0.866197	0
SRR27841065.618593	7845	CM084263.1_rotation_3_offset_10878	142	0.866197	0
SRR27841065.618593	7845	CM084263.1_rotation_2_offset_7252	142	0.866197	0
SRR27841065.618593	7845	CM084263.1_rotation_3_offset_10878	91	1.000000	0
SRR27841065.618593	7845	CM084263.1_rotation_0_offset_0	91	1.000000	0
SRR27841065.618593	7845	CM084263.1_rotation_2_offset_7252	91	1.000000	0
SRR27841065.618593	7845	CM084263.1_rotation_3_offset_10878	91	1.000000	0
SRR27841065.618593	7845	CM084263.1_rotation_0_offset_0	91	1.000000	0
SRR27841065.618593	7845	CM084263.1_rotation_1_offset_3626	91	1.000000	0
SRR27841065.618593	7845	CM084263.1_rotation_2_offset_7252	91	1.000000	0
SRR27841065.618593	7845	CM084263.1_rotation_1_offset_3626	91	1.000000	0
SRR27841065.618593	7845	CM084263.1_rotation_0_offset_0	91	0.989011	0
SRR27841065.618593	7845	CM084263.1_rotation_0_offset_0	89	0.977528	1
SRR27841065.618593	7845	CM084263.1_rotation_0_offset_0	91	0.956044	1
SRR27841065.618593	7845	CM084263.1_rotation_1_offset_3626	97	0.886598	0
SRR27841065.618593	7845	CM084263.1_rotation_2_offset_7252	97	0.886598	0
SRR27841065.618593	7845	CM084263.1_rotation_3_offset_10878	97	0.886598	0
SRR27841065.618593	7845	CM084263.1_rotation_2_offset_7252	91	0.945055	1
SRR27841065.618593	7845	CM084263.1_rotation_3_offset_10878	91	0.945055	0
SRR27841065.618593	7845	CM084263.1_rotation_1_offset_3626	91	0.945055	0
SRR27841065.619662	803	CM084263.1_rotation_2_offset_7252	757	0.982827	0
SRR27841065.619662	803	CM084263.1_rotation_3_offset_10878	757	0.982827	0
SRR27841065.619662	803	CM084263.1_rotation_1_offset_3626	757	0.982827	0
SRR27841065.619662	803	CM084263.1_rotation_0_offset_0	757	0.982827	0
SRR27841065.621945	9124	CM084263.1_rotation_0_offset_0	9215	0.957895	0
SRR27841065.621945	9124	CM084263.1_rotation_3_offset_10878	9215	0.957895	0
SRR27841065.621945	9124	CM084263.1_rotation_2_offset_7252	6098	0.962775	0
SRR27841065.621945	9124	CM084263.1_rotation_1_offset_3626	6771	0.957023	0
SRR27841065.622922	1207	CM084263.1_rotation_0_offset_0	1214	0.977759	0
SRR27841065.622922	1207	CM084263.1_rotation_3_offset_10878	1214	0.977759	0
SRR27841065.622922	1207	CM084263.1_rotation_2_offset_7252	1214	0.977759	0
SRR27841065.622922	1207	CM084263.1_rotation_1_offset_3626	1214	0.977759	0
SRR27841065.622977	1946	CM084263.1_rotation_3_offset_10878	1975	0.959494	0
SRR27841065.622977	1946	CM084263.1_rotation_2_offset_7252	1975	0.959494	0
SRR27841065.622977	1946	CM084263.1_rotation_0_offset_0	1975	0.959494	0
SRR27841065.622977	1946	CM084263.1_rotation_1_offset_3626	1975	0.959494	0
SRR27841065.630221	627	CM084263.1_rotation_2_offset_7252	629	0.971383	0
SRR27841065.630221	627	CM084263.1_rotation_0_offset_0	629	0.971383	0
SRR27841065.630221	627	CM084263.1_rotation_1_offset_3626	629	0.971383	0
SRR27841065.630221	627	CM084263.1_rotation_3_offset_10878	629	0.971383	0
SRR27841065.632283	753	CM084263.1_rotation_0_offset_0	759	0.986825	0
SRR27841065.632283	753	CM084263.1_rotation_1_offset_3626	759	0.986825	0
SRR27841065.632283	753	CM084263.1_rotation_3_offset_10878	759	0.986825	0
SRR27841065.632283	753	CM084263.1_rotation_2_offset_7252	759	0.986825	0
SRR27841065.634065	1937	CM084263.1_rotation_0_offset_0	1976	0.940789	0
SRR27841065.634065	1937	CM084263.1_rotation_2_offset_7252	1976	0.940789	0
SRR27841065.634065	1937	CM084263.1_rotation_3_offset_10878	1976	0.940789	0
SRR27841065.634065	1937	CM084263.1_rotation_1_offset_3626	1976	0.940789	0
SRR27841065.634931	2303	CM084263.1_rotation_3_offset_10878	2338	0.915740	0
SRR27841065.634931	2303	CM084263.1_rotation_1_offset_3626	2338	0.915740	0
SRR27841065.634931	2303	CM084263.1_rotation_0_offset_0	2338	0.915740	0
SRR27841065.634931	2303	CM084263.1_rotation_2_offset_7252	2110	0.910427	0
SRR27841065.635419	1481	CM084263.1_rotation_2_offset_7252	1497	0.978624	0
SRR27841065.635419	1481	CM084263.1_rotation_0_offset_0	1497	0.978624	0
SRR27841065.635419	1481	CM084263.1_rotation_3_offset_10878	1497	0.978624	0
SRR27841065.635419	1481	CM084263.1_rotation_1_offset_3626	1115	0.973991	0
SRR27841065.638246	8048	CM084263.1_rotation_0_offset_0	6027	0.975610	0
SRR27841065.638246	8048	CM084263.1_rotation_3_offset_10878	6027	0.975610	0
SRR27841065.638246	8048	CM084263.1_rotation_2_offset_7252	6027	0.975610	0
SRR27841065.638246	8048	CM084263.1_rotation_1_offset_3626	3629	0.980160	0
SRR27841065.638246	8048	CM084263.1_rotation_3_offset_10878	91	1.000000	0
SRR27841065.638246	8048	CM084263.1_rotation_1_offset_3626	91	1.000000	0
SRR27841065.638246	8048	CM084263.1_rotation_3_offset_10878	91	1.000000	0
SRR27841065.638246	8048	CM084263.1_rotation_0_offset_0	91	1.000000	0
SRR27841065.638246	8048	CM084263.1_rotation_1_offset_3626	91	1.000000	0
SRR27841065.638246	8048	CM084263.1_rotation_2_offset_7252	91	1.000000	0
SRR27841065.638246	8048	CM084263.1_rotation_2_offset_7252	91	1.000000	0
SRR27841065.638246	8048	CM084263.1_rotation_0_offset_0	91	1.000000	0
SRR27841065.638246	8048	CM084263.1_rotation_0_offset_0	93	0.978495	57
SRR27841065.638246	8048	CM084263.1_rotation_2_offset_7252	93	0.935484	0
SRR27841065.638246	8048	CM084263.1_rotation_3_offset_10878	93	0.935484	0
SRR27841065.638246	8048	CM084263.1_rotation_1_offset_3626	93	0.935484	0
SRR27841065.638246	8048	CM084263.1_rotation_0_offset_0	93	0.935484	54
SRR27841065.638246	8048	CM084263.1_rotation_0_offset_0	93	0.935484	0
SRR27841065.638246	8048	CM084263.1_rotation_0_offset_0	99	0.878788	49
SRR27841065.638246	8048	CM084263.1_rotation_0_offset_0	75	0.973333	41
SRR27841065.647957	2286	CM084263.1_rotation_2_offset_7252	2339	0.965370	0
SRR27841065.647957	2286	CM084263.1_rotation_3_offset_10878	2339	0.965370	0
SRR27841065.647957	2286	CM084263.1_rotation_1_offset_3626	2339	0.965370	0
SRR27841065.647957	2286	CM084263.1_rotation_0_offset_0	2339	0.965370	0
SRR27841065.651123	194	CM084263.1_rotation_2_offset_7252	194	1.000000	0
SRR27841065.651123	194	CM084263.1_rotation_1_offset_3626	194	1.000000	0
SRR27841065.651123	194	CM084263.1_rotation_3_offset_10878	194	1.000000	0
SRR27841065.651123	194	CM084263.1_rotation_0_offset_0	194	1.000000	0
SRR27841065.651137	14103	CM084263.1_rotation_0_offset_0	12924	0.964717	60
SRR27841065.651137	14103	CM084263.1_rotation_1_offset_3626	10960	0.966423	0
SRR27841065.651137	14103	CM084263.1_rotation_3_offset_10878	9248	0.966912	0
SRR27841065.651137	14103	CM084263.1_rotation_2_offset_7252	7312	0.963348	0
SRR27841065.651137	14103	CM084263.1_rotation_2_offset_7252	91	1.000000	0
SRR27841065.651137	14103	CM084263.1_rotation_0_offset_0	91	1.000000	60
SRR27841065.651137	14103	CM084263.1_rotation_0_offset_0	91	1.000000	0
SRR27841065.651137	14103	CM084263.1_rotation_1_offset_3626	91	1.000000	0
SRR27841065.651137	14103	CM084263.1_rotation_0_offset_0	87	1.000000	19
SRR27841065.652351	18654	CM084263.1_rotation_2_offset_7252	16463	0.695135	1
SRR27841065.652351	18654	CM084263.1_rotation_3_offset_10878	17866	0.709336	0
SRR27841065.652351	18654	CM084263.1_rotation_1_offset_3626	12757	0.629223	0
SRR27841065.652351	18654	CM084263.1_rotation_0_offset_0	9922	0.923604	0
SRR27841065.657113	1479	CM084263.1_rotation_0_offset_0	769	0.979194	0
SRR27841065.657113	1479	CM084263.1_rotation_2_offset_7252	769	0.979194	0
SRR27841065.657113	1479	CM084263.1_rotation_1_offset_3626	769	0.979194	0
SRR27841065.657113	1479	CM084263.1_rotation_3_offset_10878	636	0.974843	0
SRR27841065.657113	1479	CM084263.1_rotation_1_offset_3626	766	0.818538	0
SRR27841065.657113	1479	CM084263.1_rotation_0_offset_0	766	0.818538	0
SRR27841065.657113	1479	CM084263.1_rotation_2_offset_7252	766	0.818538	0
SRR27841065.657113	1479	CM084263.1_rotation_3_offset_10878	644	0.796584	0
SRR27841065.658306	2055	CM084263.1_rotation_3_offset_10878	1166	0.984563	0
SRR27841065.658306	2055	CM084263.1_rotation_1_offset_3626	1166	0.984563	0
SRR27841065.658306	2055	CM084263.1_rotation_0_offset_0	1166	0.984563	0
SRR27841065.658306	2055	CM084263.1_rotation_2_offset_7252	635	0.982677	0
SRR27841065.658306	2055	CM084263.1_rotation_3_offset_10878	848	0.805425	0
SRR27841065.658306	2055	CM084263.1_rotation_0_offset_0	848	0.805425	0
SRR27841065.658306	2055	CM084263.1_rotation_1_offset_3626	848	0.805425	0
SRR27841065.658306	2055	CM084263.1_rotation_2_offset_7252	553	0.815552	0
SRR27841065.658579	674	CM084263.1_rotation_1_offset_3626	682	0.983871	0
SRR27841065.658579	674	CM084263.1_rotation_3_offset_10878	682	0.983871	0
SRR27841065.658579	674	CM084263.1_rotation_2_offset_7252	682	0.983871	0
SRR27841065.658579	674	CM084263.1_rotation_0_offset_0	682	0.983871	0
SRR27841065.660117	2013	CM084263.1_rotation_2_offset_7252	2051	0.945392	0
SRR27841065.660117	2013	CM084263.1_rotation_0_offset_0	2051	0.945392	0
SRR27841065.660117	2013	CM084263.1_rotation_1_offset_3626	2051	0.945392	0
SRR27841065.660117	2013	CM084263.1_rotation_3_offset_10878	1590	0.944654	0
SRR27841065.664020	1114	CM084263.1_rotation_0_offset_0	1130	0.961062	0
SRR27841065.664020	1114	CM084263.1_rotation_3_offset_10878	1130	0.961062	0
SRR27841065.664020	1114	CM084263.1_rotation_1_offset_3626	1130	0.961062	0
SRR27841065.664020	1114	CM084263.1_rotation_2_offset_7252	1130	0.961062	0
SRR27841065.664285	41929	CM084263.1_rotation_3_offset_10878	293	0.887372	0
SRR27841065.664285	41929	CM084263.1_rotation_2_offset_7252	293	0.887372	0
SRR27841065.664285	41929	CM084263.1_rotation_1_offset_3626	293	0.887372	0
SRR27841065.664285	41929	CM084263.1_rotation_0_offset_0	293	0.887372	0
SRR27841065.668114	4242	CM084263.1_rotation_0_offset_0	167	0.976048	0
SRR27841065.668114	4242	CM084263.1_rotation_3_offset_10878	167	0.976048	0
SRR27841065.668114	4242	CM084263.1_rotation_2_offset_7252	167	0.976048	0
SRR27841065.668114	4242	CM084263.1_rotation_1_offset_3626	167	0.976048	0
SRR27841065.668114	4242	CM084263.1_rotation_0_offset_0	91	0.989011	45
SRR27841065.668114	4242	CM084263.1_rotation_2_offset_7252	91	0.978022	0
SRR27841065.668114	4242	CM084263.1_rotation_3_offset_10878	91	0.978022	0
SRR27841065.668114	4242	CM084263.1_rotation_1_offset_3626	91	0.978022	0
SRR27841065.668114	4242	CM084263.1_rotation_0_offset_0	91	0.978022	0
SRR27841065.668114	4242	CM084263.1_rotation_0_offset_0	92	0.978261	0
SRR27841065.668114	4242	CM084263.1_rotation_2_offset_7252	92	0.978261	0
SRR27841065.668114	4242	CM084263.1_rotation_1_offset_3626	92	0.978261	0
SRR27841065.668114	4242	CM084263.1_rotation_3_offset_10878	92	0.978261	0
SRR27841065.668114	4242	CM084263.1_rotation_0_offset_0	93	0.967742	0
SRR27841065.668114	4242	CM084263.1_rotation_3_offset_10878	93	0.967742	0
SRR27841065.668114	4242	CM084263.1_rotation_2_offset_7252	93	0.967742	0
SRR27841065.668114	4242	CM084263.1_rotation_1_offset_3626	93	0.967742	0
SRR27841065.668114	4242	CM084263.1_rotation_2_offset_7252	91	0.956044	0
SRR27841065.668114	4242	CM084263.1_rotation_3_offset_10878	91	0.956044	0
SRR27841065.668114	4242	CM084263.1_rotation_1_offset_3626	91	0.956044	0
SRR27841065.668114	4242	CM084263.1_rotation_3_offset_10878	89	0.966292	1
SRR27841065.668114	4242	CM084263.1_rotation_2_offset_7252	89	0.966292	0
SRR27841065.668114	4242	CM084263.1_rotation_2_offset_7252	89	0.966292	1
SRR27841065.668114	4242	CM084263.1_rotation_1_offset_3626	89	0.966292	0
SRR27841065.668114	4242	CM084263.1_rotation_3_offset_10878	89	0.966292	0
SRR27841065.668114	4242	CM084263.1_rotation_1_offset_3626	89	0.966292	0
SRR27841065.668114	4242	CM084263.1_rotation_2_offset_7252	91	0.956044	1
SRR27841065.668114	4242	CM084263.1_rotation_1_offset_3626	91	0.956044	0
SRR27841065.668114	4242	CM084263.1_rotation_3_offset_10878	91	0.956044	0
SRR27841065.668114	4242	CM084263.1_rotation_1_offset_3626	87	0.965517	1
SRR27841065.670686	363	CM084263.1_rotation_0_offset_0	362	0.980663	0
SRR27841065.670686	363	CM084263.1_rotation_3_offset_10878	362	0.980663	0
SRR27841065.670686	363	CM084263.1_rotation_2_offset_7252	362	0.980663	0
SRR27841065.670686	363	CM084263.1_rotation_1_offset_3626	196	0.979592	0
SRR27841065.673578	528	CM084263.1_rotation_2_offset_7252	514	0.941634	44
SRR27841065.673578	528	CM084263.1_rotation_1_offset_3626	544	0.933824	0
SRR27841065.673578	528	CM084263.1_rotation_3_offset_10878	544	0.933824	0
SRR27841065.673578	528	CM084263.1_rotation_0_offset_0	544	0.933824	0
SRR27841065.679455	2118	CM084263.1_rotation_0_offset_0	2209	0.814396	0
SRR27841065.679455	2118	CM084263.1_rotation_1_offset_3626	2209	0.814396	0
SRR27841065.679455	2118	CM084263.1_rotation_2_offset_7252	2209	0.814396	0
SRR27841065.679455	2118	CM084263.1_rotation_3_offset_10878	901	0.835738	0
SRR27841065.681212	6274	CM084263.1_rotation_3_offset_10878	86	0.953488	0
SRR27841065.681212	6274	CM084263.1_rotation_0_offset_0	86	0.953488	0
SRR27841065.681212	6274	CM084263.1_rotation_2_offset_7252	86	0.953488	0
SRR27841065.681212	6274	CM084263.1_rotation_1_offset_3626	86	0.953488	0
SRR27841065.683797	12891	CM084263.1_rotation_3_offset_10878	13017	0.690021	26
SRR27841065.683797	12891	CM084263.1_rotation_0_offset_0	8509	0.970267	0
SRR27841065.683797	12891	CM084263.1_rotation_2_offset_7252	11802	0.660481	0
SRR27841065.683797	12891	CM084263.1_rotation_1_offset_3626	4883	0.963137	0
SRR27841065.690753	4542	CM084263.1_rotation_1_offset_3626	4636	0.902286	0
SRR27841065.690753	4542	CM084263.1_rotation_0_offset_0	4636	0.902286	0
SRR27841065.690753	4542	CM084263.1_rotation_2_offset_7252	4636	0.902286	0
SRR27841065.690753	4542	CM084263.1_rotation_3_offset_10878	3081	0.891594	0
SRR27841065.694097	9645	CM084263.1_rotation_0_offset_0	8957	0.978006	0
SRR27841065.694097	9645	CM084263.1_rotation_1_offset_3626	8957	0.978006	0
SRR27841065.694097	9645	CM084263.1_rotation_2_offset_7252	7301	0.978496	0
SRR27841065.694097	9645	CM084263.1_rotation_3_offset_10878	5317	0.974422	0
SRR27841065.695129	2644	CM084263.1_rotation_0_offset_0	2673	0.962589	0
SRR27841065.695129	2644	CM084263.1_rotation_1_offset_3626	2673	0.962589	0
SRR27841065.695129	2644	CM084263.1_rotation_3_offset_10878	2673	0.962589	0
SRR27841065.695129	2644	CM084263.1_rotation_2_offset_7252	1390	0.962590	0
SRR27841065.700972	1479	CM084263.1_rotation_1_offset_3626	1494	0.971888	0
SRR27841065.700972	1479	CM084263.1_rotation_3_offset_10878	1494	0.971888	0
SRR27841065.700972	1479	CM084263.1_rotation_0_offset_0	1494	0.971888	0
SRR27841065.700972	1479	CM084263.1_rotation_2_offset_7252	1494	0.971888	0
SRR27841065.703710	848	CM084263.1_rotation_3_offset_10878	852	0.990610	0
SRR27841065.703710	848	CM084263.1_rotation_2_offset_7252	852	0.990610	0
SRR27841065.703710	848	CM084263.1_rotation_0_offset_0	852	0.990610	0
SRR27841065.703710	848	CM084263.1_rotation_1_offset_3626	852	0.990610	0
SRR27841065.705537	2206	CM084263.1_rotation_3_offset_10878	1782	0.572391	0
SRR27841065.705537	2206	CM084263.1_rotation_1_offset_3626	1782	0.572391	0
SRR27841065.705537	2206	CM084263.1_rotation_2_offset_7252	1782	0.572391	0
SRR27841065.705537	2206	CM084263.1_rotation_2_offset_7252	997	0.965898	0
SRR27841065.705537	2206	CM084263.1_rotation_3_offset_10878	997	0.965898	0
SRR27841065.705537	2206	CM084263.1_rotation_1_offset_3626	997	0.965898	0
SRR27841065.705537	2206	CM084263.1_rotation_0_offset_0	938	0.985075	0
SRR27841065.705537	2206	CM084263.1_rotation_0_offset_0	1390	0.663309	0
SRR27841065.705537	2206	CM084263.1_rotation_0_offset_0	91	0.956044	28
SRR27841065.705537	2206	CM084263.1_rotation_0_offset_0	95	0.905263	0
SRR27841065.705537	2206	CM084263.1_rotation_2_offset_7252	82	0.853659	0
SRR27841065.705537	2206	CM084263.1_rotation_1_offset_3626	82	0.853659	0
SRR27841065.705537	2206	CM084263.1_rotation_3_offset_10878	82	0.853659	0
SRR27841065.705537	2206	CM084263.1_rotation_0_offset_0	82	0.853659	0
SRR27841065.710521	17034	CM084263.1_rotation_2_offset_7252	15560	0.708162	60
SRR27841065.710521	17034	CM084263.1_rotation_3_offset_10878	16823	0.716995	0
SRR27841065.710521	17034	CM084263.1_rotation_1_offset_3626	12021	0.628400	0
SRR27841065.710521	17034	CM084263.1_rotation_0_offset_0	8912	0.952536	0
SRR27841065.711689	1575	CM084263.1_rotation_3_offset_10878	1538	0.870611	0
SRR27841065.711689	1575	CM084263.1_rotation_1_offset_3626	1538	0.870611	0
SRR27841065.711689	1575	CM084263.1_rotation_0_offset_0	1538	0.870611	0
SRR27841065.711689	1575	CM084263.1_rotation_2_offset_7252	951	0.840168	0
SRR27841065.713295	1730	CM084263.1_rotation_1_offset_3626	1754	0.960661	0
SRR27841065.713295	1730	CM084263.1_rotation_0_offset_0	1754	0.960661	0
SRR27841065.713295	1730	CM084263.1_rotation_3_offset_10878	1754	0.960661	0
SRR27841065.713295	1730	CM084263.1_rotation_2_offset_7252	1754	0.960661	0
SRR27841065.717934	582	CM084263.1_rotation_0_offset_0	587	0.981261	0
SRR27841065.717934	582	CM084263.1_rotation_3_offset_10878	587	0.981261	0
SRR27841065.717934	582	CM084263.1_rotation_1_offset_3626	587	0.981261	0
SRR27841065.717934	582	CM084263.1_rotation_2_offset_7252	587	0.981261	0
SRR27841065.718715	17388	CM084263.1_rotation_0_offset_0	14623	0.965807	60
SRR27841065.718715	17388	CM084263.1_rotation_1_offset_3626	11011	0.962855	0
SRR27841065.718715	17388	CM084263.1_rotation_3_offset_10878	10971	0.960897	0
SRR27841065.718715	17388	CM084263.1_rotation_2_offset_7252	7321	0.971179	0
SRR27841065.718715	17388	CM084263.1_rotation_3_offset_10878	483	0.380952	53
SRR27841065.718715	17388	CM084263.1_rotation_0_offset_0	91	1.000000	60
SRR27841065.718715	17388	CM084263.1_rotation_0_offset_0	91	0.989011	26
SRR27841065.718715	17388	CM084263.1_rotation_0_offset_0	91	0.978022	18
SRR27841065.718715	17388	CM084263.1_rotation_0_offset_0	91	0.978022	0
SRR27841065.718715	17388	CM084263.1_rotation_0_offset_0	91	0.978022	22
SRR27841065.718715	17388	CM084263.1_rotation_2_offset_7252	89	0.977528	1
SRR27841065.718715	17388	CM084263.1_rotation_0_offset_0	89	0.977528	0
SRR27841065.718715	17388	CM084263.1_rotation_1_offset_3626	89	0.977528	0
SRR27841065.718715	17388	CM084263.1_rotation_3_offset_10878	89	0.977528	0
SRR27841065.718715	17388	CM084263.1_rotation_1_offset_3626	93	0.956989	1
SRR27841065.718715	17388	CM084263.1_rotation_2_offset_7252	93	0.956989	0
SRR27841065.718715	17388	CM084263.1_rotation_0_offset_0	93	0.956989	0
SRR27841065.718715	17388	CM084263.1_rotation_0_offset_0	92	0.967391	42
SRR27841065.721323	34429	CM084263.1_rotation_3_offset_10878	705	0.982979	0
SRR27841065.721323	34429	CM084263.1_rotation_1_offset_3626	705	0.982979	0
SRR27841065.721323	34429	CM084263.1_rotation_0_offset_0	705	0.982979	0
SRR27841065.721323	34429	CM084263.1_rotation_2_offset_7252	705	0.982979	0
SRR27841065.721323	34429	CM084263.1_rotation_0_offset_0	91	1.000000	0
SRR27841065.721323	34429	CM084263.1_rotation_1_offset_3626	91	1.000000	0
SRR27841065.721323	34429	CM084263.1_rotation_3_offset_10878	91	1.000000	0
SRR27841065.721323	34429	CM084263.1_rotation_2_offset_7252	91	1.000000	0
SRR27841065.721323	34429	CM084263.1_rotation_0_offset_0	95	0.915789	53
SRR27841065.721323	34429	CM084263.1_rotation_3_offset_10878	94	0.936170	0
SRR27841065.721323	34429	CM084263.1_rotation_1_offset_3626	94	0.936170	0
SRR27841065.721323	34429	CM084263.1_rotation_0_offset_0	94	0.936170	0
SRR27841065.721323	34429	CM084263.1_rotation_2_offset_7252	94	0.936170	0
SRR27841065.721323	34429	CM084263.1_rotation_0_offset_0	91	0.879121	45
SRR27841065.727427	4257	CM084263.1_rotation_2_offset_7252	4295	0.976484	0
SRR27841065.727427	4257	CM084263.1_rotation_0_offset_0	4295	0.976484	0
SRR27841065.727427	4257	CM084263.1_rotation_3_offset_10878	4295	0.976484	0
SRR27841065.727427	4257	CM084263.1_rotation_1_offset_3626	2733	0.975119	0
SRR27841065.728410	829	CM084263.1_rotation_1_offset_3626	91	1.000000	0
SRR27841065.728410	829	CM084263.1_rotation_2_offset_7252	91	1.000000	0
SRR27841065.728410	829	CM084263.1_rotation_3_offset_10878	91	1.000000	0
SRR27841065.728410	829	CM084263.1_rotation_0_offset_0	91	1.000000	0
SRR27841065.728410	829	CM084263.1_rotation_1_offset_3626	95	0.905263	0
SRR27841065.728410	829	CM084263.1_rotation_0_offset_0	95	0.905263	0
SRR27841065.728410	829	CM084263.1_rotation_2_offset_7252	95	0.905263	0
SRR27841065.728410	829	CM084263.1_rotation_3_offset_10878	95	0.905263	0
SRR27841065.728410	829	CM084263.1_rotation_0_offset_0	86	0.953488	0
SRR27841065.728410	829	CM084263.1_rotation_1_offset_3626	86	0.953488	0
SRR27841065.728410	829	CM084263.1_rotation_2_offset_7252	86	0.953488	0
SRR27841065.728410	829	CM084263.1_rotation_3_offset_10878	86	0.953488	0
SRR27841065.728410	829	CM084263.1_rotation_2_offset_7252	95	0.863158	0
SRR27841065.728410	829	CM084263.1_rotation_1_offset_3626	95	0.863158	0
SRR27841065.728410	829	CM084263.1_rotation_3_offset_10878	95	0.863158	0
SRR27841065.728410	829	CM084263.1_rotation_0_offset_0	95	0.863158	0
SRR27841065.732556	852	CM084263.1_rotation_3_offset_10878	596	0.969799	0
SRR27841065.732556	852	CM084263.1_rotation_1_offset_3626	596	0.969799	0
SRR27841065.732556	852	CM084263.1_rotation_0_offset_0	596	0.969799	0
SRR27841065.732556	852	CM084263.1_rotation_2_offset_7252	596	0.969799	0
SRR27841065.735756	32601	CM084263.1_rotation_2_offset_7252	945	0.951323	0
SRR27841065.735756	32601	CM084263.1_rotation_1_offset_3626	945	0.951323	0
SRR27841065.735756	32601	CM084263.1_rotation_0_offset_0	945	0.951323	0
SRR27841065.735756	32601	CM084263.1_rotation_3_offset_10878	945	0.951323	0
SRR27841065.735756	32601	CM084263.1_rotation_0_offset_0	91	0.967033	0
SRR27841065.735756	32601	CM084263.1_rotation_1_offset_3626	91	0.967033	0
SRR27841065.735756	32601	CM084263.1_rotation_3_offset_10878	91	0.967033	0
SRR27841065.735756	32601	CM084263.1_rotation_2_offset_7252	91	0.967033	0
SRR27841065.735756	32601	CM084263.1_rotation_0_offset_0	99	0.898990	31
SRR27841065.743760	959	CM084263.1_rotation_2_offset_7252	912	0.957237	0
SRR27841065.743760	959	CM084263.1_rotation_0_offset_0	912	0.957237	0
SRR27841065.743760	959	CM084263.1_rotation_1_offset_3626	912	0.957237	0
SRR27841065.743760	959	CM084263.1_rotation_3_offset_10878	912	0.957237	0
SRR27841065.744989	1201	CM084263.1_rotation_0_offset_0	1211	0.958712	0
SRR27841065.744989	1201	CM084263.1_rotation_2_offset_7252	1211	0.958712	0
SRR27841065.744989	1201	CM084263.1_rotation_1_offset_3626	1211	0.958712	0
SRR27841065.744989	1201	CM084263.1_rotation_3_offset_10878	1211	0.958712	0
SRR27841065.745773	1376	CM084263.1_rotation_0_offset_0	1413	0.934183	0
SRR27841065.745773	1376	CM084263.1_rotation_2_offset_7252	1413	0.934183	0
SRR27841065.745773	1376	CM084263.1_rotation_1_offset_3626	1413	0.934183	0
SRR27841065.745773	1376	CM084263.1_rotation_3_offset_10878	1413	0.934183	0
SRR27841065.752839	9504	CM084263.1_rotation_1_offset_3626	8051	0.958639	0
SRR27841065.752839	9504	CM084263.1_rotation_0_offset_0	8051	0.958639	0
SRR27841065.752839	9504	CM084263.1_rotation_2_offset_7252	7352	0.959059	0
SRR27841065.752839	9504	CM084263.1_rotation_3_offset_10878	4384	0.950502	0
SRR27841065.752839	9504	CM084263.1_rotation_0_offset_0	87	0.965517	0
SRR27841065.752839	9504	CM084263.1_rotation_3_offset_10878	87	0.965517	0
SRR27841065.752839	9504	CM084263.1_rotation_2_offset_7252	87	0.965517	0
SRR27841065.752839	9504	CM084263.1_rotation_1_offset_3626	87	0.965517	0
SRR27841065.752839	9504	CM084263.1_rotation_0_offset_0	91	0.945055	19
SRR27841065.752839	9504	CM084263.1_rotation_0_offset_0	91	0.923077	25
SRR27841065.755009	8350	CM084263.1_rotation_1_offset_3626	7553	0.969946	0
SRR27841065.755009	8350	CM084263.1_rotation_0_offset_0	7553	0.969946	0
SRR27841065.755009	8350	CM084263.1_rotation_2_offset_7252	6811	0.975774	0
SRR27841065.755009	8350	CM084263.1_rotation_3_offset_10878	4398	0.969532	0
SRR27841065.764649	455	CM084263.1_rotation_1_offset_3626	91	1.000000	0
SRR27841065.764649	455	CM084263.1_rotation_3_offset_10878	91	1.000000	0
SRR27841065.764649	455	CM084263.1_rotation_2_offset_7252	91	1.000000	0
SRR27841065.764649	455	CM084263.1_rotation_0_offset_0	91	1.000000	0
SRR27841065.764649	455	CM084263.1_rotation_0_offset_0	95	0.915789	0
SRR27841065.764649	455	CM084263.1_rotation_2_offset_7252	95	0.915789	0
SRR27841065.764649	455	CM084263.1_rotation_3_offset_10878	95	0.915789	0
SRR27841065.764649	455	CM084263.1_rotation_1_offset_3626	95	0.915789	0
SRR27841065.774428	19242	CM084263.1_rotation_2_offset_7252	2040	0.934314	0
SRR27841065.774428	19242	CM084263.1_rotation_1_offset_3626	2040	0.934314	0
SRR27841065.774428	19242	CM084263.1_rotation_3_offset_10878	2040	0.934314	0
SRR27841065.774428	19242	CM084263.1_rotation_0_offset_0	2040	0.934314	0
SRR27841065.780047	1950	CM084263.1_rotation_0_offset_0	1965	0.977608	0
SRR27841065.780047	1950	CM084263.1_rotation_2_offset_7252	1965	0.977608	0
SRR27841065.780047	1950	CM084263.1_rotation_1_offset_3626	1965	0.977608	0
SRR27841065.780047	1950	CM084263.1_rotation_3_offset_10878	1306	0.974732	0
SRR27841065.785345	14179	CM084263.1_rotation_0_offset_0	7718	0.972143	0
SRR27841065.785345	14179	CM084263.1_rotation_3_offset_10878	7718	0.972143	0
SRR27841065.785345	14179	CM084263.1_rotation_1_offset_3626	6646	0.974421	0
SRR27841065.785345	14179	CM084263.1_rotation_2_offset_7252	4724	0.969941	0
SRR27841065.785345	14179	CM084263.1_rotation_3_offset_10878	7744	0.768853	0
SRR27841065.785345	14179	CM084263.1_rotation_0_offset_0	7744	0.768853	0
SRR27841065.785345	14179	CM084263.1_rotation_1_offset_3626	6660	0.768769	0
SRR27841065.785345	14179	CM084263.1_rotation_2_offset_7252	4777	0.760310	0
SRR27841065.806606	1127	CM084263.1_rotation_0_offset_0	1131	0.951370	0
SRR27841065.806606	1127	CM084263.1_rotation_2_offset_7252	1131	0.951370	0
SRR27841065.806606	1127	CM084263.1_rotation_1_offset_3626	1131	0.951370	0
SRR27841065.806606	1127	CM084263.1_rotation_3_offset_10878	1131	0.951370	0
SRR27841065.807470	1544	CM084263.1_rotation_3_offset_10878	882	0.937642	0
SRR27841065.807470	1544	CM084263.1_rotation_1_offset_3626	882	0.937642	0
SRR27841065.807470	1544	CM084263.1_rotation_0_offset_0	882	0.937642	0
SRR27841065.807470	1544	CM084263.1_rotation_2_offset_7252	822	0.934307	0
SRR27841065.807470	1544	CM084263.1_rotation_1_offset_3626	885	0.707345	0
SRR27841065.807470	1544	CM084263.1_rotation_0_offset_0	885	0.707345	0
SRR27841065.807470	1544	CM084263.1_rotation_3_offset_10878	885	0.707345	0
SRR27841065.807470	1544	CM084263.1_rotation_2_offset_7252	825	0.694545	0
SRR27841065.811154	663	CM084263.1_rotation_3_offset_10878	636	0.949686	0
SRR27841065.811154	663	CM084263.1_rotation_1_offset_3626	636	0.949686	0
SRR27841065.811154	663	CM084263.1_rotation_0_offset_0	636	0.949686	0
SRR27841065.811154	663	CM084263.1_rotation_2_offset_7252	438	0.945205	0
SRR27841065.812980	666	CM084263.1_rotation_3_offset_10878	674	0.976261	0
SRR27841065.812980	666	CM084263.1_rotation_2_offset_7252	674	0.976261	0
SRR27841065.812980	666	CM084263.1_rotation_1_offset_3626	674	0.976261	0
SRR27841065.812980	666	CM084263.1_rotation_0_offset_0	674	0.976261	0
SRR27841065.812988	8934	CM084263.1_rotation_2_offset_7252	9052	0.599757	0
SRR27841065.812988	8934	CM084263.1_rotation_1_offset_3626	9052	0.599757	0
SRR27841065.812988	8934	CM084263.1_rotation_3_offset_10878	9052	0.599757	0
SRR27841065.812988	8934	CM084263.1_rotation_0_offset_0	2844	0.971167	0
SRR27841065.813681	1227	CM084263.1_rotation_1_offset_3626	1238	0.969305	0
SRR27841065.813681	1227	CM084263.1_rotation_3_offset_10878	1238	0.969305	0
SRR27841065.813681	1227	CM084263.1_rotation_0_offset_0	1238	0.969305	0
SRR27841065.813681	1227	CM084263.1_rotation_2_offset_7252	1238	0.969305	0
SRR27841065.817696	624	CM084263.1_rotation_1_offset_3626	626	0.958466	0
SRR27841065.817696	624	CM084263.1_rotation_2_offset_7252	626	0.958466	0
SRR27841065.817696	624	CM084263.1_rotation_0_offset_0	626	0.958466	0
SRR27841065.817696	624	CM084263.1_rotation_3_offset_10878	424	0.962264	0
SRR27841065.829431	1657	CM084263.1_rotation_1_offset_3626	1666	0.972389	0
SRR27841065.829431	1657	CM084263.1_rotation_3_offset_10878	1666	0.972389	0
SRR27841065.829431	1657	CM084263.1_rotation_2_offset_7252	1666	0.972389	0
SRR27841065.829431	1657	CM084263.1_rotation_0_offset_0	1666	0.972389	0
SRR27841065.832474	599	CM084263.1_rotation_1_offset_3626	92	0.978261	0
SRR27841065.832474	599	CM084263.1_rotation_3_offset_10878	92	0.978261	0
SRR27841065.832474	599	CM084263.1_rotation_0_offset_0	92	0.978261	0
SRR27841065.832474	599	CM084263.1_rotation_2_offset_7252	92	0.978261	0
SRR27841065.832474	599	CM084263.1_rotation_3_offset_10878	95	0.915789	0
SRR27841065.832474	599	CM084263.1_rotation_1_offset_3626	95	0.915789	0
SRR27841065.832474	599	CM084263.1_rotation_0_offset_0	95	0.915789	0
SRR27841065.832474	599	CM084263.1_rotation_2_offset_7252	95	0.915789	0
SRR27841065.832474	599	CM084263.1_rotation_0_offset_0	87	0.977011	55
SRR27841065.833682	8135	CM084263.1_rotation_3_offset_10878	2529	0.669830	0
SRR27841065.833682	8135	CM084263.1_rotation_2_offset_7252	2529	0.669830	0
SRR27841065.833682	8135	CM084263.1_rotation_1_offset_3626	2529	0.669830	0
SRR27841065.833682	8135	CM084263.1_rotation_1_offset_3626	1702	0.938308	0
SRR27841065.833682	8135	CM084263.1_rotation_2_offset_7252	1702	0.938308	0
SRR27841065.833682	8135	CM084263.1_rotation_0_offset_0	1702	0.938308	0
SRR27841065.833682	8135	CM084263.1_rotation_3_offset_10878	1702	0.938308	0
SRR27841065.833682	8135	CM084263.1_rotation_2_offset_7252	150	0.860000	1
SRR27841065.833682	8135	CM084263.1_rotation_0_offset_0	92	0.989130	0
SRR27841065.833682	8135	CM084263.1_rotation_1_offset_3626	91	0.989011	0
SRR27841065.833682	8135	CM084263.1_rotation_3_offset_10878	92	0.989130	0
SRR27841065.833682	8135	CM084263.1_rotation_1_offset_3626	92	0.989130	0
SRR27841065.833682	8135	CM084263.1_rotation_3_offset_10878	91	0.989011	0
SRR27841065.833682	8135	CM084263.1_rotation_2_offset_7252	92	0.989130	0
SRR27841065.833682	8135	CM084263.1_rotation_2_offset_7252	91	0.989011	0
SRR27841065.833682	8135	CM084263.1_rotation_1_offset_3626	92	0.978261	0
SRR27841065.833682	8135	CM084263.1_rotation_2_offset_7252	92	0.978261	0
SRR27841065.833682	8135	CM084263.1_rotation_3_offset_10878	92	0.978261	0
SRR27841065.833682	8135	CM084263.1_rotation_2_offset_7252	87	0.977011	1
SRR27841065.833682	8135	CM084263.1_rotation_2_offset_7252	86	0.976744	0
SRR27841065.833682	8135	CM084263.1_rotation_1_offset_3626	86	0.976744	0
SRR27841065.833682	8135	CM084263.1_rotation_3_offset_10878	86	0.976744	0
SRR27841065.833682	8135	CM084263.1_rotation_1_offset_3626	86	0.976744	0
SRR27841065.833682	8135	CM084263.1_rotation_2_offset_7252	86	0.976744	0
SRR27841065.833682	8135	CM084263.1_rotation_3_offset_10878	86	0.976744	0
SRR27841065.833682	8135	CM084263.1_rotation_3_offset_10878	87	0.965517	1
SRR27841065.833682	8135	CM084263.1_rotation_2_offset_7252	91	0.956044	1
SRR27841065.833682	8135	CM084263.1_rotation_3_offset_10878	91	0.956044	0
SRR27841065.833682	8135	CM084263.1_rotation_1_offset_3626	91	0.956044	0
SRR27841065.833682	8135	CM084263.1_rotation_2_offset_7252	92	0.945652	1
SRR27841065.833682	8135	CM084263.1_rotation_1_offset_3626	83	0.951807	0
SRR27841065.833682	8135	CM084263.1_rotation_3_offset_10878	83	0.951807	0
SRR27841065.833682	8135	CM084263.1_rotation_2_offset_7252	91	0.923077	1
SRR27841065.833682	8135	CM084263.1_rotation_1_offset_3626	61	0.901639	1
SRR27841065.835341	868	CM084263.1_rotation_1_offset_3626	870	0.983908	0
SRR27841065.835341	868	CM084263.1_rotation_0_offset_0	870	0.983908	0
SRR27841065.835341	868	CM084263.1_rotation_2_offset_7252	870	0.983908	0
SRR27841065.835341	868	CM084263.1_rotation_3_offset_10878	870	0.983908	0
SRR27841065.845853	751	CM084263.1_rotation_0_offset_0	759	0.949934	0
SRR27841065.845853	751	CM084263.1_rotation_1_offset_3626	759	0.949934	0
SRR27841065.845853	751	CM084263.1_rotation_2_offset_7252	759	0.949934	0
SRR27841065.845853	751	CM084263.1_rotation_3_offset_10878	759	0.949934	0
SRR27841065.846661	5718	CM084263.1_rotation_2_offset_7252	2057	0.909577	0
SRR27841065.846661	5718	CM084263.1_rotation_3_offset_10878	2057	0.909577	0
SRR27841065.846661	5718	CM084263.1_rotation_0_offset_0	2057	0.909577	0
SRR27841065.846661	5718	CM084263.1_rotation_1_offset_3626	2057	0.909577	0
SRR27841065.850949	1399	CM084263.1_rotation_3_offset_10878	791	0.865992	0
SRR27841065.850949	1399	CM084263.1_rotation_1_offset_3626	791	0.865992	0
SRR27841065.850949	1399	CM084263.1_rotation_2_offset_7252	791	0.865992	0
SRR27841065.850949	1399	CM084263.1_rotation_0_offset_0	791	0.865992	0
SRR27841065.867719	9165	CM084263.1_rotation_1_offset_3626	8870	0.977227	0
SRR27841065.867719	9165	CM084263.1_rotation_0_offset_0	8870	0.977227	0
SRR27841065.867719	9165	CM084263.1_rotation_2_offset_7252	7287	0.976808	0
SRR27841065.867719	9165	CM084263.1_rotation_3_offset_10878	5230	0.977055	0
SRR27841065.871957	119	CM084263.1_rotation_1_offset_3626	118	1.000000	0
SRR27841065.871957	119	CM084263.1_rotation_2_offset_7252	118	1.000000	0
SRR27841065.871957	119	CM084263.1_rotation_3_offset_10878	118	1.000000	0
SRR27841065.871957	119	CM084263.1_rotation_0_offset_0	118	1.000000	0
SRR27841065.874323	483	CM084263.1_rotation_1_offset_3626	485	0.975258	0
SRR27841065.874323	483	CM084263.1_rotation_3_offset_10878	485	0.975258	0
SRR27841065.874323	483	CM084263.1_rotation_0_offset_0	485	0.975258	0
SRR27841065.874323	483	CM084263.1_rotation_2_offset_7252	485	0.975258	0
SRR27841065.874590	2162	CM084263.1_rotation_1_offset_3626	2159	0.964335	0
SRR27841065.874590	2162	CM084263.1_rotation_0_offset_0	2159	0.964335	0
SRR27841065.874590	2162	CM084263.1_rotation_2_offset_7252	2159	0.964335	0
SRR27841065.874590	2162	CM084263.1_rotation_3_offset_10878	2159	0.964335	0
SRR27841065.878638	2309	CM084263.1_rotation_3_offset_10878	2334	0.975578	0
SRR27841065.878638	2309	CM084263.1_rotation_0_offset_0	2334	0.975578	0
SRR27841065.878638	2309	CM084263.1_rotation_2_offset_7252	2334	0.975578	0
SRR27841065.878638	2309	CM084263.1_rotation_1_offset_3626	2231	0.975347	0
SRR27841065.878741	4579	CM084263.1_rotation_0_offset_0	4636	0.971527	0
SRR27841065.878741	4579	CM084263.1_rotation_2_offset_7252	4636	0.971527	0
SRR27841065.878741	4579	CM084263.1_rotation_3_offset_10878	4636	0.971527	0
SRR27841065.878741	4579	CM084263.1_rotation_1_offset_3626	2378	0.975189	0
SRR27841065.885387	5700	CM084263.1_rotation_0_offset_0	3249	0.920283	0
SRR27841065.885387	5700	CM084263.1_rotation_3_offset_10878	3249	0.920283	0
SRR27841065.885387	5700	CM084263.1_rotation_2_offset_7252	3249	0.920283	0
SRR27841065.885387	5700	CM084263.1_rotation_1_offset_3626	3249	0.920283	0
SRR27841065.885387	5700	CM084263.1_rotation_0_offset_0	94	0.968085	0
SRR27841065.885387	5700	CM084263.1_rotation_3_offset_10878	94	0.968085	0
SRR27841065.885387	5700	CM084263.1_rotation_3_offset_10878	91	0.989011	0
SRR27841065.885387	5700	CM084263.1_rotation_1_offset_3626	94	0.968085	0
SRR27841065.885387	5700	CM084263.1_rotation_2_offset_7252	91	0.989011	0
SRR27841065.885387	5700	CM084263.1_rotation_2_offset_7252	94	0.968085	0
SRR27841065.885387	5700	CM084263.1_rotation_1_offset_3626	91	0.989011	0
SRR27841065.885387	5700	CM084263.1_rotation_0_offset_0	91	0.989011	0
SRR27841065.885387	5700	CM084263.1_rotation_2_offset_7252	91	0.945055	0
SRR27841065.885387	5700	CM084263.1_rotation_3_offset_10878	91	0.945055	0
SRR27841065.885387	5700	CM084263.1_rotation_0_offset_0	91	0.945055	0
SRR27841065.885387	5700	CM084263.1_rotation_1_offset_3626	91	0.945055	0
SRR27841065.885387	5700	CM084263.1_rotation_0_offset_0	92	0.956522	16
SRR27841065.885387	5700	CM084263.1_rotation_0_offset_0	87	0.942529	27
SRR27841065.885387	5700	CM084263.1_rotation_0_offset_0	87	0.954023	24
SRR27841065.885387	5700	CM084263.1_rotation_0_offset_0	88	0.875000	1
SRR27841065.889179	1361	CM084263.1_rotation_3_offset_10878	1394	0.941894	0
SRR27841065.889179	1361	CM084263.1_rotation_0_offset_0	1394	0.941894	0
SRR27841065.889179	1361	CM084263.1_rotation_2_offset_7252	1394	0.941894	0
SRR27841065.889179	1361	CM084263.1_rotation_1_offset_3626	1394	0.941894	0
SRR27841065.891909	1218	CM084263.1_rotation_2_offset_7252	1240	0.943548	0
SRR27841065.891909	1218	CM084263.1_rotation_0_offset_0	1240	0.943548	0
SRR27841065.891909	1218	CM084263.1_rotation_1_offset_3626	1240	0.943548	0
SRR27841065.891909	1218	CM084263.1_rotation_3_offset_10878	1076	0.943309	0
SRR27841065.894052	1521	CM084263.1_rotation_1_offset_3626	92	0.989130	0
SRR27841065.894052	1521	CM084263.1_rotation_0_offset_0	92	0.989130	0
SRR27841065.894052	1521	CM084263.1_rotation_3_offset_10878	92	0.989130	0
SRR27841065.894052	1521	CM084263.1_rotation_2_offset_7252	92	0.989130	0
SRR27841065.894052	1521	CM084263.1_rotation_1_offset_3626	91	0.956044	0
SRR27841065.894052	1521	CM084263.1_rotation_0_offset_0	91	0.956044	0
SRR27841065.894052	1521	CM084263.1_rotation_2_offset_7252	91	0.956044	0
SRR27841065.894052	1521	CM084263.1_rotation_3_offset_10878	91	0.956044	0
SRR27841065.894052	1521	CM084263.1_rotation_1_offset_3626	90	0.900000	0
SRR27841065.894052	1521	CM084263.1_rotation_0_offset_0	90	0.900000	0
SRR27841065.894052	1521	CM084263.1_rotation_3_offset_10878	90	0.900000	0
SRR27841065.894052	1521	CM084263.1_rotation_2_offset_7252	90	0.900000	0
SRR27841065.894052	1521	CM084263.1_rotation_0_offset_0	91	0.923077	0
SRR27841065.894052	1521	CM084263.1_rotation_1_offset_3626	91	0.923077	0
SRR27841065.894052	1521	CM084263.1_rotation_3_offset_10878	91	0.923077	0
SRR27841065.894052	1521	CM084263.1_rotation_2_offset_7252	91	0.923077	0
SRR27841065.894052	1521	CM084263.1_rotation_0_offset_0	92	0.934783	35
SRR27841065.896052	759	CM084263.1_rotation_1_offset_3626	779	0.928113	0
SRR27841065.896052	759	CM084263.1_rotation_2_offset_7252	779	0.928113	0
SRR27841065.896052	759	CM084263.1_rotation_0_offset_0	779	0.928113	0
SRR27841065.896052	759	CM084263.1_rotation_3_offset_10878	779	0.928113	0
SRR27841065.897488	1138	CM084263.1_rotation_2_offset_7252	1151	0.979149	0
SRR27841065.897488	1138	CM084263.1_rotation_1_offset_3626	1151	0.979149	0
SRR27841065.897488	1138	CM084263.1_rotation_0_offset_0	1151	0.979149	0
SRR27841065.897488	1138	CM084263.1_rotation_3_offset_10878	1151	0.979149	0
SRR27841065.908647	1737	CM084263.1_rotation_1_offset_3626	1769	0.965517	0
SRR27841065.908647	1737	CM084263.1_rotation_3_offset_10878	1769	0.965517	0
SRR27841065.908647	1737	CM084263.1_rotation_2_offset_7252	1769	0.965517	0
SRR27841065.908647	1737	CM084263.1_rotation_0_offset_0	1769	0.965517	0
SRR27841065.917045	1114	CM084263.1_rotation_0_offset_0	1120	0.968750	0
SRR27841065.917045	1114	CM084263.1_rotation_3_offset_10878	1120	0.968750	0
SRR27841065.917045	1114	CM084263.1_rotation_1_offset_3626	1120	0.968750	0
SRR27841065.917045	1114	CM084263.1_rotation_2_offset_7252	1120	0.968750	0
SRR27841065.918456	3273	CM084263.1_rotation_2_offset_7252	3307	0.975204	0
SRR27841065.918456	3273	CM084263.1_rotation_3_offset_10878	3307	0.975204	0
SRR27841065.918456	3273	CM084263.1_rotation_0_offset_0	3307	0.975204	0
SRR27841065.918456	3273	CM084263.1_rotation_1_offset_3626	2111	0.971577	0
SRR27841065.920885	1780	CM084263.1_rotation_2_offset_7252	1862	0.892589	0
SRR27841065.920885	1780	CM084263.1_rotation_0_offset_0	1862	0.892589	0
SRR27841065.920885	1780	CM084263.1_rotation_3_offset_10878	1862	0.892589	0
SRR27841065.920885	1780	CM084263.1_rotation_1_offset_3626	1662	0.888087	0
SRR27841065.926600	2495	CM084263.1_rotation_2_offset_7252	91	0.989011	0
SRR27841065.926600	2495	CM084263.1_rotation_0_offset_0	91	0.989011	0
SRR27841065.926600	2495	CM084263.1_rotation_1_offset_3626	91	0.989011	0
SRR27841065.926600	2495	CM084263.1_rotation_3_offset_10878	91	0.989011	0
SRR27841065.926600	2495	CM084263.1_rotation_1_offset_3626	86	0.976744	0
SRR27841065.926600	2495	CM084263.1_rotation_3_offset_10878	86	0.976744	0
SRR27841065.926600	2495	CM084263.1_rotation_0_offset_0	86	0.976744	0
SRR27841065.926600	2495	CM084263.1_rotation_2_offset_7252	86	0.976744	0
SRR27841065.926600	2495	CM084263.1_rotation_1_offset_3626	91	0.967033	0
SRR27841065.926600	2495	CM084263.1_rotation_3_offset_10878	91	0.967033	0
SRR27841065.926600	2495	CM084263.1_rotation_0_offset_0	91	0.967033	0
SRR27841065.926600	2495	CM084263.1_rotation_3_offset_10878	100	0.900000	1
SRR27841065.926600	2495	CM084263.1_rotation_1_offset_3626	100	0.900000	0
SRR27841065.926600	2495	CM084263.1_rotation_0_offset_0	100	0.900000	0
SRR27841065.926600	2495	CM084263.1_rotation_2_offset_7252	91	0.967033	0
SRR27841065.926600	2495	CM084263.1_rotation_2_offset_7252	100	0.900000	0
SRR27841065.926600	2495	CM084263.1_rotation_2_offset_7252	88	0.920455	0
SRR27841065.926600	2495	CM084263.1_rotation_0_offset_0	88	0.920455	0
SRR27841065.926600	2495	CM084263.1_rotation_3_offset_10878	88	0.920455	0
SRR27841065.926600	2495	CM084263.1_rotation_1_offset_3626	88	0.920455	0
SRR27841065.926600	2495	CM084263.1_rotation_0_offset_0	93	0.913978	1
SRR27841065.926600	2495	CM084263.1_rotation_0_offset_0	91	0.890110	1
SRR27841065.926600	2495	CM084263.1_rotation_2_offset_7252	91	0.890110	0
SRR27841065.926600	2495	CM084263.1_rotation_3_offset_10878	91	0.890110	0
SRR27841065.926600	2495	CM084263.1_rotation_1_offset_3626	91	0.890110	0
SRR27841065.938206	2527	CM084263.1_rotation_1_offset_3626	1414	0.915842	0
SRR27841065.938206	2527	CM084263.1_rotation_2_offset_7252	1414	0.915842	0
SRR27841065.938206	2527	CM084263.1_rotation_0_offset_0	1414	0.915842	0
SRR27841065.938206	2527	CM084263.1_rotation_3_offset_10878	1414	0.915842	0
SRR27841065.938206	2527	CM084263.1_rotation_0_offset_0	1358	0.773932	0
SRR27841065.938206	2527	CM084263.1_rotation_1_offset_3626	1358	0.773932	0
SRR27841065.938206	2527	CM084263.1_rotation_3_offset_10878	1358	0.773932	0
SRR27841065.938206	2527	CM084263.1_rotation_2_offset_7252	1358	0.773932	0
SRR27841065.940533	1710	CM084263.1_rotation_1_offset_3626	1731	0.969960	0
SRR27841065.940533	1710	CM084263.1_rotation_2_offset_7252	1731	0.969960	0
SRR27841065.940533	1710	CM084263.1_rotation_3_offset_10878	1731	0.969960	0
SRR27841065.940533	1710	CM084263.1_rotation_0_offset_0	1731	0.969960	0
SRR27841065.948053	494	CM084263.1_rotation_2_offset_7252	87	0.977011	0
SRR27841065.948053	494	CM084263.1_rotation_0_offset_0	87	0.977011	0
SRR27841065.948053	494	CM084263.1_rotation_3_offset_10878	87	0.977011	0
SRR27841065.948053	494	CM084263.1_rotation_1_offset_3626	87	0.977011	0
SRR27841065.957441	2648	CM084263.1_rotation_2_offset_7252	2726	0.907557	0
SRR27841065.957441	2648	CM084263.1_rotation_3_offset_10878	2726	0.907557	0
SRR27841065.957441	2648	CM084263.1_rotation_0_offset_0	2726	0.907557	0
SRR27841065.957441	2648	CM084263.1_rotation_1_offset_3626	2111	0.915206	0
SRR27841065.961405	1087	CM084263.1_rotation_1_offset_3626	91	1.000000	0
SRR27841065.961405	1087	CM084263.1_rotation_0_offset_0	91	1.000000	0
SRR27841065.961405	1087	CM084263.1_rotation_2_offset_7252	91	1.000000	0
SRR27841065.961405	1087	CM084263.1_rotation_3_offset_10878	91	1.000000	0
SRR27841065.961405	1087	CM084263.1_rotation_1_offset_3626	95	0.915789	0
SRR27841065.961405	1087	CM084263.1_rotation_0_offset_0	95	0.915789	0
SRR27841065.961405	1087	CM084263.1_rotation_2_offset_7252	95	0.915789	0
SRR27841065.961405	1087	CM084263.1_rotation_2_offset_7252	91	0.956044	0
SRR27841065.961405	1087	CM084263.1_rotation_3_offset_10878	91	0.956044	0
SRR27841065.961405	1087	CM084263.1_rotation_3_offset_10878	95	0.915789	0
SRR27841065.961405	1087	CM084263.1_rotation_0_offset_0	91	0.956044	0
SRR27841065.961405	1087	CM084263.1_rotation_1_offset_3626	91	0.956044	0
SRR27841065.961405	1087	CM084263.1_rotation_0_offset_0	66	0.969697	3
SRR27841065.963292	615	CM084263.1_rotation_2_offset_7252	634	0.922713	0
SRR27841065.963292	615	CM084263.1_rotation_3_offset_10878	634	0.922713	0
SRR27841065.963292	615	CM084263.1_rotation_0_offset_0	634	0.922713	0
SRR27841065.963292	615	CM084263.1_rotation_1_offset_3626	634	0.922713	0
SRR27841065.969067	2694	CM084263.1_rotation_1_offset_3626	2728	0.973974	0
SRR27841065.969067	2694	CM084263.1_rotation_0_offset_0	2728	0.973974	0
SRR27841065.969067	2694	CM084263.1_rotation_3_offset_10878	2728	0.973974	0
SRR27841065.969067	2694	CM084263.1_rotation_2_offset_7252	1523	0.971110	0
SRR27841065.973313	3544	CM084263.1_rotation_1_offset_3626	3571	0.976757	0
SRR27841065.973313	3544	CM084263.1_rotation_2_offset_7252	3571	0.976757	0
SRR27841065.973313	3544	CM084263.1_rotation_0_offset_0	3571	0.976757	0
SRR27841065.973313	3544	CM084263.1_rotation_3_offset_10878	3449	0.976225	0
SRR27841065.975182	738	CM084263.1_rotation_1_offset_3626	750	0.962667	0
SRR27841065.975182	738	CM084263.1_rotation_3_offset_10878	750	0.962667	0
SRR27841065.975182	738	CM084263.1_rotation_2_offset_7252	750	0.962667	0
SRR27841065.975182	738	CM084263.1_rotation_0_offset_0	750	0.962667	0
SRR27841065.977138	10588	CM084263.1_rotation_3_offset_10878	10658	0.631451	0
SRR27841065.977138	10588	CM084263.1_rotation_2_offset_7252	10658	0.631451	0
SRR27841065.977138	10588	CM084263.1_rotation_1_offset_3626	10300	0.619126	0
SRR27841065.977138	10588	CM084263.1_rotation_0_offset_0	3987	0.980436	0
SRR27841065.979819	8218	CM084263.1_rotation_0_offset_0	7715	0.974465	0
SRR27841065.979819	8218	CM084263.1_rotation_1_offset_3626	7715	0.974465	0
SRR27841065.979819	8218	CM084263.1_rotation_2_offset_7252	7322	0.974187	0
SRR27841065.979819	8218	CM084263.1_rotation_3_offset_10878	4041	0.979213	0
SRR27841065.981637	2739	CM084263.1_rotation_3_offset_10878	2808	0.820513	0
SRR27841065.981637	2739	CM084263.1_rotation_0_offset_0	2808	0.820513	0
SRR27841065.981637	2739	CM084263.1_rotation_2_offset_7252	2808	0.820513	0
SRR27841065.981637	2739	CM084263.1_rotation_1_offset_3626	1692	0.804374	0
SRR27841065.982197	2783	CM084263.1_rotation_2_offset_7252	91	0.989011	0
SRR27841065.982197	2783	CM084263.1_rotation_3_offset_10878	91	0.989011	0
SRR27841065.982197	2783	CM084263.1_rotation_0_offset_0	91	0.989011	0
SRR27841065.982197	2783	CM084263.1_rotation_1_offset_3626	91	0.989011	0
SRR27841065.982197	2783	CM084263.1_rotation_0_offset_0	91	0.945055	0
SRR27841065.982197	2783	CM084263.1_rotation_2_offset_7252	91	0.945055	0
SRR27841065.982197	2783	CM084263.1_rotation_1_offset_3626	91	0.945055	0
SRR27841065.982197	2783	CM084263.1_rotation_3_offset_10878	91	0.945055	0
SRR27841065.986566	865	CM084263.1_rotation_0_offset_0	91	0.978022	0
SRR27841065.986566	865	CM084263.1_rotation_2_offset_7252	91	0.978022	0
SRR27841065.986566	865	CM084263.1_rotation_1_offset_3626	91	0.978022	0
SRR27841065.986566	865	CM084263.1_rotation_3_offset_10878	91	0.978022	0
SRR27841065.986566	865	CM084263.1_rotation_0_offset_0	99	0.878788	1
SRR27841065.986566	865	CM084263.1_rotation_2_offset_7252	92	0.923913	0
SRR27841065.986566	865	CM084263.1_rotation_3_offset_10878	92	0.923913	0
SRR27841065.986566	865	CM084263.1_rotation_1_offset_3626	92	0.923913	0
SRR27841065.986566	865	CM084263.1_rotation_0_offset_0	92	0.923913	0
SRR27841065.986566	865	CM084263.1_rotation_2_offset_7252	98	0.897959	1
SRR27841065.986566	865	CM084263.1_rotation_1_offset_3626	98	0.897959	0
SRR27841065.986566	865	CM084263.1_rotation_3_offset_10878	98	0.897959	0
SRR27841065.986566	865	CM084263.1_rotation_0_offset_0	98	0.897959	0
SRR27841065.991587	1051	CM084263.1_rotation_1_offset_3626	1115	0.871749	0
SRR27841065.991587	1051	CM084263.1_rotation_0_offset_0	1115	0.871749	0
SRR27841065.991587	1051	CM084263.1_rotation_2_offset_7252	1115	0.871749	0
SRR27841065.991587	1051	CM084263.1_rotation_3_offset_10878	1115	0.871749	0
SRR27841065.993307	1549	CM084263.1_rotation_2_offset_7252	1008	0.944444	0
SRR27841065.993307	1549	CM084263.1_rotation_3_offset_10878	1008	0.944444	0
SRR27841065.993307	1549	CM084263.1_rotation_1_offset_3626	1008	0.944444	0
SRR27841065.993307	1549	CM084263.1_rotation_0_offset_0	949	0.962065	0
SRR27841065.998695	5069	CM084263.1_rotation_1_offset_3626	4463	0.974905	0
SRR27841065.998695	5069	CM084263.1_rotation_3_offset_10878	4463	0.974905	0
SRR27841065.998695	5069	CM084263.1_rotation_0_offset_0	4463	0.974905	0
SRR27841065.998695	5069	CM084263.1_rotation_2_offset_7252	2984	0.978217	0
SRR27841065.998695	5069	CM084263.1_rotation_3_offset_10878	727	0.858322	0
SRR27841065.998695	5069	CM084263.1_rotation_2_offset_7252	727	0.858322	0
SRR27841065.998695	5069	CM084263.1_rotation_0_offset_0	727	0.858322	0
SRR27841065.998695	5069	CM084263.1_rotation_1_offset_3626	727	0.858322	0
SRR27841065.1003589	2167	CM084263.1_rotation_2_offset_7252	2184	0.975733	0
SRR27841065.1003589	2167	CM084263.1_rotation_3_offset_10878	2184	0.975733	0
SRR27841065.1003589	2167	CM084263.1_rotation_0_offset_0	2184	0.975733	0
SRR27841065.1003589	2167	CM084263.1_rotation_1_offset_3626	1852	0.977862	0
SRR27841065.1003691	13767	CM084263.1_rotation_2_offset_7252	13835	0.589808	0
SRR27841065.1003691	13767	CM084263.1_rotation_1_offset_3626	13835	0.589808	0
SRR27841065.1003691	13767	CM084263.1_rotation_0_offset_0	6429	0.985845	0
SRR27841065.1003691	13767	CM084263.1_rotation_3_offset_10878	11045	0.491354	0
SRR27841065.1006766	4141	CM084263.1_rotation_0_offset_0	3951	0.942546	0
SRR27841065.1006766	4141	CM084263.1_rotation_3_offset_10878	3951	0.942546	0
SRR27841065.1006766	4141	CM084263.1_rotation_2_offset_7252	3951	0.942546	0
SRR27841065.1006766	4141	CM084263.1_rotation_1_offset_3626	3661	0.942912	0
SRR27841065.1007284	605	CM084263.1_rotation_2_offset_7252	630	0.941270	0
SRR27841065.1007284	605	CM084263.1_rotation_1_offset_3626	630	0.941270	0
SRR27841065.1007284	605	CM084263.1_rotation_3_offset_10878	630	0.941270	0
SRR27841065.1007284	605	CM084263.1_rotation_0_offset_0	630	0.941270	0
SRR27841065.1011598	794	CM084263.1_rotation_3_offset_10878	830	0.886747	0
SRR27841065.1011598	794	CM084263.1_rotation_0_offset_0	830	0.886747	0
SRR27841065.1011598	794	CM084263.1_rotation_1_offset_3626	830	0.886747	0
SRR27841065.1011598	794	CM084263.1_rotation_2_offset_7252	830	0.886747	0
SRR27841065.1017618	1115	CM084263.1_rotation_0_offset_0	1124	0.976868	0
SRR27841065.1017618	1115	CM084263.1_rotation_3_offset_10878	1124	0.976868	0
SRR27841065.1017618	1115	CM084263.1_rotation_1_offset_3626	1124	0.976868	0
SRR27841065.1017618	1115	CM084263.1_rotation_2_offset_7252	1124	0.976868	0
SRR27841065.1021577	3379	CM084263.1_rotation_3_offset_10878	3079	0.958103	0
SRR27841065.1021577	3379	CM084263.1_rotation_2_offset_7252	3079	0.958103	0
SRR27841065.1021577	3379	CM084263.1_rotation_0_offset_0	3079	0.958103	0
SRR27841065.1021577	3379	CM084263.1_rotation_1_offset_3626	3079	0.958103	0
SRR27841065.1027158	409	CM084263.1_rotation_1_offset_3626	414	0.968599	0
SRR27841065.1027158	409	CM084263.1_rotation_2_offset_7252	414	0.968599	0
SRR27841065.1027158	409	CM084263.1_rotation_3_offset_10878	414	0.968599	0
SRR27841065.1027158	409	CM084263.1_rotation_0_offset_0	414	0.968599	0
SRR27841065.1027584	1504	CM084263.1_rotation_3_offset_10878	1517	0.978247	0
SRR27841065.1027584	1504	CM084263.1_rotation_0_offset_0	1517	0.978247	0
SRR27841065.1027584	1504	CM084263.1_rotation_1_offset_3626	1517	0.978247	0
SRR27841065.1027584	1504	CM084263.1_rotation_2_offset_7252	1517	0.978247	0
SRR27841065.1033045	3794	CM084263.1_rotation_3_offset_10878	3849	0.964147	0
SRR27841065.1033045	3794	CM084263.1_rotation_1_offset_3626	3849	0.964147	0
SRR27841065.1033045	3794	CM084263.1_rotation_0_offset_0	3849	0.964147	0
SRR27841065.1033045	3794	CM084263.1_rotation_2_offset_7252	3004	0.963715	0
SRR27841065.1036558	925	CM084263.1_rotation_0_offset_0	941	0.934113	0
SRR27841065.1036558	925	CM084263.1_rotation_1_offset_3626	941	0.934113	0
SRR27841065.1036558	925	CM084263.1_rotation_2_offset_7252	941	0.934113	0
SRR27841065.1036558	925	CM084263.1_rotation_3_offset_10878	941	0.934113	0
SRR27841065.1042735	2671	CM084263.1_rotation_1_offset_3626	2692	0.971768	0
SRR27841065.1042735	2671	CM084263.1_rotation_3_offset_10878	2692	0.971768	0
SRR27841065.1042735	2671	CM084263.1_rotation_0_offset_0	2692	0.971768	0
SRR27841065.1042735	2671	CM084263.1_rotation_2_offset_7252	2627	0.971070	0
SRR27841065.1043442	788	CM084263.1_rotation_2_offset_7252	753	0.880478	0
SRR27841065.1043442	788	CM084263.1_rotation_3_offset_10878	753	0.880478	0
SRR27841065.1043442	788	CM084263.1_rotation_1_offset_3626	753	0.880478	0
SRR27841065.1043442	788	CM084263.1_rotation_0_offset_0	753	0.880478	0
SRR27841065.1046378	737	CM084263.1_rotation_3_offset_10878	741	0.974359	0
SRR27841065.1046378	737	CM084263.1_rotation_0_offset_0	741	0.974359	0
SRR27841065.1046378	737	CM084263.1_rotation_2_offset_7252	741	0.974359	0
SRR27841065.1046378	737	CM084263.1_rotation_1_offset_3626	741	0.974359	0
SRR27841065.1046849	597	CM084263.1_rotation_3_offset_10878	598	0.986622	0
SRR27841065.1046849	597	CM084263.1_rotation_0_offset_0	598	0.986622	0
SRR27841065.1046849	597	CM084263.1_rotation_1_offset_3626	598	0.986622	0
SRR27841065.1046849	597	CM084263.1_rotation_2_offset_7252	598	0.986622	0
SRR27841065.1051779	1471	CM084263.1_rotation_0_offset_0	1484	0.978437	0
SRR27841065.1051779	1471	CM084263.1_rotation_2_offset_7252	1484	0.978437	0
SRR27841065.1051779	1471	CM084263.1_rotation_3_offset_10878	1484	0.978437	0
SRR27841065.1057801	1342	CM084263.1_rotation_1_offset_3626	92	0.956522	0
SRR27841065.1057801	1342	CM084263.1_rotation_2_offset_7252	92	0.956522	0
SRR27841065.1057801	1342	CM084263.1_rotation_0_offset_0	92	0.956522	0
SRR27841065.1057801	1342	CM084263.1_rotation_3_offset_10878	92	0.956522	0
SRR27841065.1057801	1342	CM084263.1_rotation_2_offset_7252	91	0.945055	1
SRR27841065.1057801	1342	CM084263.1_rotation_0_offset_0	91	0.945055	0
SRR27841065.1057801	1342	CM084263.1_rotation_1_offset_3626	91	0.945055	0
SRR27841065.1057801	1342	CM084263.1_rotation_3_offset_10878	91	0.945055	0
SRR27841065.1057801	1342	CM084263.1_rotation_1_offset_3626	70	0.914286	0
SRR27841065.1057801	1342	CM084263.1_rotation_3_offset_10878	70	0.914286	0
SRR27841065.1057801	1342	CM084263.1_rotation_2_offset_7252	70	0.914286	0
SRR27841065.1057801	1342	CM084263.1_rotation_0_offset_0	70	0.914286	0
SRR27841065.1058111	976	CM084263.1_rotation_1_offset_3626	982	0.975560	0
SRR27841065.1058111	976	CM084263.1_rotation_0_offset_0	982	0.975560	0
SRR27841065.1058111	976	CM084263.1_rotation_2_offset_7252	982	0.975560	0
SRR27841065.1058111	976	CM084263.1_rotation_3_offset_10878	982	0.975560	0
SRR27841065.1058264	1908	CM084263.1_rotation_0_offset_0	1819	0.876855	0
SRR27841065.1058264	1908	CM084263.1_rotation_2_offset_7252	1819	0.876855	0
SRR27841065.1058264	1908	CM084263.1_rotation_3_offset_10878	1819	0.876855	0
SRR27841065.1058264	1908	CM084263.1_rotation_1_offset_3626	690	0.960870	0
SRR27841065.1063461	1421	CM084263.1_rotation_1_offset_3626	1429	0.976207	0
SRR27841065.1063461	1421	CM084263.1_rotation_2_offset_7252	1429	0.976207	0
SRR27841065.1063461	1421	CM084263.1_rotation_0_offset_0	1429	0.976207	0
SRR27841065.1063461	1421	CM084263.1_rotation_3_offset_10878	1429	0.976207	0
SRR27841065.1065190	6437	CM084263.1_rotation_1_offset_3626	3007	0.983705	0
SRR27841065.1065190	6437	CM084263.1_rotation_0_offset_0	3007	0.983705	0
SRR27841065.1065190	6437	CM084263.1_rotation_2_offset_7252	3007	0.983705	0
SRR27841065.1065190	6437	CM084263.1_rotation_3_offset_10878	3007	0.983705	0
SRR27841065.1065190	6437	CM084263.1_rotation_0_offset_0	91	1.000000	0
SRR27841065.1065190	6437	CM084263.1_rotation_1_offset_3626	91	1.000000	0
SRR27841065.1065190	6437	CM084263.1_rotation_0_offset_0	91	1.000000	60
SRR27841065.1065190	6437	CM084263.1_rotation_0_offset_0	91	1.000000	0
SRR27841065.1065190	6437	CM084263.1_rotation_3_offset_10878	91	1.000000	0
SRR27841065.1065190	6437	CM084263.1_rotation_2_offset_7252	91	1.000000	0
SRR27841065.1065190	6437	CM084263.1_rotation_1_offset_3626	91	1.000000	0
SRR27841065.1065190	6437	CM084263.1_rotation_3_offset_10878	91	1.000000	0
SRR27841065.1065190	6437	CM084263.1_rotation_2_offset_7252	91	1.000000	0
SRR27841065.1065190	6437	CM084263.1_rotation_0_offset_0	92	0.989130	60
SRR27841065.1065190	6437	CM084263.1_rotation_0_offset_0	91	0.978022	60
SRR27841065.1065190	6437	CM084263.1_rotation_0_offset_0	91	0.967033	22
SRR27841065.1065190	6437	CM084263.1_rotation_0_offset_0	78	0.974359	21
SRR27841065.1073117	1479	CM084263.1_rotation_2_offset_7252	91	0.989011	0
SRR27841065.1073117	1479	CM084263.1_rotation_1_offset_3626	91	0.989011	0
SRR27841065.1073117	1479	CM084263.1_rotation_0_offset_0	91	0.989011	0
SRR27841065.1073117	1479	CM084263.1_rotation_3_offset_10878	91	0.989011	0
SRR27841065.1073117	1479	CM084263.1_rotation_3_offset_10878	91	0.956044	0
SRR27841065.1073117	1479	CM084263.1_rotation_1_offset_3626	91	0.956044	0
SRR27841065.1073117	1479	CM084263.1_rotation_2_offset_7252	91	0.956044	0
SRR27841065.1073117	1479	CM084263.1_rotation_0_offset_0	91	0.956044	0
SRR27841065.1073117	1479	CM084263.1_rotation_0_offset_0	88	0.977273	37
SRR27841065.1073117	1479	CM084263.1_rotation_0_offset_0	91	0.945055	39
SRR27841065.1073117	1479	CM084263.1_rotation_3_offset_10878	82	0.975610	0
SRR27841065.1073117	1479	CM084263.1_rotation_2_offset_7252	82	0.975610	0
SRR27841065.1073117	1479	CM084263.1_rotation_1_offset_3626	82	0.975610	0
SRR27841065.1073117	1479	CM084263.1_rotation_0_offset_0	82	0.975610	0
SRR27841065.1073117	1479	CM084263.1_rotation_1_offset_3626	75	1.000000	0
SRR27841065.1073117	1479	CM084263.1_rotation_0_offset_0	75	1.000000	0
SRR27841065.1073117	1479	CM084263.1_rotation_2_offset_7252	75	1.000000	0
SRR27841065.1073117	1479	CM084263.1_rotation_3_offset_10878	75	1.000000	0
SRR27841065.1073322	4492	CM084263.1_rotation_1_offset_3626	2349	0.942103	0
SRR27841065.1073322	4492	CM084263.1_rotation_2_offset_7252	2349	0.942103	0
SRR27841065.1073322	4492	CM084263.1_rotation_3_offset_10878	2349	0.942103	0
SRR27841065.1073322	4492	CM084263.1_rotation_0_offset_0	2291	0.948931	0
SRR27841065.1073322	4492	CM084263.1_rotation_3_offset_10878	511	0.373777	0
SRR27841065.1073322	4492	CM084263.1_rotation_1_offset_3626	511	0.373777	0
SRR27841065.1073322	4492	CM084263.1_rotation_2_offset_7252	511	0.373777	0
SRR27841065.1073322	4492	CM084263.1_rotation_1_offset_3626	144	0.861111	0
SRR27841065.1073322	4492	CM084263.1_rotation_3_offset_10878	144	0.861111	0
SRR27841065.1073322	4492	CM084263.1_rotation_2_offset_7252	144	0.861111	0
SRR27841065.1073322	4492	CM084263.1_rotation_1_offset_3626	91	1.000000	0
SRR27841065.1073322	4492	CM084263.1_rotation_3_offset_10878	91	1.000000	0
SRR27841065.1073322	4492	CM084263.1_rotation_0_offset_0	91	1.000000	60
SRR27841065.1073322	4492	CM084263.1_rotation_0_offset_0	91	1.000000	0
SRR27841065.1073322	4492	CM084263.1_rotation_2_offset_7252	91	1.000000	0
SRR27841065.1073322	4492	CM084263.1_rotation_3_offset_10878	91	0.978022	1
SRR27841065.1073322	4492	CM084263.1_rotation_2_offset_7252	91	0.978022	0
SRR27841065.1073322	4492	CM084263.1_rotation_0_offset_0	91	0.978022	0
SRR27841065.1073322	4492	CM084263.1_rotation_1_offset_3626	91	0.978022	0
SRR27841065.1073322	4492	CM084263.1_rotation_0_offset_0	93	0.978495	0
SRR27841065.1073322	4492	CM084263.1_rotation_0_offset_0	94	0.968085	0
SRR27841065.1073322	4492	CM084263.1_rotation_0_offset_0	89	0.977528	50
SRR27841065.1073322	4492	CM084263.1_rotation_0_offset_0	101	0.891089	0
SRR27841065.1076618	931	CM084263.1_rotation_0_offset_0	343	0.979592	0
SRR27841065.1076618	931	CM084263.1_rotation_3_offset_10878	343	0.979592	0
SRR27841065.1076618	931	CM084263.1_rotation_1_offset_3626	343	0.979592	0
SRR27841065.1076618	931	CM084263.1_rotation_2_offset_7252	343	0.979592	0
SRR27841065.1082246	982	CM084263.1_rotation_0_offset_0	91	0.978022	0
SRR27841065.1082246	982	CM084263.1_rotation_1_offset_3626	91	0.978022	0
SRR27841065.1082246	982	CM084263.1_rotation_2_offset_7252	91	0.978022	0
SRR27841065.1082246	982	CM084263.1_rotation_3_offset_10878	91	0.978022	0
SRR27841065.1082246	982	CM084263.1_rotation_0_offset_0	95	0.947368	1
SRR27841065.1082246	982	CM084263.1_rotation_1_offset_3626	95	0.947368	0
SRR27841065.1082246	982	CM084263.1_rotation_2_offset_7252	95	0.947368	0
SRR27841065.1082246	982	CM084263.1_rotation_3_offset_10878	95	0.947368	0
SRR27841065.1082465	7136	CM084263.1_rotation_3_offset_10878	5609	0.969513	0
SRR27841065.1082465	7136	CM084263.1_rotation_0_offset_0	5609	0.969513	0
SRR27841065.1082465	7136	CM084263.1_rotation_2_offset_7252	5609	0.969513	0
SRR27841065.1082465	7136	CM084263.1_rotation_1_offset_3626	3633	0.968070	0
SRR27841065.1082465	7136	CM084263.1_rotation_0_offset_0	91	1.000000	0
SRR27841065.1082465	7136	CM084263.1_rotation_3_offset_10878	91	1.000000	0
SRR27841065.1082465	7136	CM084263.1_rotation_1_offset_3626	91	1.000000	0
SRR27841065.1082465	7136	CM084263.1_rotation_2_offset_7252	91	1.000000	0
SRR27841065.1082465	7136	CM084263.1_rotation_0_offset_0	91	0.956044	57
SRR27841065.1082465	7136	CM084263.1_rotation_2_offset_7252	92	0.967391	0
SRR27841065.1082465	7136	CM084263.1_rotation_0_offset_0	92	0.967391	0
SRR27841065.1082465	7136	CM084263.1_rotation_1_offset_3626	92	0.967391	0
SRR27841065.1082465	7136	CM084263.1_rotation_3_offset_10878	92	0.967391	0
SRR27841065.1084394	6303	CM084263.1_rotation_3_offset_10878	3580	0.983240	0
SRR27841065.1084394	6303	CM084263.1_rotation_1_offset_3626	3580	0.983240	0
SRR27841065.1084394	6303	CM084263.1_rotation_2_offset_7252	3580	0.983240	0
SRR27841065.1084394	6303	CM084263.1_rotation_0_offset_0	3580	0.983240	0
SRR27841065.1084394	6303	CM084263.1_rotation_0_offset_0	91	1.000000	60
SRR27841065.1084394	6303	CM084263.1_rotation_3_offset_10878	91	1.000000	0
SRR27841065.1084394	6303	CM084263.1_rotation_2_offset_7252	91	1.000000	0
SRR27841065.1084394	6303	CM084263.1_rotation_0_offset_0	91	1.000000	0
SRR27841065.1084394	6303	CM084263.1_rotation_1_offset_3626	91	1.000000	0
SRR27841065.1084394	6303	CM084263.1_rotation_0_offset_0	91	1.000000	60
SRR27841065.1084394	6303	CM084263.1_rotation_0_offset_0	91	0.989011	45
SRR27841065.1084394	6303	CM084263.1_rotation_2_offset_7252	97	0.896907	1
SRR27841065.1084394	6303	CM084263.1_rotation_0_offset_0	88	0.977273	0
SRR27841065.1084394	6303	CM084263.1_rotation_3_offset_10878	88	0.977273	0
SRR27841065.1084394	6303	CM084263.1_rotation_2_offset_7252	88	0.977273	0
SRR27841065.1084394	6303	CM084263.1_rotation_1_offset_3626	88	0.977273	0
SRR27841065.1084394	6303	CM084263.1_rotation_0_offset_0	94	0.957447	15
SRR27841065.1089433	824	CM084263.1_rotation_1_offset_3626	832	0.978365	0
SRR27841065.1089433	824	CM084263.1_rotation_2_offset_7252	832	0.978365	0
SRR27841065.1089433	824	CM084263.1_rotation_0_offset_0	832	0.978365	0
SRR27841065.1089433	824	CM084263.1_rotation_3_offset_10878	832	0.978365	0
SRR27841065.1100974	3105	CM084263.1_rotation_2_offset_7252	3133	0.970316	0
SRR27841065.1100974	3105	CM084263.1_rotation_0_offset_0	3133	0.970316	0
SRR27841065.1100974	3105	CM084263.1_rotation_3_offset_10878	3133	0.970316	0
SRR27841065.1100974	3105	CM084263.1_rotation_1_offset_3626	3133	0.970316	0
SRR27841065.1103039	491	CM084263.1_rotation_0_offset_0	495	0.949495	0
SRR27841065.1103039	491	CM084263.1_rotation_2_offset_7252	495	0.949495	0
SRR27841065.1103039	491	CM084263.1_rotation_3_offset_10878	495	0.949495	0
SRR27841065.1103039	491	CM084263.1_rotation_1_offset_3626	495	0.949495	0
SRR27841065.1109456	15136	CM084263.1_rotation_1_offset_3626	14341	0.804407	33
SRR27841065.1109456	15136	CM084263.1_rotation_2_offset_7252	14383	0.803796	0
SRR27841065.1109456	15136	CM084263.1_rotation_0_offset_0	8216	0.976388	0
SRR27841065.1109456	15136	CM084263.1_rotation_3_offset_10878	10741	0.746113	0
SRR27841065.1109456	15136	CM084263.1_rotation_1_offset_3626	948	0.976793	60
SRR27841065.1117543	14916	CM084263.1_rotation_3_offset_10878	7826	0.824431	0
SRR27841065.1117543	14916	CM084263.1_rotation_0_offset_0	7826	0.824431	0
SRR27841065.1117543	14916	CM084263.1_rotation_2_offset_7252	7688	0.824402	0
SRR27841065.1117543	14916	CM084263.1_rotation_1_offset_3626	4029	0.812857	0
SRR27841065.1117543	14916	CM084263.1_rotation_0_offset_0	1189	0.847771	0
SRR27841065.1117543	14916	CM084263.1_rotation_3_offset_10878	1189	0.847771	0
SRR27841065.1117543	14916	CM084263.1_rotation_2_offset_7252	1189	0.847771	0
SRR27841065.1117543	14916	CM084263.1_rotation_1_offset_3626	1189	0.847771	0
SRR27841065.1117543	14916	CM084263.1_rotation_2_offset_7252	91	0.967033	0
SRR27841065.1117543	14916	CM084263.1_rotation_3_offset_10878	91	0.967033	0
SRR27841065.1117543	14916	CM084263.1_rotation_1_offset_3626	91	0.967033	0
SRR27841065.1117543	14916	CM084263.1_rotation_0_offset_0	89	0.966292	0
SRR27841065.1117543	14916	CM084263.1_rotation_1_offset_3626	92	0.956522	0
SRR27841065.1117543	14916	CM084263.1_rotation_3_offset_10878	92	0.956522	0
SRR27841065.1117543	14916	CM084263.1_rotation_2_offset_7252	92	0.956522	0
SRR27841065.1117543	14916	CM084263.1_rotation_0_offset_0	92	0.956522	0
SRR27841065.1117543	14916	CM084263.1_rotation_1_offset_3626	94	0.925532	0
SRR27841065.1117543	14916	CM084263.1_rotation_2_offset_7252	94	0.925532	0
SRR27841065.1117543	14916	CM084263.1_rotation_3_offset_10878	94	0.925532	0
SRR27841065.1117543	14916	CM084263.1_rotation_0_offset_0	92	0.923913	0
SRR27841065.1117543	14916	CM084263.1_rotation_0_offset_0	91	0.923077	7
SRR27841065.1117543	14916	CM084263.1_rotation_0_offset_0	83	0.927711	20
SRR27841065.1117543	14916	CM084263.1_rotation_3_offset_10878	80	0.937500	0
SRR27841065.1117543	14916	CM084263.1_rotation_0_offset_0	80	0.937500	0
SRR27841065.1117543	14916	CM084263.1_rotation_1_offset_3626	80	0.937500	0
SRR27841065.1117543	14916	CM084263.1_rotation_2_offset_7252	80	0.937500	0
SRR27841065.1117543	14916	CM084263.1_rotation_0_offset_0	77	0.935065	4
SRR27841065.1120618	70627	CM084263.1_rotation_2_offset_7252	299	0.886288	0
SRR27841065.1120618	70627	CM084263.1_rotation_1_offset_3626	299	0.886288	0
SRR27841065.1120618	70627	CM084263.1_rotation_3_offset_10878	299	0.886288	0
SRR27841065.1120618	70627	CM084263.1_rotation_0_offset_0	299	0.886288	0
SRR27841065.1131543	637	CM084263.1_rotation_3_offset_10878	641	0.982839	0
SRR27841065.1131543	637	CM084263.1_rotation_2_offset_7252	641	0.982839	0
SRR27841065.1131543	637	CM084263.1_rotation_0_offset_0	641	0.982839	0
SRR27841065.1131543	637	CM084263.1_rotation_1_offset_3626	641	0.982839	0
SRR27841065.1131771	1016	CM084263.1_rotation_3_offset_10878	1020	0.949020	0
SRR27841065.1131771	1016	CM084263.1_rotation_2_offset_7252	1020	0.949020	0
SRR27841065.1131771	1016	CM084263.1_rotation_0_offset_0	1020	0.949020	0
SRR27841065.1131771	1016	CM084263.1_rotation_1_offset_3626	1020	0.949020	0
SRR27841065.1131892	796	CM084263.1_rotation_0_offset_0	845	0.841420	0
SRR27841065.1131892	796	CM084263.1_rotation_3_offset_10878	845	0.841420	0
SRR27841065.1131892	796	CM084263.1_rotation_1_offset_3626	845	0.841420	0
SRR27841065.1131892	796	CM084263.1_rotation_2_offset_7252	845	0.841420	0
SRR27841065.1132312	1111	CM084263.1_rotation_2_offset_7252	489	0.380368	0
SRR27841065.1132312	1111	CM084263.1_rotation_3_offset_10878	489	0.380368	0
SRR27841065.1132312	1111	CM084263.1_rotation_1_offset_3626	489	0.380368	0
SRR27841065.1132312	1111	CM084263.1_rotation_3_offset_10878	91	1.000000	0
SRR27841065.1132312	1111	CM084263.1_rotation_2_offset_7252	91	1.000000	0
SRR27841065.1132312	1111	CM084263.1_rotation_0_offset_0	91	1.000000	0
SRR27841065.1132312	1111	CM084263.1_rotation_1_offset_3626	91	1.000000	0
SRR27841065.1132312	1111	CM084263.1_rotation_0_offset_0	91	0.978022	0
SRR27841065.1132312	1111	CM084263.1_rotation_0_offset_0	89	0.977528	0
SRR27841065.1132312	1111	CM084263.1_rotation_0_offset_0	91	0.956044	51
SRR27841065.1132312	1111	CM084263.1_rotation_1_offset_3626	87	0.954023	1
SRR27841065.1132312	1111	CM084263.1_rotation_2_offset_7252	87	0.954023	0
SRR27841065.1132312	1111	CM084263.1_rotation_0_offset_0	87	0.954023	0
SRR27841065.1132312	1111	CM084263.1_rotation_3_offset_10878	87	0.954023	0
SRR27841065.1132312	1111	CM084263.1_rotation_0_offset_0	68	1.000000	43
SRR27841065.1132312	1111	CM084263.1_rotation_3_offset_10878	68	1.000000	0
SRR27841065.1132312	1111	CM084263.1_rotation_1_offset_3626	68	1.000000	0
SRR27841065.1132312	1111	CM084263.1_rotation_2_offset_7252	68	1.000000	0
SRR27841065.1133763	4513	CM084263.1_rotation_0_offset_0	3362	0.939024	0
SRR27841065.1133763	4513	CM084263.1_rotation_3_offset_10878	3362	0.939024	0
SRR27841065.1133763	4513	CM084263.1_rotation_2_offset_7252	3362	0.939024	0
SRR27841065.1133763	4513	CM084263.1_rotation_1_offset_3626	3362	0.939024	0
SRR27841065.1133763	4513	CM084263.1_rotation_0_offset_0	97	0.886598	14
SRR27841065.1135065	10554	CM084263.1_rotation_0_offset_0	5829	0.982330	0
SRR27841065.1135065	10554	CM084263.1_rotation_3_offset_10878	5829	0.982330	0
SRR27841065.1135065	10554	CM084263.1_rotation_1_offset_3626	5085	0.984857	0
SRR27841065.1135065	10554	CM084263.1_rotation_2_offset_7252	4388	0.983592	0
SRR27841065.1135065	10554	CM084263.1_rotation_0_offset_0	5784	0.750346	0
SRR27841065.1135065	10554	CM084263.1_rotation_3_offset_10878	5784	0.750346	0
SRR27841065.1135065	10554	CM084263.1_rotation_1_offset_3626	5172	0.753480	0
SRR27841065.1135065	10554	CM084263.1_rotation_2_offset_7252	4296	0.733473	0
SRR27841065.1136962	887	CM084263.1_rotation_0_offset_0	881	0.984109	0
SRR27841065.1136962	887	CM084263.1_rotation_1_offset_3626	881	0.984109	0
SRR27841065.1136962	887	CM084263.1_rotation_3_offset_10878	881	0.984109	0
SRR27841065.1136962	887	CM084263.1_rotation_2_offset_7252	551	0.980036	0
SRR27841065.1137818	751	CM084263.1_rotation_0_offset_0	754	0.985411	0
SRR27841065.1137818	751	CM084263.1_rotation_2_offset_7252	754	0.985411	0
SRR27841065.1137818	751	CM084263.1_rotation_3_offset_10878	754	0.985411	0
SRR27841065.1137818	751	CM084263.1_rotation_1_offset_3626	754	0.985411	0
SRR27841065.1142806	4327	CM084263.1_rotation_3_offset_10878	2561	0.681765	0
SRR27841065.1142806	4327	CM084263.1_rotation_1_offset_3626	2561	0.681765	0
SRR27841065.1142806	4327	CM084263.1_rotation_2_offset_7252	2561	0.681765	0
SRR27841065.1142806	4327	CM084263.1_rotation_3_offset_10878	1726	0.958285	0
SRR27841065.1142806	4327	CM084263.1_rotation_1_offset_3626	1726	0.958285	0
SRR27841065.1142806	4327	CM084263.1_rotation_0_offset_0	1726	0.958285	0
SRR27841065.1142806	4327	CM084263.1_rotation_2_offset_7252	1726	0.958285	0
SRR27841065.1142806	4327	CM084263.1_rotation_3_offset_10878	483	0.380952	0
SRR27841065.1142806	4327	CM084263.1_rotation_2_offset_7252	483	0.380952	0
SRR27841065.1142806	4327	CM084263.1_rotation_1_offset_3626	483	0.380952	0
SRR27841065.1142806	4327	CM084263.1_rotation_0_offset_0	91	0.989011	0
SRR27841065.1142806	4327	CM084263.1_rotation_3_offset_10878	91	0.989011	0
SRR27841065.1142806	4327	CM084263.1_rotation_1_offset_3626	91	0.989011	0
SRR27841065.1142806	4327	CM084263.1_rotation_0_offset_0	92	0.989130	0
SRR27841065.1142806	4327	CM084263.1_rotation_1_offset_3626	92	0.989130	0
SRR27841065.1142806	4327	CM084263.1_rotation_2_offset_7252	92	0.989130	0
SRR27841065.1142806	4327	CM084263.1_rotation_2_offset_7252	91	0.989011	0
SRR27841065.1142806	4327	CM084263.1_rotation_3_offset_10878	92	0.989130	0
SRR27841065.1142806	4327	CM084263.1_rotation_0_offset_0	87	0.977011	49
SRR27841065.1142806	4327	CM084263.1_rotation_3_offset_10878	90	0.966667	1
SRR27841065.1142806	4327	CM084263.1_rotation_1_offset_3626	90	0.966667	0
SRR27841065.1142806	4327	CM084263.1_rotation_0_offset_0	90	0.966667	0
SRR27841065.1142806	4327	CM084263.1_rotation_2_offset_7252	90	0.966667	0
SRR27841065.1142806	4327	CM084263.1_rotation_0_offset_0	91	0.967033	0
SRR27841065.1142806	4327	CM084263.1_rotation_0_offset_0	93	0.924731	0
SRR27841065.1142806	4327	CM084263.1_rotation_0_offset_0	75	0.973333	33
SRR27841065.1143758	1169	CM084263.1_rotation_0_offset_0	91	0.956044	0
SRR27841065.1143758	1169	CM084263.1_rotation_2_offset_7252	91	0.956044	0
SRR27841065.1143758	1169	CM084263.1_rotation_1_offset_3626	91	0.956044	0
SRR27841065.1143758	1169	CM084263.1_rotation_3_offset_10878	91	0.956044	0
SRR27841065.1143758	1169	CM084263.1_rotation_2_offset_7252	91	0.967033	0
SRR27841065.1143758	1169	CM084263.1_rotation_1_offset_3626	91	0.967033	0
SRR27841065.1143758	1169	CM084263.1_rotation_3_offset_10878	91	0.967033	0
SRR27841065.1143758	1169	CM084263.1_rotation_0_offset_0	91	0.967033	0
SRR27841065.1143758	1169	CM084263.1_rotation_3_offset_10878	88	0.920455	0
SRR27841065.1143758	1169	CM084263.1_rotation_0_offset_0	88	0.920455	0
SRR27841065.1143758	1169	CM084263.1_rotation_1_offset_3626	88	0.920455	0
SRR27841065.1143758	1169	CM084263.1_rotation_2_offset_7252	88	0.920455	0
SRR27841065.1143758	1169	CM084263.1_rotation_0_offset_0	90	0.766667	1
SRR27841065.1143758	1169	CM084263.1_rotation_3_offset_10878	90	0.766667	0
SRR27841065.1143758	1169	CM084263.1_rotation_2_offset_7252	90	0.766667	0
SRR27841065.1143758	1169	CM084263.1_rotation_1_offset_3626	90	0.766667	0
SRR27841065.1148681	939	CM084263.1_rotation_1_offset_3626	516	0.932171	0
SRR27841065.1148681	939	CM084263.1_rotation_2_offset_7252	516	0.932171	0
SRR27841065.1148681	939	CM084263.1_rotation_3_offset_10878	516	0.932171	0
SRR27841065.1148681	939	CM084263.1_rotation_0_offset_0	464	0.965517	0
SRR27841065.1148681	939	CM084263.1_rotation_3_offset_10878	478	0.759414	0
SRR27841065.1148681	939	CM084263.1_rotation_2_offset_7252	478	0.759414	0
SRR27841065.1148681	939	CM084263.1_rotation_1_offset_3626	478	0.759414	0
SRR27841065.1148681	939	CM084263.1_rotation_0_offset_0	478	0.759414	0
SRR27841065.1155665	738	CM084263.1_rotation_0_offset_0	93	0.924731	0
SRR27841065.1155665	738	CM084263.1_rotation_2_offset_7252	93	0.924731	0
SRR27841065.1155665	738	CM084263.1_rotation_3_offset_10878	93	0.924731	0
SRR27841065.1155665	738	CM084263.1_rotation_1_offset_3626	93	0.924731	0
SRR27841065.1155665	738	CM084263.1_rotation_1_offset_3626	91	0.956044	0
SRR27841065.1155665	738	CM084263.1_rotation_3_offset_10878	91	0.956044	0
SRR27841065.1155665	738	CM084263.1_rotation_2_offset_7252	91	0.956044	0
SRR27841065.1155665	738	CM084263.1_rotation_0_offset_0	91	0.956044	0
SRR27841065.1158801	1839	CM084263.1_rotation_0_offset_0	1853	0.973556	0
SRR27841065.1158801	1839	CM084263.1_rotation_2_offset_7252	1853	0.973556	0
SRR27841065.1158801	1839	CM084263.1_rotation_1_offset_3626	1853	0.973556	0
SRR27841065.1158801	1839	CM084263.1_rotation_3_offset_10878	1853	0.973556	0
SRR27841065.1160722	5065	CM084263.1_rotation_0_offset_0	5103	0.980404	0
SRR27841065.1160722	5065	CM084263.1_rotation_2_offset_7252	5103	0.980404	0
SRR27841065.1160722	5065	CM084263.1_rotation_1_offset_3626	5103	0.980404	0
SRR27841065.1160722	5065	CM084263.1_rotation_3_offset_10878	3297	0.981195	0
SRR27841065.1165236	862	CM084263.1_rotation_1_offset_3626	882	0.955782	0
SRR27841065.1165236	862	CM084263.1_rotation_0_offset_0	882	0.955782	0
SRR27841065.1165236	862	CM084263.1_rotation_3_offset_10878	882	0.955782	0
SRR27841065.1165236	862	CM084263.1_rotation_2_offset_7252	882	0.955782	0
SRR27841065.1171123	3925	CM084263.1_rotation_0_offset_0	3970	0.969270	0
SRR27841065.1171123	3925	CM084263.1_rotation_3_offset_10878	3970	0.969270	0
SRR27841065.1171123	3925	CM084263.1_rotation_1_offset_3626	3970	0.969270	0
SRR27841065.1171123	3925	CM084263.1_rotation_2_offset_7252	3637	0.968106	0
SRR27841065.1179656	2569	CM084263.1_rotation_0_offset_0	91	1.000000	0
SRR27841065.1179656	2569	CM084263.1_rotation_3_offset_10878	91	1.000000	0
SRR27841065.1179656	2569	CM084263.1_rotation_3_offset_10878	91	1.000000	0
SRR27841065.1179656	2569	CM084263.1_rotation_0_offset_0	91	1.000000	0
SRR27841065.1179656	2569	CM084263.1_rotation_1_offset_3626	91	1.000000	0
SRR27841065.1179656	2569	CM084263.1_rotation_2_offset_7252	91	1.000000	0
SRR27841065.1179656	2569	CM084263.1_rotation_2_offset_7252	91	1.000000	0
SRR27841065.1179656	2569	CM084263.1_rotation_1_offset_3626	91	1.000000	0
SRR27841065.1179656	2569	CM084263.1_rotation_3_offset_10878	89	0.977528	1
SRR27841065.1179656	2569	CM084263.1_rotation_0_offset_0	89	0.977528	0
SRR27841065.1179656	2569	CM084263.1_rotation_2_offset_7252	89	0.977528	0
SRR27841065.1179656	2569	CM084263.1_rotation_1_offset_3626	89	0.977528	0
SRR27841065.1179656	2569	CM084263.1_rotation_2_offset_7252	91	0.978022	0
SRR27841065.1179656	2569	CM084263.1_rotation_3_offset_10878	91	0.978022	0
SRR27841065.1179656	2569	CM084263.1_rotation_1_offset_3626	91	0.978022	0
SRR27841065.1179656	2569	CM084263.1_rotation_0_offset_0	91	0.978022	0
SRR27841065.1179656	2569	CM084263.1_rotation_3_offset_10878	87	0.977011	1
SRR27841065.1179656	2569	CM084263.1_rotation_0_offset_0	87	0.977011	0
SRR27841065.1179656	2569	CM084263.1_rotation_2_offset_7252	87	0.977011	0
SRR27841065.1179656	2569	CM084263.1_rotation_1_offset_3626	87	0.977011	0
SRR27841065.1179656	2569	CM084263.1_rotation_0_offset_0	91	0.967033	40
SRR27841065.1179656	2569	CM084263.1_rotation_1_offset_3626	100	0.900000	1
SRR27841065.1179656	2569	CM084263.1_rotation_0_offset_0	100	0.900000	0
SRR27841065.1179656	2569	CM084263.1_rotation_2_offset_7252	100	0.900000	0
SRR27841065.1179656	2569	CM084263.1_rotation_3_offset_10878	100	0.900000	0
SRR27841065.1179656	2569	CM084263.1_rotation_0_offset_0	95	0.905263	23
SRR27841065.1184413	4972	CM084263.1_rotation_3_offset_10878	3629	0.986773	0
SRR27841065.1184413	4972	CM084263.1_rotation_2_offset_7252	3629	0.986773	0
SRR27841065.1184413	4972	CM084263.1_rotation_0_offset_0	3629	0.986773	0
SRR27841065.1184413	4972	CM084263.1_rotation_1_offset_3626	3624	0.986755	0
SRR27841065.1184413	4972	CM084263.1_rotation_3_offset_10878	93	0.967742	0
SRR27841065.1184413	4972	CM084263.1_rotation_0_offset_0	93	0.967742	0
SRR27841065.1184413	4972	CM084263.1_rotation_2_offset_7252	93	0.967742	0
SRR27841065.1184413	4972	CM084263.1_rotation_1_offset_3626	93	0.967742	0
SRR27841065.1184413	4972	CM084263.1_rotation_2_offset_7252	97	0.886598	0
SRR27841065.1184413	4972	CM084263.1_rotation_3_offset_10878	97	0.886598	0
SRR27841065.1184413	4972	CM084263.1_rotation_1_offset_3626	97	0.886598	0
SRR27841065.1184413	4972	CM084263.1_rotation_0_offset_0	92	0.891304	0
SRR27841065.1184413	4972	CM084263.1_rotation_0_offset_0	96	0.895833	1
SRR27841065.1184424	2782	CM084263.1_rotation_0_offset_0	83	0.963855	0
SRR27841065.1184424	2782	CM084263.1_rotation_3_offset_10878	83	0.963855	0
SRR27841065.1184424	2782	CM084263.1_rotation_2_offset_7252	83	0.963855	0
SRR27841065.1184424	2782	CM084263.1_rotation_1_offset_3626	83	0.963855	0
SRR27841065.1184424	2782	CM084263.1_rotation_0_offset_0	93	0.903226	0
SRR27841065.1184424	2782	CM084263.1_rotation_3_offset_10878	93	0.903226	0
SRR27841065.1184424	2782	CM084263.1_rotation_1_offset_3626	93	0.903226	0
SRR27841065.1184424	2782	CM084263.1_rotation_2_offset_7252	93	0.903226	0
SRR27841065.1184424	2782	CM084263.1_rotation_0_offset_0	96	0.895833	1
SRR27841065.1184424	2782	CM084263.1_rotation_2_offset_7252	100	0.820000	1
SRR27841065.1184424	2782	CM084263.1_rotation_1_offset_3626	100	0.820000	0
SRR27841065.1184424	2782	CM084263.1_rotation_3_offset_10878	100	0.820000	0
SRR27841065.1184424	2782	CM084263.1_rotation_0_offset_0	100	0.820000	0
SRR27841065.1184424	2782	CM084263.1_rotation_0_offset_0	62	0.903226	7
SRR27841065.1188603	2586	CM084263.1_rotation_3_offset_10878	2676	0.924888	0
SRR27841065.1188603	2586	CM084263.1_rotation_1_offset_3626	2676	0.924888	0
SRR27841065.1188603	2586	CM084263.1_rotation_0_offset_0	2676	0.924888	0
SRR27841065.1188603	2586	CM084263.1_rotation_2_offset_7252	2676	0.924888	0
SRR27841065.1191332	8840	CM084263.1_rotation_0_offset_0	3334	0.986503	0
SRR27841065.1191332	8840	CM084263.1_rotation_2_offset_7252	3334	0.986503	0
SRR27841065.1191332	8840	CM084263.1_rotation_3_offset_10878	3334	0.986503	0
SRR27841065.1191332	8840	CM084263.1_rotation_1_offset_3626	3334	0.986503	0
SRR27841065.1191332	8840	CM084263.1_rotation_2_offset_7252	493	0.379310	0
SRR27841065.1191332	8840	CM084263.1_rotation_1_offset_3626	493	0.379310	0
SRR27841065.1191332	8840	CM084263.1_rotation_3_offset_10878	493	0.379310	0
SRR27841065.1191332	8840	CM084263.1_rotation_2_offset_7252	91	1.000000	0
SRR27841065.1191332	8840	CM084263.1_rotation_1_offset_3626	91	1.000000	0
SRR27841065.1191332	8840	CM084263.1_rotation_3_offset_10878	91	1.000000	0
SRR27841065.1191332	8840	CM084263.1_rotation_0_offset_0	91	1.000000	0
SRR27841065.1191332	8840	CM084263.1_rotation_1_offset_3626	91	1.000000	0
SRR27841065.1191332	8840	CM084263.1_rotation_0_offset_0	91	1.000000	0
SRR27841065.1191332	8840	CM084263.1_rotation_2_offset_7252	91	1.000000	0
SRR27841065.1191332	8840	CM084263.1_rotation_3_offset_10878	91	1.000000	0
SRR27841065.1191332	8840	CM084263.1_rotation_3_offset_10878	91	0.978022	0
SRR27841065.1191332	8840	CM084263.1_rotation_2_offset_7252	91	0.978022	0
SRR27841065.1191332	8840	CM084263.1_rotation_1_offset_3626	91	0.978022	0
SRR27841065.1191332	8840	CM084263.1_rotation_3_offset_10878	92	0.967391	0
SRR27841065.1191332	8840	CM084263.1_rotation_1_offset_3626	92	0.967391	0
SRR27841065.1191332	8840	CM084263.1_rotation_2_offset_7252	92	0.967391	0
SRR27841065.1191332	8840	CM084263.1_rotation_2_offset_7252	86	0.976744	1
SRR27841065.1191332	8840	CM084263.1_rotation_1_offset_3626	92	0.945652	0
SRR27841065.1191332	8840	CM084263.1_rotation_3_offset_10878	92	0.945652	0
SRR27841065.1191332	8840	CM084263.1_rotation_2_offset_7252	92	0.945652	0
SRR27841065.1191332	8840	CM084263.1_rotation_2_offset_7252	96	0.895833	1
SRR27841065.1191332	8840	CM084263.1_rotation_3_offset_10878	94	0.925532	1
SRR27841065.1192168	8143	CM084263.1_rotation_2_offset_7252	5970	0.963317	0
SRR27841065.1192168	8143	CM084263.1_rotation_3_offset_10878	5970	0.963317	0
SRR27841065.1192168	8143	CM084263.1_rotation_0_offset_0	5911	0.966165	0
SRR27841065.1192168	8143	CM084263.1_rotation_1_offset_3626	3711	0.958232	0
SRR27841065.1192168	8143	CM084263.1_rotation_2_offset_7252	91	1.000000	0
SRR27841065.1192168	8143	CM084263.1_rotation_1_offset_3626	91	1.000000	0
SRR27841065.1192168	8143	CM084263.1_rotation_0_offset_0	91	1.000000	0
SRR27841065.1192168	8143	CM084263.1_rotation_3_offset_10878	91	1.000000	0
SRR27841065.1192168	8143	CM084263.1_rotation_0_offset_0	91	0.989011	45
SRR27841065.1192168	8143	CM084263.1_rotation_3_offset_10878	91	0.978022	0
SRR27841065.1192168	8143	CM084263.1_rotation_0_offset_0	91	0.978022	0
SRR27841065.1192168	8143	CM084263.1_rotation_2_offset_7252	91	0.978022	0
SRR27841065.1192168	8143	CM084263.1_rotation_1_offset_3626	91	0.978022	0
SRR27841065.1192168	8143	CM084263.1_rotation_0_offset_0	89	0.977528	58
SRR27841065.1192168	8143	CM084263.1_rotation_2_offset_7252	89	0.977528	0
SRR27841065.1192168	8143	CM084263.1_rotation_3_offset_10878	89	0.977528	0
SRR27841065.1192168	8143	CM084263.1_rotation_1_offset_3626	89	0.977528	0
SRR27841065.1192168	8143	CM084263.1_rotation_0_offset_0	87	0.988506	38
SRR27841065.1192168	8143	CM084263.1_rotation_0_offset_0	103	0.873786	49
SRR27841065.1192168	8143	CM084263.1_rotation_0_offset_0	95	0.884211	19
SRR27841065.1193523	4570	CM084263.1_rotation_1_offset_3626	4608	0.978516	0
SRR27841065.1193523	4570	CM084263.1_rotation_0_offset_0	4608	0.978516	0
SRR27841065.1193523	4570	CM084263.1_rotation_2_offset_7252	4608	0.978516	0
SRR27841065.1193523	4570	CM084263.1_rotation_3_offset_10878	2999	0.979660	0
SRR27841065.1196787	726	CM084263.1_rotation_3_offset_10878	745	0.942282	0
SRR27841065.1196787	726	CM084263.1_rotation_1_offset_3626	745	0.942282	0
SRR27841065.1196787	726	CM084263.1_rotation_2_offset_7252	745	0.942282	0
SRR27841065.1196787	726	CM084263.1_rotation_0_offset_0	745	0.942282	0
SRR27841065.1211244	2400	CM084263.1_rotation_2_offset_7252	2418	0.980976	0
SRR27841065.1211244	2400	CM084263.1_rotation_0_offset_0	2418	0.980976	0
SRR27841065.1211244	2400	CM084263.1_rotation_1_offset_3626	2418	0.980976	0
SRR27841065.1211244	2400	CM084263.1_rotation_3_offset_10878	1893	0.982039	0
SRR27841065.1225026	884	CM084263.1_rotation_0_offset_0	900	0.965556	0
SRR27841065.1225026	884	CM084263.1_rotation_3_offset_10878	900	0.965556	0
SRR27841065.1225026	884	CM084263.1_rotation_1_offset_3626	900	0.965556	0
SRR27841065.1225026	884	CM084263.1_rotation_2_offset_7252	900	0.965556	0
SRR27841065.1226370	822	CM084263.1_rotation_2_offset_7252	822	0.987835	0
SRR27841065.1226370	822	CM084263.1_rotation_0_offset_0	822	0.987835	0
SRR27841065.1226370	822	CM084263.1_rotation_1_offset_3626	822	0.987835	0
SRR27841065.1226370	822	CM084263.1_rotation_3_offset_10878	451	0.991131	0
SRR27841065.1226886	1208	CM084263.1_rotation_3_offset_10878	1214	0.979407	0
SRR27841065.1226886	1208	CM084263.1_rotation_0_offset_0	1214	0.979407	0
SRR27841065.1226886	1208	CM084263.1_rotation_2_offset_7252	1214	0.979407	0
SRR27841065.1226886	1208	CM084263.1_rotation_1_offset_3626	842	0.971496	0
SRR27841065.1233083	1362	CM084263.1_rotation_3_offset_10878	1368	0.939327	0
SRR27841065.1233083	1362	CM084263.1_rotation_2_offset_7252	1368	0.939327	0
SRR27841065.1233083	1362	CM084263.1_rotation_1_offset_3626	1368	0.939327	0
SRR27841065.1233083	1362	CM084263.1_rotation_0_offset_0	1368	0.939327	0
SRR27841065.1233549	5148	CM084263.1_rotation_3_offset_10878	244	0.967213	0
SRR27841065.1233549	5148	CM084263.1_rotation_0_offset_0	244	0.967213	0
SRR27841065.1233549	5148	CM084263.1_rotation_2_offset_7252	244	0.967213	0
SRR27841065.1233549	5148	CM084263.1_rotation_1_offset_3626	244	0.967213	0
SRR27841065.1233549	5148	CM084263.1_rotation_2_offset_7252	91	1.000000	0
SRR27841065.1233549	5148	CM084263.1_rotation_1_offset_3626	91	1.000000	0
SRR27841065.1233549	5148	CM084263.1_rotation_0_offset_0	91	1.000000	0
SRR27841065.1233549	5148	CM084263.1_rotation_3_offset_10878	91	1.000000	0
SRR27841065.1233549	5148	CM084263.1_rotation_1_offset_3626	91	0.989011	0
SRR27841065.1233549	5148	CM084263.1_rotation_2_offset_7252	91	0.989011	0
SRR27841065.1233549	5148	CM084263.1_rotation_3_offset_10878	91	0.989011	0
SRR27841065.1233549	5148	CM084263.1_rotation_3_offset_10878	92	0.978261	0
SRR27841065.1233549	5148	CM084263.1_rotation_3_offset_10878	91	0.978022	0
SRR27841065.1233549	5148	CM084263.1_rotation_2_offset_7252	92	0.978261	0
SRR27841065.1233549	5148	CM084263.1_rotation_1_offset_3626	91	0.978022	0
SRR27841065.1233549	5148	CM084263.1_rotation_2_offset_7252	91	0.978022	0
SRR27841065.1233549	5148	CM084263.1_rotation_1_offset_3626	92	0.978261	0
SRR27841065.1233549	5148	CM084263.1_rotation_1_offset_3626	92	0.967391	0
SRR27841065.1233549	5148	CM084263.1_rotation_2_offset_7252	92	0.967391	0
SRR27841065.1233549	5148	CM084263.1_rotation_3_offset_10878	92	0.967391	0
SRR27841065.1233549	5148	CM084263.1_rotation_2_offset_7252	97	0.896907	0
SRR27841065.1233549	5148	CM084263.1_rotation_3_offset_10878	97	0.896907	0
SRR27841065.1233549	5148	CM084263.1_rotation_1_offset_3626	97	0.896907	0
SRR27841065.1233549	5148	CM084263.1_rotation_3_offset_10878	87	0.977011	0
SRR27841065.1233549	5148	CM084263.1_rotation_2_offset_7252	87	0.977011	0
SRR27841065.1233549	5148	CM084263.1_rotation_1_offset_3626	87	0.977011	0
SRR27841065.1233549	5148	CM084263.1_rotation_3_offset_10878	93	0.956989	1
SRR27841065.1233549	5148	CM084263.1_rotation_3_offset_10878	91	0.956044	1
SRR27841065.1233549	5148	CM084263.1_rotation_3_offset_10878	93	0.924731	0
SRR27841065.1233549	5148	CM084263.1_rotation_1_offset_3626	93	0.924731	0
SRR27841065.1233549	5148	CM084263.1_rotation_2_offset_7252	93	0.924731	0
SRR27841065.1235958	557	CM084263.1_rotation_2_offset_7252	580	0.937931	0
SRR27841065.1235958	557	CM084263.1_rotation_1_offset_3626	580	0.937931	0
SRR27841065.1235958	557	CM084263.1_rotation_3_offset_10878	580	0.937931	0
SRR27841065.1235958	557	CM084263.1_rotation_0_offset_0	580	0.937931	0
SRR27841065.1236374	491	CM084263.1_rotation_0_offset_0	487	0.981520	0
SRR27841065.1236374	491	CM084263.1_rotation_3_offset_10878	487	0.981520	0
SRR27841065.1236374	491	CM084263.1_rotation_2_offset_7252	487	0.981520	0
SRR27841065.1236374	491	CM084263.1_rotation_1_offset_3626	419	0.980907	0
SRR27841065.1237134	860	CM084263.1_rotation_3_offset_10878	864	0.988426	0
SRR27841065.1237134	860	CM084263.1_rotation_2_offset_7252	864	0.988426	0
SRR27841065.1237134	860	CM084263.1_rotation_1_offset_3626	864	0.988426	0
SRR27841065.1237134	860	CM084263.1_rotation_0_offset_0	864	0.988426	0
SRR27841065.1239619	3869	CM084263.1_rotation_1_offset_3626	3941	0.959147	0
SRR27841065.1239619	3869	CM084263.1_rotation_3_offset_10878	3941	0.959147	0
SRR27841065.1239619	3869	CM084263.1_rotation_0_offset_0	3941	0.959147	0
SRR27841065.1239619	3869	CM084263.1_rotation_2_offset_7252	2767	0.956993	0
SRR27841065.1240189	1076	CM084263.1_rotation_3_offset_10878	1100	0.942727	0
SRR27841065.1240189	1076	CM084263.1_rotation_0_offset_0	1100	0.942727	0
SRR27841065.1240189	1076	CM084263.1_rotation_2_offset_7252	1100	0.942727	0
SRR27841065.1240189	1076	CM084263.1_rotation_1_offset_3626	1006	0.938370	0
SRR27841065.1244086	1047	CM084263.1_rotation_0_offset_0	1057	0.973510	0
SRR27841065.1244086	1047	CM084263.1_rotation_2_offset_7252	1057	0.973510	0
SRR27841065.1244086	1047	CM084263.1_rotation_1_offset_3626	1057	0.973510	0
SRR27841065.1244086	1047	CM084263.1_rotation_3_offset_10878	1057	0.973510	0
SRR27841065.1251933	20163	CM084263.1_rotation_3_offset_10878	17766	0.760385	10
SRR27841065.1251933	20163	CM084263.1_rotation_0_offset_0	13584	0.967241	0
SRR27841065.1251933	20163	CM084263.1_rotation_2_offset_7252	14103	0.706658	0
SRR27841065.1251933	20163	CM084263.1_rotation_1_offset_3626	9949	0.967836	0
SRR27841065.1261538	2070	CM084263.1_rotation_2_offset_7252	489	0.380368	0
SRR27841065.1261538	2070	CM084263.1_rotation_1_offset_3626	489	0.380368	0
SRR27841065.1261538	2070	CM084263.1_rotation_3_offset_10878	489	0.380368	0
SRR27841065.1261538	2070	CM084263.1_rotation_1_offset_3626	91	1.000000	0
SRR27841065.1261538	2070	CM084263.1_rotation_3_offset_10878	91	1.000000	0
SRR27841065.1261538	2070	CM084263.1_rotation_2_offset_7252	91	1.000000	0
SRR27841065.1261538	2070	CM084263.1_rotation_0_offset_0	91	1.000000	0
SRR27841065.1261538	2070	CM084263.1_rotation_1_offset_3626	92	0.989130	0
SRR27841065.1261538	2070	CM084263.1_rotation_0_offset_0	92	0.989130	0
SRR27841065.1261538	2070	CM084263.1_rotation_3_offset_10878	92	0.989130	0
SRR27841065.1261538	2070	CM084263.1_rotation_2_offset_7252	92	0.989130	0
SRR27841065.1261538	2070	CM084263.1_rotation_0_offset_0	91	0.978022	0
SRR27841065.1261538	2070	CM084263.1_rotation_1_offset_3626	95	0.947368	1
SRR27841065.1261538	2070	CM084263.1_rotation_3_offset_10878	95	0.947368	0
SRR27841065.1261538	2070	CM084263.1_rotation_0_offset_0	95	0.947368	0
SRR27841065.1261538	2070	CM084263.1_rotation_2_offset_7252	95	0.947368	0
SRR27841065.1261538	2070	CM084263.1_rotation_0_offset_0	91	0.956044	0
SRR27841065.1261538	2070	CM084263.1_rotation_1_offset_3626	91	0.956044	0
SRR27841065.1261538	2070	CM084263.1_rotation_3_offset_10878	91	0.956044	0
SRR27841065.1261538	2070	CM084263.1_rotation_2_offset_7252	91	0.956044	0
SRR27841065.1261538	2070	CM084263.1_rotation_0_offset_0	95	0.915789	0
SRR27841065.1261538	2070	CM084263.1_rotation_0_offset_0	91	0.967033	44
SRR27841065.1261538	2070	CM084263.1_rotation_0_offset_0	97	0.865979	19
SRR27841065.1261538	2070	CM084263.1_rotation_0_offset_0	72	0.916667	5
SRR27841065.1264573	588	CM084263.1_rotation_0_offset_0	590	0.910169	0
SRR27841065.1264573	588	CM084263.1_rotation_2_offset_7252	590	0.910169	0
SRR27841065.1264573	588	CM084263.1_rotation_1_offset_3626	590	0.910169	0
SRR27841065.1264573	588	CM084263.1_rotation_3_offset_10878	590	0.910169	0
SRR27841065.1272371	312	CM084263.1_rotation_1_offset_3626	68	0.941176	0
SRR27841065.1272371	312	CM084263.1_rotation_0_offset_0	68	0.941176	0
SRR27841065.1272371	312	CM084263.1_rotation_2_offset_7252	68	0.941176	0
SRR27841065.1272371	312	CM084263.1_rotation_3_offset_10878	68	0.941176	0
SRR27841065.1280039	48612	CM084263.1_rotation_1_offset_3626	2041	0.932876	0
SRR27841065.1280039	48612	CM084263.1_rotation_2_offset_7252	2041	0.932876	0
SRR27841065.1280039	48612	CM084263.1_rotation_3_offset_10878	2041	0.932876	0
SRR27841065.1280039	48612	CM084263.1_rotation_0_offset_0	2041	0.932876	0
SRR27841065.1280431	2412	CM084263.1_rotation_0_offset_0	2520	0.879762	0
SRR27841065.1280431	2412	CM084263.1_rotation_3_offset_10878	2520	0.879762	0
SRR27841065.1280431	2412	CM084263.1_rotation_1_offset_3626	2520	0.879762	0
SRR27841065.1280431	2412	CM084263.1_rotation_2_offset_7252	1356	0.887906	0
SRR27841065.1282975	10427	CM084263.1_rotation_3_offset_10878	254	0.893701	0
SRR27841065.1282975	10427	CM084263.1_rotation_0_offset_0	254	0.893701	0
SRR27841065.1282975	10427	CM084263.1_rotation_1_offset_3626	254	0.893701	0
SRR27841065.1282975	10427	CM084263.1_rotation_2_offset_7252	254	0.893701	0
SRR27841065.1286442	3706	CM084263.1_rotation_2_offset_7252	143	0.867133	0
SRR27841065.1286442	3706	CM084263.1_rotation_1_offset_3626	143	0.867133	0
SRR27841065.1286442	3706	CM084263.1_rotation_3_offset_10878	143	0.867133	0
SRR27841065.1286442	3706	CM084263.1_rotation_0_offset_0	92	0.989130	0
SRR27841065.1286442	3706	CM084263.1_rotation_2_offset_7252	93	0.978495	0
SRR27841065.1286442	3706	CM084263.1_rotation_0_offset_0	93	0.978495	0
SRR27841065.1286442	3706	CM084263.1_rotation_3_offset_10878	93	0.978495	0
SRR27841065.1286442	3706	CM084263.1_rotation_1_offset_3626	93	0.978495	0
SRR27841065.1286442	3706	CM084263.1_rotation_3_offset_10878	95	0.894737	0
SRR27841065.1286442	3706	CM084263.1_rotation_1_offset_3626	95	0.894737	0
SRR27841065.1286442	3706	CM084263.1_rotation_0_offset_0	95	0.894737	0
SRR27841065.1286442	3706	CM084263.1_rotation_2_offset_7252	95	0.894737	0
SRR27841065.1286442	3706	CM084263.1_rotation_3_offset_10878	88	0.943182	1
SRR27841065.1286442	3706	CM084263.1_rotation_0_offset_0	88	0.943182	0
SRR27841065.1286442	3706	CM084263.1_rotation_1_offset_3626	88	0.943182	0
SRR27841065.1286442	3706	CM084263.1_rotation_2_offset_7252	88	0.943182	0
SRR27841065.1286442	3706	CM084263.1_rotation_0_offset_0	92	0.934783	33
SRR27841065.1286442	3706	CM084263.1_rotation_0_offset_0	93	0.903226	34
SRR27841065.1286442	3706	CM084263.1_rotation_0_offset_0	97	0.917526	20
SRR27841065.1286442	3706	CM084263.1_rotation_3_offset_10878	95	0.884211	0
SRR27841065.1286442	3706	CM084263.1_rotation_0_offset_0	95	0.884211	0
SRR27841065.1286442	3706	CM084263.1_rotation_1_offset_3626	95	0.884211	0
SRR27841065.1286442	3706	CM084263.1_rotation_2_offset_7252	95	0.884211	0
SRR27841065.1293088	1613	CM084263.1_rotation_1_offset_3626	1643	0.953743	0
SRR27841065.1293088	1613	CM084263.1_rotation_2_offset_7252	1643	0.953743	0
SRR27841065.1293088	1613	CM084263.1_rotation_0_offset_0	1643	0.953743	0
SRR27841065.1293088	1613	CM084263.1_rotation_3_offset_10878	914	0.964989	0
SRR27841065.1301891	1407	CM084263.1_rotation_2_offset_7252	95	0.926316	0
SRR27841065.1301891	1407	CM084263.1_rotation_3_offset_10878	95	0.926316	0
SRR27841065.1301891	1407	CM084263.1_rotation_1_offset_3626	95	0.926316	0
SRR27841065.1301891	1407	CM084263.1_rotation_0_offset_0	95	0.926316	0
SRR27841065.1304053	432	CM084263.1_rotation_2_offset_7252	445	0.950562	0
SRR27841065.1304053	432	CM084263.1_rotation_3_offset_10878	445	0.950562	0
SRR27841065.1304053	432	CM084263.1_rotation_0_offset_0	445	0.950562	0
SRR27841065.1304053	432	CM084263.1_rotation_1_offset_3626	445	0.950562	0
SRR27841065.1305690	2388	CM084263.1_rotation_0_offset_0	1386	0.932179	0
SRR27841065.1305690	2388	CM084263.1_rotation_1_offset_3626	1386	0.932179	0
SRR27841065.1305690	2388	CM084263.1_rotation_3_offset_10878	1386	0.932179	0
SRR27841065.1305690	2388	CM084263.1_rotation_2_offset_7252	1386	0.932179	0
SRR27841065.1305690	2388	CM084263.1_rotation_2_offset_7252	1191	0.677582	0
SRR27841065.1305690	2388	CM084263.1_rotation_1_offset_3626	1191	0.677582	0
SRR27841065.1305690	2388	CM084263.1_rotation_3_offset_10878	1191	0.677582	0
SRR27841065.1305690	2388	CM084263.1_rotation_0_offset_0	1191	0.677582	0
SRR27841065.1305725	700	CM084263.1_rotation_3_offset_10878	702	0.910256	0
SRR27841065.1305725	700	CM084263.1_rotation_1_offset_3626	702	0.910256	0
SRR27841065.1305725	700	CM084263.1_rotation_0_offset_0	702	0.910256	0
SRR27841065.1305725	700	CM084263.1_rotation_2_offset_7252	702	0.910256	0
SRR27841065.1305793	3397	CM084263.1_rotation_0_offset_0	3443	0.933779	0
SRR27841065.1305793	3397	CM084263.1_rotation_2_offset_7252	3443	0.933779	0
SRR27841065.1305793	3397	CM084263.1_rotation_3_offset_10878	3443	0.933779	0
SRR27841065.1305793	3397	CM084263.1_rotation_1_offset_3626	2681	0.939948	0
SRR27841065.1306572	1453	CM084263.1_rotation_0_offset_0	91	0.989011	0
SRR27841065.1306572	1453	CM084263.1_rotation_2_offset_7252	91	0.989011	0
SRR27841065.1306572	1453	CM084263.1_rotation_1_offset_3626	91	0.989011	0
SRR27841065.1306572	1453	CM084263.1_rotation_3_offset_10878	91	0.989011	0
SRR27841065.1306572	1453	CM084263.1_rotation_2_offset_7252	93	0.978495	0
SRR27841065.1306572	1453	CM084263.1_rotation_1_offset_3626	93	0.978495	0
SRR27841065.1306572	1453	CM084263.1_rotation_3_offset_10878	93	0.978495	0
SRR27841065.1306572	1453	CM084263.1_rotation_0_offset_0	93	0.978495	0
SRR27841065.1306572	1453	CM084263.1_rotation_1_offset_3626	94	0.925532	0
SRR27841065.1306572	1453	CM084263.1_rotation_0_offset_0	94	0.925532	0
SRR27841065.1306572	1453	CM084263.1_rotation_3_offset_10878	93	0.935484	1
SRR27841065.1306572	1453	CM084263.1_rotation_0_offset_0	93	0.935484	0
SRR27841065.1306572	1453	CM084263.1_rotation_3_offset_10878	94	0.925532	0
SRR27841065.1306572	1453	CM084263.1_rotation_2_offset_7252	94	0.925532	0
SRR27841065.1306572	1453	CM084263.1_rotation_2_offset_7252	93	0.935484	0
SRR27841065.1306572	1453	CM084263.1_rotation_1_offset_3626	93	0.935484	0
SRR27841065.1306572	1453	CM084263.1_rotation_0_offset_0	87	0.965517	36
SRR27841065.1313024	2773	CM084263.1_rotation_2_offset_7252	2877	0.891901	0
SRR27841065.1313024	2773	CM084263.1_rotation_3_offset_10878	2877	0.891901	0
SRR27841065.1313024	2773	CM084263.1_rotation_0_offset_0	2877	0.891901	0
SRR27841065.1313024	2773	CM084263.1_rotation_1_offset_3626	1611	0.914960	0
SRR27841065.1318197	567	CM084263.1_rotation_0_offset_0	573	0.935428	0
SRR27841065.1318197	567	CM084263.1_rotation_3_offset_10878	573	0.935428	0
SRR27841065.1318197	567	CM084263.1_rotation_1_offset_3626	573	0.935428	0
SRR27841065.1318197	567	CM084263.1_rotation_2_offset_7252	573	0.935428	0
SRR27841065.1327148	1264	CM084263.1_rotation_0_offset_0	91	0.989011	0
SRR27841065.1327148	1264	CM084263.1_rotation_1_offset_3626	91	0.989011	0
SRR27841065.1327148	1264	CM084263.1_rotation_3_offset_10878	91	0.989011	0
SRR27841065.1327148	1264	CM084263.1_rotation_2_offset_7252	91	0.989011	0
SRR27841065.1327148	1264	CM084263.1_rotation_2_offset_7252	86	1.000000	0
SRR27841065.1327148	1264	CM084263.1_rotation_1_offset_3626	86	1.000000	0
SRR27841065.1327148	1264	CM084263.1_rotation_0_offset_0	86	1.000000	0
SRR27841065.1327148	1264	CM084263.1_rotation_3_offset_10878	86	1.000000	0
SRR27841065.1327148	1264	CM084263.1_rotation_1_offset_3626	93	0.924731	0
SRR27841065.1327148	1264	CM084263.1_rotation_3_offset_10878	93	0.924731	0
SRR27841065.1327148	1264	CM084263.1_rotation_2_offset_7252	93	0.924731	0
SRR27841065.1327148	1264	CM084263.1_rotation_0_offset_0	93	0.924731	0
SRR27841065.1327148	1264	CM084263.1_rotation_0_offset_0	88	0.954545	47
SRR27841065.1327148	1264	CM084263.1_rotation_0_offset_0	68	0.970588	27
SRR27841065.1332145	826	CM084263.1_rotation_0_offset_0	829	0.980700	0
SRR27841065.1332145	826	CM084263.1_rotation_2_offset_7252	829	0.980700	0
SRR27841065.1332145	826	CM084263.1_rotation_1_offset_3626	829	0.980700	0
SRR27841065.1332145	826	CM084263.1_rotation_3_offset_10878	706	0.983003	0
SRR27841065.1335117	4084	CM084263.1_rotation_0_offset_0	4098	0.983163	0
SRR27841065.1335117	4084	CM084263.1_rotation_3_offset_10878	4098	0.983163	0
SRR27841065.1335117	4084	CM084263.1_rotation_1_offset_3626	4098	0.983163	0
SRR27841065.1335117	4084	CM084263.1_rotation_2_offset_7252	2313	0.987462	0
SRR27841065.1346776	1815	CM084263.1_rotation_0_offset_0	1830	0.950273	0
SRR27841065.1346776	1815	CM084263.1_rotation_1_offset_3626	1830	0.950273	0
SRR27841065.1346776	1815	CM084263.1_rotation_2_offset_7252	1830	0.950273	0
SRR27841065.1346776	1815	CM084263.1_rotation_3_offset_10878	1767	0.951896	0
SRR27841065.1348340	685	CM084263.1_rotation_3_offset_10878	91	1.000000	0
SRR27841065.1348340	685	CM084263.1_rotation_0_offset_0	91	1.000000	0
SRR27841065.1348340	685	CM084263.1_rotation_2_offset_7252	91	1.000000	0
SRR27841065.1348340	685	CM084263.1_rotation_1_offset_3626	91	1.000000	0
SRR27841065.1348340	685	CM084263.1_rotation_2_offset_7252	89	0.955056	1
SRR27841065.1348340	685	CM084263.1_rotation_3_offset_10878	89	0.955056	0
SRR27841065.1348340	685	CM084263.1_rotation_1_offset_3626	89	0.955056	0
SRR27841065.1348340	685	CM084263.1_rotation_0_offset_0	88	0.954545	0
SRR27841065.1348647	3458	CM084263.1_rotation_2_offset_7252	3496	0.975114	0
SRR27841065.1348647	3458	CM084263.1_rotation_1_offset_3626	3496	0.975114	0
SRR27841065.1348647	3458	CM084263.1_rotation_0_offset_0	3496	0.975114	0
SRR27841065.1348647	3458	CM084263.1_rotation_3_offset_10878	3233	0.973399	0
SRR27841065.1349256	742	CM084263.1_rotation_0_offset_0	754	0.931034	0
SRR27841065.1349256	742	CM084263.1_rotation_3_offset_10878	754	0.931034	0
SRR27841065.1349256	742	CM084263.1_rotation_1_offset_3626	754	0.931034	0
SRR27841065.1349256	742	CM084263.1_rotation_2_offset_7252	754	0.931034	0
SRR27841065.1356241	8052	CM084263.1_rotation_0_offset_0	8119	0.979677	0
SRR27841065.1356241	8052	CM084263.1_rotation_3_offset_10878	8119	0.979677	0
SRR27841065.1356241	8052	CM084263.1_rotation_1_offset_3626	6566	0.980658	0
SRR27841065.1356241	8052	CM084263.1_rotation_2_offset_7252	5200	0.976538	0
SRR27841065.1362625	712	CM084263.1_rotation_0_offset_0	717	0.976290	0
SRR27841065.1362625	712	CM084263.1_rotation_2_offset_7252	717	0.976290	0
SRR27841065.1362625	712	CM084263.1_rotation_3_offset_10878	717	0.976290	0
SRR27841065.1362625	712	CM084263.1_rotation_1_offset_3626	717	0.976290	0
SRR27841065.1364593	2959	CM084263.1_rotation_0_offset_0	2996	0.966956	0
SRR27841065.1364593	2959	CM084263.1_rotation_3_offset_10878	2996	0.966956	0
SRR27841065.1364593	2959	CM084263.1_rotation_1_offset_3626	2996	0.966956	0
SRR27841065.1364593	2959	CM084263.1_rotation_2_offset_7252	2356	0.962649	0
SRR27841065.1368566	682	CM084263.1_rotation_3_offset_10878	689	0.956459	0
SRR27841065.1368566	682	CM084263.1_rotation_0_offset_0	689	0.956459	0
SRR27841065.1368566	682	CM084263.1_rotation_2_offset_7252	689	0.956459	0
SRR27841065.1368566	682	CM084263.1_rotation_1_offset_3626	573	0.961606	0
SRR27841065.1368825	2715	CM084263.1_rotation_2_offset_7252	2727	0.984965	0
SRR27841065.1368825	2715	CM084263.1_rotation_3_offset_10878	2727	0.984965	0
SRR27841065.1368825	2715	CM084263.1_rotation_1_offset_3626	2727	0.984965	0
SRR27841065.1368825	2715	CM084263.1_rotation_0_offset_0	2727	0.984965	0
SRR27841065.1373298	1565	CM084263.1_rotation_1_offset_3626	1591	0.967945	0
SRR27841065.1373298	1565	CM084263.1_rotation_2_offset_7252	1591	0.967945	0
SRR27841065.1373298	1565	CM084263.1_rotation_0_offset_0	1591	0.967945	0
SRR27841065.1373298	1565	CM084263.1_rotation_3_offset_10878	1591	0.967945	0
SRR27841065.1377698	1006	CM084263.1_rotation_0_offset_0	1030	0.952427	0
SRR27841065.1377698	1006	CM084263.1_rotation_3_offset_10878	1030	0.952427	0
SRR27841065.1377698	1006	CM084263.1_rotation_2_offset_7252	1030	0.952427	0
SRR27841065.1377698	1006	CM084263.1_rotation_1_offset_3626	1030	0.952427	0
SRR27841065.1380990	1344	CM084263.1_rotation_3_offset_10878	1364	0.950880	0
SRR27841065.1380990	1344	CM084263.1_rotation_2_offset_7252	1364	0.950880	0
SRR27841065.1380990	1344	CM084263.1_rotation_1_offset_3626	1364	0.950880	0
SRR27841065.1380990	1344	CM084263.1_rotation_0_offset_0	1364	0.950880	0
SRR27841065.1382991	4127	CM084263.1_rotation_0_offset_0	3796	0.963383	24
SRR27841065.1382991	4127	CM084263.1_rotation_2_offset_7252	3847	0.959189	0
SRR27841065.1382991	4127	CM084263.1_rotation_3_offset_10878	3847	0.959189	0
SRR27841065.1382991	4127	CM084263.1_rotation_1_offset_3626	3685	0.958480	0
SRR27841065.1387430	891	CM084263.1_rotation_3_offset_10878	688	0.966570	0
SRR27841065.1387430	891	CM084263.1_rotation_0_offset_0	688	0.966570	0
SRR27841065.1387430	891	CM084263.1_rotation_1_offset_3626	688	0.966570	0
SRR27841065.1387430	891	CM084263.1_rotation_2_offset_7252	688	0.966570	0
SRR27841065.1389383	3856	CM084263.1_rotation_0_offset_0	3322	0.975316	0
SRR27841065.1389383	3856	CM084263.1_rotation_2_offset_7252	3322	0.975316	0
SRR27841065.1389383	3856	CM084263.1_rotation_3_offset_10878	3322	0.975316	0
SRR27841065.1389383	3856	CM084263.1_rotation_1_offset_3626	3322	0.975316	0
SRR27841065.1390958	9241	CM084263.1_rotation_2_offset_7252	3054	0.893582	0
SRR27841065.1390958	9241	CM084263.1_rotation_1_offset_3626	3054	0.893582	0
SRR27841065.1390958	9241	CM084263.1_rotation_3_offset_10878	3054	0.893582	0
SRR27841065.1390958	9241	CM084263.1_rotation_0_offset_0	3054	0.893582	0
SRR27841065.1390958	9241	CM084263.1_rotation_3_offset_10878	2816	0.759588	0
SRR27841065.1390958	9241	CM084263.1_rotation_1_offset_3626	2816	0.759588	0
SRR27841065.1390958	9241	CM084263.1_rotation_2_offset_7252	2816	0.759588	0
SRR27841065.1390958	9241	CM084263.1_rotation_0_offset_0	2816	0.759588	0
SRR27841065.1390958	9241	CM084263.1_rotation_3_offset_10878	95	0.947368	0
SRR27841065.1390958	9241	CM084263.1_rotation_1_offset_3626	95	0.947368	0
SRR27841065.1390958	9241	CM084263.1_rotation_0_offset_0	95	0.947368	0
SRR27841065.1390958	9241	CM084263.1_rotation_2_offset_7252	95	0.947368	0
SRR27841065.1390958	9241	CM084263.1_rotation_0_offset_0	91	0.934066	35
SRR27841065.1390958	9241	CM084263.1_rotation_0_offset_0	76	0.960526	14
SRR27841065.1391998	1295	CM084263.1_rotation_2_offset_7252	1321	0.901590	0
SRR27841065.1391998	1295	CM084263.1_rotation_0_offset_0	1321	0.901590	0
SRR27841065.1391998	1295	CM084263.1_rotation_1_offset_3626	1321	0.901590	0
SRR27841065.1391998	1295	CM084263.1_rotation_3_offset_10878	1189	0.899075	0
SRR27841065.1398175	3123	CM084263.1_rotation_0_offset_0	3140	0.989172	0
SRR27841065.1398175	3123	CM084263.1_rotation_2_offset_7252	3140	0.989172	0
SRR27841065.1398175	3123	CM084263.1_rotation_1_offset_3626	3140	0.989172	0
SRR27841065.1398175	3123	CM084263.1_rotation_3_offset_10878	2637	0.990520	0
SRR27841065.1409491	6810	CM084263.1_rotation_1_offset_3626	2020	0.945545	0
SRR27841065.1409491	6810	CM084263.1_rotation_3_offset_10878	2020	0.945545	0
SRR27841065.1409491	6810	CM084263.1_rotation_0_offset_0	2020	0.945545	0
SRR27841065.1409491	6810	CM084263.1_rotation_2_offset_7252	2020	0.945545	0
SRR27841065.1412108	639	CM084263.1_rotation_1_offset_3626	678	0.887906	0
SRR27841065.1412108	639	CM084263.1_rotation_3_offset_10878	678	0.887906	0
SRR27841065.1412108	639	CM084263.1_rotation_2_offset_7252	678	0.887906	0
SRR27841065.1412108	639	CM084263.1_rotation_0_offset_0	678	0.887906	0
SRR27841065.1418160	1937	CM084263.1_rotation_2_offset_7252	1906	0.948583	0
SRR27841065.1418160	1937	CM084263.1_rotation_0_offset_0	1906	0.948583	0
SRR27841065.1418160	1937	CM084263.1_rotation_1_offset_3626	1906	0.948583	0
SRR27841065.1418160	1937	CM084263.1_rotation_3_offset_10878	996	0.941767	0
SRR27841065.1420397	590	CM084263.1_rotation_2_offset_7252	611	0.829787	0
SRR27841065.1420397	590	CM084263.1_rotation_1_offset_3626	611	0.829787	0
SRR27841065.1420397	590	CM084263.1_rotation_0_offset_0	611	0.829787	0
SRR27841065.1420397	590	CM084263.1_rotation_3_offset_10878	611	0.829787	0
SRR27841065.1437276	10798	CM084263.1_rotation_1_offset_3626	10409	0.944183	0
SRR27841065.1437276	10798	CM084263.1_rotation_0_offset_0	10409	0.944183	0
SRR27841065.1437276	10798	CM084263.1_rotation_2_offset_7252	7325	0.954812	0
SRR27841065.1437276	10798	CM084263.1_rotation_3_offset_10878	6758	0.935188	0
SRR27841065.1447543	2167	CM084263.1_rotation_1_offset_3626	1529	0.902551	0
SRR27841065.1447543	2167	CM084263.1_rotation_0_offset_0	1529	0.902551	0
SRR27841065.1447543	2167	CM084263.1_rotation_2_offset_7252	1529	0.902551	0
SRR27841065.1447543	2167	CM084263.1_rotation_3_offset_10878	1529	0.902551	0
SRR27841065.1447543	2167	CM084263.1_rotation_2_offset_7252	850	0.768235	0
SRR27841065.1447543	2167	CM084263.1_rotation_0_offset_0	850	0.768235	0
SRR27841065.1447543	2167	CM084263.1_rotation_3_offset_10878	850	0.768235	0
SRR27841065.1447543	2167	CM084263.1_rotation_1_offset_3626	850	0.768235	0
SRR27841065.1449435	1751	CM084263.1_rotation_2_offset_7252	955	0.952880	0
SRR27841065.1449435	1751	CM084263.1_rotation_1_offset_3626	955	0.952880	0
SRR27841065.1449435	1751	CM084263.1_rotation_0_offset_0	955	0.952880	0
SRR27841065.1449435	1751	CM084263.1_rotation_3_offset_10878	570	0.957895	0
SRR27841065.1449435	1751	CM084263.1_rotation_2_offset_7252	874	0.827231	0
SRR27841065.1449435	1751	CM084263.1_rotation_0_offset_0	874	0.827231	0
SRR27841065.1449435	1751	CM084263.1_rotation_1_offset_3626	874	0.827231	0
SRR27841065.1451813	8566	CM084263.1_rotation_3_offset_10878	1994	0.970913	0
SRR27841065.1451813	8566	CM084263.1_rotation_2_offset_7252	1994	0.970913	0
SRR27841065.1451813	8566	CM084263.1_rotation_0_offset_0	1994	0.970913	0
SRR27841065.1451813	8566	CM084263.1_rotation_1_offset_3626	1994	0.970913	0
SRR27841065.1459420	1821	CM084263.1_rotation_0_offset_0	1813	0.929399	0
SRR27841065.1459420	1821	CM084263.1_rotation_3_offset_10878	1813	0.929399	0
SRR27841065.1459420	1821	CM084263.1_rotation_1_offset_3626	1813	0.929399	0
SRR27841065.1459420	1821	CM084263.1_rotation_2_offset_7252	1745	0.927794	0
SRR27841065.1468346	19510	CM084263.1_rotation_1_offset_3626	17834	0.698497	32
SRR27841065.1468346	19510	CM084263.1_rotation_0_offset_0	12790	0.972791	0
SRR27841065.1468346	19510	CM084263.1_rotation_3_offset_10878	9139	0.975380	0
SRR27841065.1468346	19510	CM084263.1_rotation_2_offset_7252	14186	0.626040	0
SRR27841065.1469731	4580	CM084263.1_rotation_3_offset_10878	4640	0.973060	0
SRR27841065.1469731	4580	CM084263.1_rotation_1_offset_3626	4640	0.973060	0
SRR27841065.1469731	4580	CM084263.1_rotation_0_offset_0	4640	0.973060	0
SRR27841065.1469731	4580	CM084263.1_rotation_2_offset_7252	3228	0.968092	0
SRR27841065.1471855	4103	CM084263.1_rotation_2_offset_7252	91	1.000000	0
SRR27841065.1471855	4103	CM084263.1_rotation_0_offset_0	91	1.000000	0
SRR27841065.1471855	4103	CM084263.1_rotation_1_offset_3626	91	1.000000	0
SRR27841065.1471855	4103	CM084263.1_rotation_0_offset_0	91	1.000000	0
SRR27841065.1471855	4103	CM084263.1_rotation_1_offset_3626	91	1.000000	0
SRR27841065.1471855	4103	CM084263.1_rotation_2_offset_7252	91	1.000000	0
SRR27841065.1471855	4103	CM084263.1_rotation_3_offset_10878	91	1.000000	0
SRR27841065.1471855	4103	CM084263.1_rotation_1_offset_3626	91	1.000000	0
SRR27841065.1471855	4103	CM084263.1_rotation_2_offset_7252	91	1.000000	0
SRR27841065.1471855	4103	CM084263.1_rotation_0_offset_0	91	1.000000	0
SRR27841065.1471855	4103	CM084263.1_rotation_3_offset_10878	91	1.000000	0
SRR27841065.1471855	4103	CM084263.1_rotation_3_offset_10878	91	1.000000	0
SRR27841065.1471855	4103	CM084263.1_rotation_3_offset_10878	91	0.989011	0
SRR27841065.1471855	4103	CM084263.1_rotation_2_offset_7252	91	0.989011	0
SRR27841065.1471855	4103	CM084263.1_rotation_1_offset_3626	91	0.989011	0
SRR27841065.1471855	4103	CM084263.1_rotation_1_offset_3626	91	0.989011	0
SRR27841065.1471855	4103	CM084263.1_rotation_3_offset_10878	91	0.989011	0
SRR27841065.1471855	4103	CM084263.1_rotation_2_offset_7252	91	0.989011	0
SRR27841065.1471855	4103	CM084263.1_rotation_0_offset_0	91	0.956044	1
SRR27841065.1471855	4103	CM084263.1_rotation_2_offset_7252	86	0.988372	1
SRR27841065.1471855	4103	CM084263.1_rotation_2_offset_7252	95	0.915789	0
SRR27841065.1471855	4103	CM084263.1_rotation_1_offset_3626	95	0.915789	0
SRR27841065.1471855	4103	CM084263.1_rotation_0_offset_0	93	0.967742	0
SRR27841065.1471855	4103	CM084263.1_rotation_2_offset_7252	93	0.967742	0
SRR27841065.1471855	4103	CM084263.1_rotation_3_offset_10878	95	0.915789	0
SRR27841065.1471855	4103	CM084263.1_rotation_2_offset_7252	95	0.915789	0
SRR27841065.1471855	4103	CM084263.1_rotation_3_offset_10878	93	0.967742	0
SRR27841065.1471855	4103	CM084263.1_rotation_3_offset_10878	95	0.915789	0
SRR27841065.1471855	4103	CM084263.1_rotation_1_offset_3626	95	0.915789	0
SRR27841065.1471855	4103	CM084263.1_rotation_1_offset_3626	93	0.967742	0
SRR27841065.1473268	836	CM084263.1_rotation_0_offset_0	847	0.971665	0
SRR27841065.1473268	836	CM084263.1_rotation_3_offset_10878	847	0.971665	0
SRR27841065.1473268	836	CM084263.1_rotation_2_offset_7252	847	0.971665	0
SRR27841065.1473268	836	CM084263.1_rotation_1_offset_3626	847	0.971665	0
SRR27841065.1480197	1744	CM084263.1_rotation_1_offset_3626	1775	0.956056	0
SRR27841065.1480197	1744	CM084263.1_rotation_0_offset_0	1775	0.956056	0
SRR27841065.1480197	1744	CM084263.1_rotation_3_offset_10878	1775	0.956056	0
SRR27841065.1480197	1744	CM084263.1_rotation_2_offset_7252	1775	0.956056	0
SRR27841065.1481309	1182	CM084263.1_rotation_3_offset_10878	1222	0.927169	0
SRR27841065.1481309	1182	CM084263.1_rotation_0_offset_0	1222	0.927169	0
SRR27841065.1481309	1182	CM084263.1_rotation_2_offset_7252	1222	0.927169	0
SRR27841065.1481309	1182	CM084263.1_rotation_1_offset_3626	1222	0.927169	0
SRR27841065.1485941	2571	CM084263.1_rotation_2_offset_7252	1984	0.606351	0
SRR27841065.1485941	2571	CM084263.1_rotation_3_offset_10878	1984	0.606351	0
SRR27841065.1485941	2571	CM084263.1_rotation_1_offset_3626	1984	0.606351	0
SRR27841065.1485941	2571	CM084263.1_rotation_1_offset_3626	1129	0.980514	0
SRR27841065.1485941	2571	CM084263.1_rotation_2_offset_7252	1129	0.980514	0
SRR27841065.1485941	2571	CM084263.1_rotation_3_offset_10878	1129	0.980514	0
SRR27841065.1485941	2571	CM084263.1_rotation_0_offset_0	1129	0.980514	0
SRR27841065.1485941	2571	CM084263.1_rotation_0_offset_0	1575	0.700952	0
SRR27841065.1485941	2571	CM084263.1_rotation_3_offset_10878	91	0.978022	0
SRR27841065.1485941	2571	CM084263.1_rotation_1_offset_3626	91	0.978022	0
SRR27841065.1485941	2571	CM084263.1_rotation_2_offset_7252	91	0.978022	0
SRR27841065.1485941	2571	CM084263.1_rotation_0_offset_0	91	0.978022	0
SRR27841065.1485941	2571	CM084263.1_rotation_0_offset_0	96	0.927083	0
SRR27841065.1485941	2571	CM084263.1_rotation_2_offset_7252	91	0.901099	0
SRR27841065.1485941	2571	CM084263.1_rotation_1_offset_3626	91	0.901099	0
SRR27841065.1485941	2571	CM084263.1_rotation_0_offset_0	91	0.901099	0
SRR27841065.1485941	2571	CM084263.1_rotation_3_offset_10878	91	0.901099	0
SRR27841065.1486533	1429	CM084263.1_rotation_0_offset_0	1460	0.947260	0
SRR27841065.1486533	1429	CM084263.1_rotation_2_offset_7252	1460	0.947260	0
SRR27841065.1486533	1429	CM084263.1_rotation_3_offset_10878	1460	0.947260	0
SRR27841065.1486533	1429	CM084263.1_rotation_1_offset_3626	689	0.965167	0
SRR27841065.1487000	6103	CM084263.1_rotation_2_offset_7252	3395	0.967010	0
SRR27841065.1487000	6103	CM084263.1_rotation_3_offset_10878	3395	0.967010	0
SRR27841065.1487000	6103	CM084263.1_rotation_1_offset_3626	3395	0.967010	0
SRR27841065.1487000	6103	CM084263.1_rotation_0_offset_0	3395	0.967010	0
SRR27841065.1487000	6103	CM084263.1_rotation_1_offset_3626	91	1.000000	0
SRR27841065.1487000	6103	CM084263.1_rotation_0_offset_0	91	1.000000	0
SRR27841065.1487000	6103	CM084263.1_rotation_1_offset_3626	91	1.000000	0
SRR27841065.1487000	6103	CM084263.1_rotation_2_offset_7252	91	1.000000	0
SRR27841065.1487000	6103	CM084263.1_rotation_3_offset_10878	91	1.000000	0
SRR27841065.1487000	6103	CM084263.1_rotation_2_offset_7252	91	1.000000	0
SRR27841065.1487000	6103	CM084263.1_rotation_3_offset_10878	91	1.000000	0
SRR27841065.1487000	6103	CM084263.1_rotation_2_offset_7252	91	0.989011	0
SRR27841065.1487000	6103	CM084263.1_rotation_0_offset_0	91	0.989011	0
SRR27841065.1487000	6103	CM084263.1_rotation_1_offset_3626	91	0.989011	0
SRR27841065.1487000	6103	CM084263.1_rotation_3_offset_10878	91	0.989011	0
SRR27841065.1487000	6103	CM084263.1_rotation_0_offset_0	93	0.956989	60
SRR27841065.1487000	6103	CM084263.1_rotation_1_offset_3626	91	0.956044	0
SRR27841065.1487000	6103	CM084263.1_rotation_2_offset_7252	91	0.956044	0
SRR27841065.1487000	6103	CM084263.1_rotation_3_offset_10878	91	0.956044	0
SRR27841065.1487000	6103	CM084263.1_rotation_0_offset_0	91	0.956044	0
SRR27841065.1487000	6103	CM084263.1_rotation_0_offset_0	91	0.967033	45
SRR27841065.1487000	6103	CM084263.1_rotation_2_offset_7252	93	0.956989	0
SRR27841065.1487000	6103	CM084263.1_rotation_0_offset_0	93	0.956989	0
SRR27841065.1487000	6103	CM084263.1_rotation_1_offset_3626	93	0.956989	0
SRR27841065.1487000	6103	CM084263.1_rotation_3_offset_10878	93	0.956989	0
SRR27841065.1487000	6103	CM084263.1_rotation_1_offset_3626	92	0.956522	1
SRR27841065.1488322	1091	CM084263.1_rotation_2_offset_7252	1103	0.958296	0
SRR27841065.1488322	1091	CM084263.1_rotation_0_offset_0	1103	0.958296	0
SRR27841065.1488322	1091	CM084263.1_rotation_1_offset_3626	1103	0.958296	0
SRR27841065.1488322	1091	CM084263.1_rotation_3_offset_10878	1103	0.958296	0
SRR27841065.1491233	1975	CM084263.1_rotation_3_offset_10878	1981	0.984856	0
SRR27841065.1491233	1975	CM084263.1_rotation_2_offset_7252	1981	0.984856	0
SRR27841065.1491233	1975	CM084263.1_rotation_0_offset_0	1981	0.984856	0
SRR27841065.1491233	1975	CM084263.1_rotation_1_offset_3626	1889	0.984119	0
SRR27841065.1494302	20411	CM084263.1_rotation_0_offset_0	14180	0.968054	60
SRR27841065.1494302	20411	CM084263.1_rotation_3_offset_10878	10978	0.965021	0
SRR27841065.1494302	20411	CM084263.1_rotation_1_offset_3626	10541	0.966132	0
SRR27841065.1494302	20411	CM084263.1_rotation_2_offset_7252	7310	0.965800	0
SRR27841065.1494302	20411	CM084263.1_rotation_3_offset_10878	419	0.966587	0
SRR27841065.1494302	20411	CM084263.1_rotation_0_offset_0	419	0.966587	0
SRR27841065.1494302	20411	CM084263.1_rotation_2_offset_7252	419	0.966587	0
SRR27841065.1494302	20411	CM084263.1_rotation_1_offset_3626	419	0.966587	0
SRR27841065.1494302	20411	CM084263.1_rotation_3_offset_10878	91	1.000000	0
SRR27841065.1494302	20411	CM084263.1_rotation_0_offset_0	91	1.000000	0
SRR27841065.1494302	20411	CM084263.1_rotation_0_offset_0	91	1.000000	60
SRR27841065.1494302	20411	CM084263.1_rotation_2_offset_7252	91	1.000000	0
SRR27841065.1494302	20411	CM084263.1_rotation_1_offset_3626	91	1.000000	0
SRR27841065.1494302	20411	CM084263.1_rotation_0_offset_0	92	0.989130	0
SRR27841065.1494302	20411	CM084263.1_rotation_0_offset_0	91	0.989011	51
SRR27841065.1494302	20411	CM084263.1_rotation_3_offset_10878	92	0.989130	0
SRR27841065.1494302	20411	CM084263.1_rotation_1_offset_3626	92	0.989130	0
SRR27841065.1494302	20411	CM084263.1_rotation_2_offset_7252	92	0.989130	0
SRR27841065.1494302	20411	CM084263.1_rotation_0_offset_0	92	0.989130	26
SRR27841065.1494302	20411	CM084263.1_rotation_2_offset_7252	87	1.000000	0
SRR27841065.1494302	20411	CM084263.1_rotation_1_offset_3626	87	1.000000	0
SRR27841065.1494302	20411	CM084263.1_rotation_3_offset_10878	87	1.000000	0
SRR27841065.1494302	20411	CM084263.1_rotation_0_offset_0	91	0.978022	60
SRR27841065.1494302	20411	CM084263.1_rotation_0_offset_0	91	0.967033	42
SRR27841065.1494302	20411	CM084263.1_rotation_1_offset_3626	91	0.967033	0
SRR27841065.1494302	20411	CM084263.1_rotation_3_offset_10878	91	0.967033	0
SRR27841065.1494302	20411	CM084263.1_rotation_2_offset_7252	91	0.967033	0
SRR27841065.1494302	20411	CM084263.1_rotation_1_offset_3626	87	0.977011	0
SRR27841065.1494302	20411	CM084263.1_rotation_3_offset_10878	87	0.977011	0
SRR27841065.1494302	20411	CM084263.1_rotation_2_offset_7252	87	0.977011	0
SRR27841065.1494302	20411	CM084263.1_rotation_0_offset_0	97	0.907216	47
SRR27841065.1494302	20411	CM084263.1_rotation_1_offset_3626	95	0.905263	1
SRR27841065.1496341	5180	CM084263.1_rotation_3_offset_10878	3971	0.927978	1
SRR27841065.1496341	5180	CM084263.1_rotation_1_offset_3626	5595	0.868633	0
SRR27841065.1496341	5180	CM084263.1_rotation_0_offset_0	5595	0.868633	0
SRR27841065.1496341	5180	CM084263.1_rotation_2_offset_7252	5254	0.862010	0
SRR27841065.1506387	993	CM084263.1_rotation_1_offset_3626	1011	0.948566	0
SRR27841065.1506387	993	CM084263.1_rotation_0_offset_0	1011	0.948566	0
SRR27841065.1506387	993	CM084263.1_rotation_3_offset_10878	1011	0.948566	0
SRR27841065.1506387	993	CM084263.1_rotation_2_offset_7252	1011	0.948566	0
SRR27841065.1511554	770	CM084263.1_rotation_3_offset_10878	773	0.962484	0
SRR27841065.1511554	770	CM084263.1_rotation_1_offset_3626	773	0.962484	0
SRR27841065.1511554	770	CM084263.1_rotation_2_offset_7252	773	0.962484	0
SRR27841065.1511554	770	CM084263.1_rotation_0_offset_0	773	0.962484	0
SRR27841065.1514830	690	CM084263.1_rotation_3_offset_10878	702	0.947293	0
SRR27841065.1514830	690	CM084263.1_rotation_2_offset_7252	702	0.947293	0
SRR27841065.1514830	690	CM084263.1_rotation_0_offset_0	702	0.947293	0
SRR27841065.1514830	690	CM084263.1_rotation_1_offset_3626	641	0.945398	0
SRR27841065.1518168	977	CM084263.1_rotation_1_offset_3626	549	0.947177	0
SRR27841065.1518168	977	CM084263.1_rotation_0_offset_0	549	0.947177	0
SRR27841065.1518168	977	CM084263.1_rotation_2_offset_7252	549	0.947177	0
SRR27841065.1518168	977	CM084263.1_rotation_3_offset_10878	549	0.947177	0
SRR27841065.1518168	977	CM084263.1_rotation_3_offset_10878	445	0.838202	0
SRR27841065.1518168	977	CM084263.1_rotation_2_offset_7252	445	0.838202	0
SRR27841065.1518168	977	CM084263.1_rotation_0_offset_0	445	0.838202	0
SRR27841065.1518168	977	CM084263.1_rotation_1_offset_3626	445	0.838202	0
SRR27841065.1519753	889	CM084263.1_rotation_3_offset_10878	927	0.906149	0
SRR27841065.1519753	889	CM084263.1_rotation_2_offset_7252	927	0.906149	0
SRR27841065.1519753	889	CM084263.1_rotation_0_offset_0	927	0.906149	0
SRR27841065.1519753	889	CM084263.1_rotation_1_offset_3626	838	0.908115	0
SRR27841065.1522466	6085	CM084263.1_rotation_0_offset_0	6140	0.975244	0
SRR27841065.1522466	6085	CM084263.1_rotation_1_offset_3626	6140	0.975244	0
SRR27841065.1522466	6085	CM084263.1_rotation_2_offset_7252	5416	0.974705	0
SRR27841065.1522466	6085	CM084263.1_rotation_3_offset_10878	4379	0.975794	0
SRR27841065.1523425	3766	CM084263.1_rotation_1_offset_3626	2661	0.965051	0
SRR27841065.1523425	3766	CM084263.1_rotation_0_offset_0	2661	0.965051	0
SRR27841065.1523425	3766	CM084263.1_rotation_2_offset_7252	2661	0.965051	0
SRR27841065.1523425	3766	CM084263.1_rotation_3_offset_10878	2661	0.965051	0
SRR27841065.1523425	3766	CM084263.1_rotation_0_offset_0	95	0.926316	33
SRR27841065.1528801	1041	CM084263.1_rotation_3_offset_10878	1051	0.974310	0
SRR27841065.1528801	1041	CM084263.1_rotation_0_offset_0	1051	0.974310	0
SRR27841065.1528801	1041	CM084263.1_rotation_2_offset_7252	1051	0.974310	0
SRR27841065.1528801	1041	CM084263.1_rotation_1_offset_3626	671	0.968703	0
SRR27841065.1534845	687	CM084263.1_rotation_3_offset_10878	699	0.955651	0
SRR27841065.1534845	687	CM084263.1_rotation_0_offset_0	699	0.955651	0
SRR27841065.1534845	687	CM084263.1_rotation_2_offset_7252	699	0.955651	0
SRR27841065.1534845	687	CM084263.1_rotation_1_offset_3626	699	0.955651	0
SRR27841065.1545374	1263	CM084263.1_rotation_0_offset_0	89	0.932584	20
SRR27841065.1545374	1263	CM084263.1_rotation_3_offset_10878	94	0.904255	0
SRR27841065.1545374	1263	CM084263.1_rotation_1_offset_3626	94	0.904255	0
SRR27841065.1545374	1263	CM084263.1_rotation_0_offset_0	94	0.904255	0
SRR27841065.1545374	1263	CM084263.1_rotation_2_offset_7252	94	0.904255	0
SRR27841065.1546424	1848	CM084263.1_rotation_2_offset_7252	495	0.379798	0
SRR27841065.1546424	1848	CM084263.1_rotation_1_offset_3626	495	0.379798	0
SRR27841065.1546424	1848	CM084263.1_rotation_3_offset_10878	495	0.379798	0
SRR27841065.1546424	1848	CM084263.1_rotation_0_offset_0	91	1.000000	0
SRR27841065.1546424	1848	CM084263.1_rotation_1_offset_3626	91	1.000000	0
SRR27841065.1546424	1848	CM084263.1_rotation_1_offset_3626	91	1.000000	0
SRR27841065.1546424	1848	CM084263.1_rotation_3_offset_10878	91	1.000000	0
SRR27841065.1546424	1848	CM084263.1_rotation_2_offset_7252	91	1.000000	0
SRR27841065.1546424	1848	CM084263.1_rotation_0_offset_0	91	1.000000	0
SRR27841065.1546424	1848	CM084263.1_rotation_3_offset_10878	91	1.000000	0
SRR27841065.1546424	1848	CM084263.1_rotation_2_offset_7252	91	1.000000	0
SRR27841065.1546424	1848	CM084263.1_rotation_3_offset_10878	89	1.000000	0
SRR27841065.1546424	1848	CM084263.1_rotation_2_offset_7252	89	1.000000	0
SRR27841065.1546424	1848	CM084263.1_rotation_0_offset_0	89	1.000000	0
SRR27841065.1546424	1848	CM084263.1_rotation_1_offset_3626	89	1.000000	0
SRR27841065.1546424	1848	CM084263.1_rotation_0_offset_0	92	0.989130	0
SRR27841065.1546424	1848	CM084263.1_rotation_0_offset_0	91	0.956044	0
SRR27841065.1546424	1848	CM084263.1_rotation_3_offset_10878	97	0.896907	0
SRR27841065.1546424	1848	CM084263.1_rotation_1_offset_3626	97	0.896907	0
SRR27841065.1546424	1848	CM084263.1_rotation_2_offset_7252	97	0.896907	0
SRR27841065.1546424	1848	CM084263.1_rotation_0_offset_0	97	0.896907	0
SRR27841065.1546424	1848	CM084263.1_rotation_0_offset_0	98	0.887755	46
SRR27841065.1546424	1848	CM084263.1_rotation_0_offset_0	88	0.965909	48
SRR27841065.1546676	629	CM084263.1_rotation_2_offset_7252	487	0.383984	0
SRR27841065.1546676	629	CM084263.1_rotation_1_offset_3626	487	0.383984	0
SRR27841065.1546676	629	CM084263.1_rotation_3_offset_10878	487	0.383984	0
SRR27841065.1546676	629	CM084263.1_rotation_0_offset_0	91	0.989011	0
SRR27841065.1546676	629	CM084263.1_rotation_2_offset_7252	91	0.956044	0
SRR27841065.1546676	629	CM084263.1_rotation_0_offset_0	91	0.956044	0
SRR27841065.1546676	629	CM084263.1_rotation_3_offset_10878	91	0.956044	0
SRR27841065.1546676	629	CM084263.1_rotation_1_offset_3626	91	0.956044	0
SRR27841065.1546676	629	CM084263.1_rotation_0_offset_0	95	0.915789	0
SRR27841065.1546854	2375	CM084263.1_rotation_3_offset_10878	2395	0.974530	0
SRR27841065.1546854	2375	CM084263.1_rotation_1_offset_3626	2395	0.974530	0
SRR27841065.1546854	2375	CM084263.1_rotation_0_offset_0	2395	0.974530	0
SRR27841065.1546854	2375	CM084263.1_rotation_2_offset_7252	1850	0.977297	0
SRR27841065.1548238	2112	CM084263.1_rotation_3_offset_10878	1537	0.924528	0
SRR27841065.1548238	2112	CM084263.1_rotation_0_offset_0	1537	0.924528	0
SRR27841065.1548238	2112	CM084263.1_rotation_2_offset_7252	1537	0.924528	0
SRR27841065.1548238	2112	CM084263.1_rotation_1_offset_3626	1537	0.924528	0
SRR27841065.1548238	2112	CM084263.1_rotation_0_offset_0	160	0.875000	0
SRR27841065.1548238	2112	CM084263.1_rotation_2_offset_7252	160	0.875000	0
SRR27841065.1548238	2112	CM084263.1_rotation_1_offset_3626	160	0.875000	0
SRR27841065.1548238	2112	CM084263.1_rotation_3_offset_10878	160	0.875000	0
SRR27841065.1550727	1376	CM084263.1_rotation_2_offset_7252	1388	0.981988	0
SRR27841065.1550727	1376	CM084263.1_rotation_3_offset_10878	1388	0.981988	0
SRR27841065.1550727	1376	CM084263.1_rotation_0_offset_0	1388	0.981988	0
SRR27841065.1550727	1376	CM084263.1_rotation_1_offset_3626	1388	0.981988	0
SRR27841065.1551223	18994	CM084263.1_rotation_0_offset_0	13763	0.918259	60
SRR27841065.1551223	18994	CM084263.1_rotation_3_offset_10878	16788	0.668692	60
SRR27841065.1551223	18994	CM084263.1_rotation_1_offset_3626	10079	0.918246	0
SRR27841065.1551223	18994	CM084263.1_rotation_2_offset_7252	13069	0.597138	0
SRR27841065.1551792	541	CM084263.1_rotation_1_offset_3626	564	0.874113	0
SRR27841065.1551792	541	CM084263.1_rotation_2_offset_7252	564	0.874113	0
SRR27841065.1551792	541	CM084263.1_rotation_0_offset_0	564	0.874113	0
SRR27841065.1551792	541	CM084263.1_rotation_3_offset_10878	564	0.874113	0
SRR27841065.1557898	428	CM084263.1_rotation_2_offset_7252	429	0.974359	0
SRR27841065.1557898	428	CM084263.1_rotation_0_offset_0	429	0.974359	0
SRR27841065.1557898	428	CM084263.1_rotation_1_offset_3626	429	0.974359	0
SRR27841065.1557898	428	CM084263.1_rotation_3_offset_10878	429	0.974359	0
SRR27841065.1559457	9517	CM084263.1_rotation_3_offset_10878	8005	0.957027	0
SRR27841065.1559457	9517	CM084263.1_rotation_0_offset_0	8005	0.957027	0
SRR27841065.1559457	9517	CM084263.1_rotation_2_offset_7252	7337	0.955295	0
SRR27841065.1559457	9517	CM084263.1_rotation_1_offset_3626	4351	0.958171	0
SRR27841065.1559457	9517	CM084263.1_rotation_1_offset_3626	91	1.000000	0
SRR27841065.1559457	9517	CM084263.1_rotation_2_offset_7252	91	1.000000	0
SRR27841065.1559457	9517	CM084263.1_rotation_0_offset_0	91	1.000000	0
SRR27841065.1559457	9517	CM084263.1_rotation_3_offset_10878	91	1.000000	0
SRR27841065.1559457	9517	CM084263.1_rotation_2_offset_7252	91	0.967033	0
SRR27841065.1559457	9517	CM084263.1_rotation_3_offset_10878	91	0.967033	0
SRR27841065.1559457	9517	CM084263.1_rotation_1_offset_3626	91	0.967033	0
SRR27841065.1559457	9517	CM084263.1_rotation_0_offset_0	91	0.967033	0
SRR27841065.1559457	9517	CM084263.1_rotation_0_offset_0	94	0.936170	34
SRR27841065.1572329	7247	CM084263.1_rotation_0_offset_0	7329	0.978715	0
SRR27841065.1572329	7247	CM084263.1_rotation_1_offset_3626	7329	0.978715	0
SRR27841065.1572329	7247	CM084263.1_rotation_2_offset_7252	6692	0.979079	0
SRR27841065.1572329	7247	CM084263.1_rotation_3_offset_10878	4281	0.978977	0
SRR27841065.1572572	537	CM084263.1_rotation_1_offset_3626	541	0.979667	0
SRR27841065.1572572	537	CM084263.1_rotation_2_offset_7252	541	0.979667	0
SRR27841065.1572572	537	CM084263.1_rotation_3_offset_10878	541	0.979667	0
SRR27841065.1572572	537	CM084263.1_rotation_0_offset_0	541	0.979667	0
SRR27841065.1580371	6484	CM084263.1_rotation_0_offset_0	3097	0.965128	0
SRR27841065.1580371	6484	CM084263.1_rotation_2_offset_7252	3097	0.965128	0
SRR27841065.1580371	6484	CM084263.1_rotation_3_offset_10878	3097	0.965128	0
SRR27841065.1580371	6484	CM084263.1_rotation_1_offset_3626	3097	0.965128	0
SRR27841065.1582440	459	CM084263.1_rotation_3_offset_10878	465	0.954839	0
SRR27841065.1582440	459	CM084263.1_rotation_0_offset_0	465	0.954839	0
SRR27841065.1582440	459	CM084263.1_rotation_1_offset_3626	465	0.954839	0
SRR27841065.1582440	459	CM084263.1_rotation_2_offset_7252	465	0.954839	0
SRR27841065.1589263	1690	CM084263.1_rotation_1_offset_3626	480	0.379167	0
SRR27841065.1589263	1690	CM084263.1_rotation_2_offset_7252	480	0.379167	0
SRR27841065.1589263	1690	CM084263.1_rotation_3_offset_10878	480	0.379167	0
SRR27841065.1589263	1690	CM084263.1_rotation_3_offset_10878	91	1.000000	0
SRR27841065.1589263	1690	CM084263.1_rotation_1_offset_3626	91	1.000000	0
SRR27841065.1589263	1690	CM084263.1_rotation_0_offset_0	91	1.000000	0
SRR27841065.1589263	1690	CM084263.1_rotation_2_offset_7252	91	1.000000	0
SRR27841065.1589263	1690	CM084263.1_rotation_0_offset_0	85	1.000000	0
SRR27841065.1589263	1690	CM084263.1_rotation_1_offset_3626	91	0.978022	0
SRR27841065.1589263	1690	CM084263.1_rotation_0_offset_0	98	0.928571	44
SRR27841065.1589263	1690	CM084263.1_rotation_3_offset_10878	91	0.978022	0
SRR27841065.1589263	1690	CM084263.1_rotation_3_offset_10878	98	0.928571	0
SRR27841065.1589263	1690	CM084263.1_rotation_2_offset_7252	91	0.978022	0
SRR27841065.1589263	1690	CM084263.1_rotation_2_offset_7252	98	0.928571	0
SRR27841065.1589263	1690	CM084263.1_rotation_1_offset_3626	98	0.928571	0
SRR27841065.1589263	1690	CM084263.1_rotation_0_offset_0	91	0.978022	0
SRR27841065.1589263	1690	CM084263.1_rotation_0_offset_0	93	0.935484	0
SRR27841065.1589263	1690	CM084263.1_rotation_0_offset_0	87	0.977011	55
SRR27841065.1593065	4498	CM084263.1_rotation_3_offset_10878	834	0.967626	0
SRR27841065.1593065	4498	CM084263.1_rotation_0_offset_0	834	0.967626	0
SRR27841065.1593065	4498	CM084263.1_rotation_2_offset_7252	834	0.967626	0
SRR27841065.1593065	4498	CM084263.1_rotation_1_offset_3626	834	0.967626	0
SRR27841065.1593065	4498	CM084263.1_rotation_1_offset_3626	711	0.804501	0
SRR27841065.1593065	4498	CM084263.1_rotation_3_offset_10878	711	0.804501	0
SRR27841065.1593065	4498	CM084263.1_rotation_0_offset_0	711	0.804501	0
SRR27841065.1593065	4498	CM084263.1_rotation_2_offset_7252	711	0.804501	0
SRR27841065.1593065	4498	CM084263.1_rotation_0_offset_0	91	1.000000	60
SRR27841065.1593065	4498	CM084263.1_rotation_0_offset_0	92	0.989130	60
SRR27841065.1594812	530	CM084263.1_rotation_2_offset_7252	540	0.957407	0
SRR27841065.1594812	530	CM084263.1_rotation_0_offset_0	540	0.957407	0
SRR27841065.1594812	530	CM084263.1_rotation_3_offset_10878	540	0.957407	0
SRR27841065.1594812	530	CM084263.1_rotation_1_offset_3626	326	0.969325	0
SRR27841065.1599123	9351	CM084263.1_rotation_3_offset_10878	4922	0.977651	0
SRR27841065.1599123	9351	CM084263.1_rotation_2_offset_7252	4922	0.977651	0
SRR27841065.1599123	9351	CM084263.1_rotation_0_offset_0	4862	0.981283	0
SRR27841065.1599123	9351	CM084263.1_rotation_1_offset_3626	3680	0.978533	0
SRR27841065.1599123	9351	CM084263.1_rotation_3_offset_10878	265	0.962264	0
SRR27841065.1599123	9351	CM084263.1_rotation_1_offset_3626	265	0.962264	0
SRR27841065.1599123	9351	CM084263.1_rotation_0_offset_0	265	0.962264	0
SRR27841065.1599123	9351	CM084263.1_rotation_2_offset_7252	265	0.962264	0
SRR27841065.1599123	9351	CM084263.1_rotation_1_offset_3626	91	1.000000	0
SRR27841065.1599123	9351	CM084263.1_rotation_0_offset_0	91	1.000000	0
SRR27841065.1599123	9351	CM084263.1_rotation_3_offset_10878	91	1.000000	0
SRR27841065.1599123	9351	CM084263.1_rotation_3_offset_10878	91	1.000000	0
SRR27841065.1599123	9351	CM084263.1_rotation_2_offset_7252	91	1.000000	0
SRR27841065.1599123	9351	CM084263.1_rotation_2_offset_7252	91	1.000000	0
SRR27841065.1599123	9351	CM084263.1_rotation_1_offset_3626	91	1.000000	0
SRR27841065.1599123	9351	CM084263.1_rotation_0_offset_0	91	1.000000	27
SRR27841065.1599123	9351	CM084263.1_rotation_1_offset_3626	92	0.989130	0
SRR27841065.1599123	9351	CM084263.1_rotation_3_offset_10878	92	0.989130	0
SRR27841065.1599123	9351	CM084263.1_rotation_2_offset_7252	92	0.989130	0
SRR27841065.1599123	9351	CM084263.1_rotation_2_offset_7252	94	0.968085	0
SRR27841065.1599123	9351	CM084263.1_rotation_1_offset_3626	94	0.968085	0
SRR27841065.1599123	9351	CM084263.1_rotation_3_offset_10878	94	0.968085	0
SRR27841065.1599123	9351	CM084263.1_rotation_0_offset_0	94	0.957447	45
SRR27841065.1599123	9351	CM084263.1_rotation_3_offset_10878	91	0.956044	1
SRR27841065.1599123	9351	CM084263.1_rotation_3_offset_10878	88	0.965909	1
SRR27841065.1599123	9351	CM084263.1_rotation_2_offset_7252	88	0.965909	0
SRR27841065.1599123	9351	CM084263.1_rotation_1_offset_3626	88	0.965909	0
SRR27841065.1603827	22343	CM084263.1_rotation_1_offset_3626	94	0.946809	0
SRR27841065.1603827	22343	CM084263.1_rotation_2_offset_7252	94	0.946809	0
SRR27841065.1603827	22343	CM084263.1_rotation_3_offset_10878	94	0.946809	0
SRR27841065.1603827	22343	CM084263.1_rotation_0_offset_0	94	0.946809	0
SRR27841065.1607230	8291	CM084263.1_rotation_1_offset_3626	7151	0.981122	0
SRR27841065.1607230	8291	CM084263.1_rotation_0_offset_0	7151	0.981122	0
SRR27841065.1607230	8291	CM084263.1_rotation_2_offset_7252	7151	0.981122	0
SRR27841065.1607230	8291	CM084263.1_rotation_3_offset_10878	3649	0.984379	0
SRR27841065.1607230	8291	CM084263.1_rotation_0_offset_0	92	0.989130	60
SRR27841065.1614605	2520	CM084263.1_rotation_2_offset_7252	2533	0.989735	0
SRR27841065.1614605	2520	CM084263.1_rotation_3_offset_10878	2533	0.989735	0
SRR27841065.1614605	2520	CM084263.1_rotation_0_offset_0	2533	0.989735	0
SRR27841065.1614605	2520	CM084263.1_rotation_1_offset_3626	1555	0.990354	0
SRR27841065.1619479	714	CM084263.1_rotation_2_offset_7252	717	0.984658	0
SRR27841065.1619479	714	CM084263.1_rotation_3_offset_10878	717	0.984658	0
SRR27841065.1619479	714	CM084263.1_rotation_1_offset_3626	717	0.984658	0
SRR27841065.1619479	714	CM084263.1_rotation_0_offset_0	717	0.984658	0
SRR27841065.1624443	1420	CM084263.1_rotation_3_offset_10878	1426	0.982468	0
SRR27841065.1624443	1420	CM084263.1_rotation_1_offset_3626	1426	0.982468	0
SRR27841065.1624443	1420	CM084263.1_rotation_0_offset_0	1426	0.982468	0
SRR27841065.1624443	1420	CM084263.1_rotation_2_offset_7252	1426	0.982468	0
SRR27841065.1625880	2946	CM084263.1_rotation_3_offset_10878	3015	0.943615	0
SRR27841065.1625880	2946	CM084263.1_rotation_0_offset_0	3015	0.943615	0
SRR27841065.1625880	2946	CM084263.1_rotation_1_offset_3626	3015	0.943615	0
SRR27841065.1625880	2946	CM084263.1_rotation_2_offset_7252	1463	0.955571	0
SRR27841065.1627944	944	CM084263.1_rotation_3_offset_10878	157	0.859873	0
SRR27841065.1627944	944	CM084263.1_rotation_1_offset_3626	157	0.859873	0
SRR27841065.1627944	944	CM084263.1_rotation_2_offset_7252	157	0.859873	0
SRR27841065.1627944	944	CM084263.1_rotation_0_offset_0	91	1.000000	0
SRR27841065.1627944	944	CM084263.1_rotation_0_offset_0	87	0.977011	1
SRR27841065.1627944	944	CM084263.1_rotation_3_offset_10878	87	0.977011	0
SRR27841065.1627944	944	CM084263.1_rotation_1_offset_3626	87	0.977011	0
SRR27841065.1627944	944	CM084263.1_rotation_2_offset_7252	87	0.977011	0
SRR27841065.1629448	987	CM084263.1_rotation_0_offset_0	986	0.981744	0
SRR27841065.1629448	987	CM084263.1_rotation_1_offset_3626	986	0.981744	0
SRR27841065.1629448	987	CM084263.1_rotation_3_offset_10878	986	0.981744	0
SRR27841065.1629448	987	CM084263.1_rotation_2_offset_7252	986	0.981744	0
SRR27841065.1632897	616	CM084263.1_rotation_3_offset_10878	92	0.989130	0
SRR27841065.1632897	616	CM084263.1_rotation_0_offset_0	92	0.989130	0
SRR27841065.1632897	616	CM084263.1_rotation_2_offset_7252	92	0.989130	0
SRR27841065.1632897	616	CM084263.1_rotation_1_offset_3626	92	0.989130	0
SRR27841065.1632897	616	CM084263.1_rotation_2_offset_7252	89	0.977528	1
SRR27841065.1632897	616	CM084263.1_rotation_3_offset_10878	89	0.977528	0
SRR27841065.1632897	616	CM084263.1_rotation_1_offset_3626	89	0.977528	0
SRR27841065.1632897	616	CM084263.1_rotation_0_offset_0	89	0.977528	0
SRR27841065.1636699	932	CM084263.1_rotation_3_offset_10878	935	0.987166	0
SRR27841065.1636699	932	CM084263.1_rotation_1_offset_3626	935	0.987166	0
SRR27841065.1636699	932	CM084263.1_rotation_0_offset_0	935	0.987166	0
SRR27841065.1636699	932	CM084263.1_rotation_2_offset_7252	623	0.987159	0
SRR27841065.1638513	6352	CM084263.1_rotation_0_offset_0	6365	0.980518	0
SRR27841065.1638513	6352	CM084263.1_rotation_3_offset_10878	6365	0.980518	0
SRR27841065.1638513	6352	CM084263.1_rotation_2_offset_7252	5323	0.983092	0
SRR27841065.1638513	6352	CM084263.1_rotation_1_offset_3626	4687	0.981011	0
SRR27841065.1643533	14751	CM084263.1_rotation_0_offset_0	2045	0.919315	0
SRR27841065.1643533	14751	CM084263.1_rotation_1_offset_3626	2045	0.919315	0
SRR27841065.1643533	14751	CM084263.1_rotation_3_offset_10878	2045	0.919315	0
SRR27841065.1643533	14751	CM084263.1_rotation_2_offset_7252	2045	0.919315	0
SRR27841065.1643940	559	CM084263.1_rotation_3_offset_10878	559	0.985689	0
SRR27841065.1643940	559	CM084263.1_rotation_2_offset_7252	559	0.985689	0
SRR27841065.1643940	559	CM084263.1_rotation_0_offset_0	559	0.985689	0
SRR27841065.1643940	559	CM084263.1_rotation_1_offset_3626	559	0.985689	0
SRR27841065.1653469	527	CM084263.1_rotation_0_offset_0	529	0.979206	0
SRR27841065.1653469	527	CM084263.1_rotation_1_offset_3626	529	0.979206	0
SRR27841065.1653469	527	CM084263.1_rotation_2_offset_7252	529	0.979206	0
SRR27841065.1653469	527	CM084263.1_rotation_3_offset_10878	529	0.979206	0
SRR27841065.1667651	8195	CM084263.1_rotation_0_offset_0	3787	0.979667	0
SRR27841065.1667651	8195	CM084263.1_rotation_3_offset_10878	3787	0.979667	0
SRR27841065.1667651	8195	CM084263.1_rotation_2_offset_7252	3787	0.979667	0
SRR27841065.1667651	8195	CM084263.1_rotation_1_offset_3626	3623	0.979575	0
SRR27841065.1667651	8195	CM084263.1_rotation_0_offset_0	91	1.000000	0
SRR27841065.1667651	8195	CM084263.1_rotation_1_offset_3626	91	1.000000	0
SRR27841065.1667651	8195	CM084263.1_rotation_3_offset_10878	91	1.000000	0
SRR27841065.1667651	8195	CM084263.1_rotation_2_offset_7252	91	1.000000	0
SRR27841065.1667651	8195	CM084263.1_rotation_0_offset_0	91	1.000000	0
SRR27841065.1667651	8195	CM084263.1_rotation_2_offset_7252	91	1.000000	0
SRR27841065.1667651	8195	CM084263.1_rotation_0_offset_0	91	1.000000	0
SRR27841065.1667651	8195	CM084263.1_rotation_3_offset_10878	91	1.000000	0
SRR27841065.1667651	8195	CM084263.1_rotation_3_offset_10878	91	1.000000	0
SRR27841065.1667651	8195	CM084263.1_rotation_3_offset_10878	91	1.000000	0
SRR27841065.1667651	8195	CM084263.1_rotation_3_offset_10878	91	1.000000	0
SRR27841065.1667651	8195	CM084263.1_rotation_3_offset_10878	91	1.000000	0
SRR27841065.1667651	8195	CM084263.1_rotation_2_offset_7252	91	1.000000	0
SRR27841065.1667651	8195	CM084263.1_rotation_1_offset_3626	91	1.000000	0
SRR27841065.1667651	8195	CM084263.1_rotation_1_offset_3626	91	1.000000	0
SRR27841065.1667651	8195	CM084263.1_rotation_2_offset_7252	91	1.000000	0
SRR27841065.1667651	8195	CM084263.1_rotation_1_offset_3626	91	1.000000	0
SRR27841065.1667651	8195	CM084263.1_rotation_2_offset_7252	91	1.000000	0
SRR27841065.1667651	8195	CM084263.1_rotation_1_offset_3626	91	1.000000	0
SRR27841065.1667651	8195	CM084263.1_rotation_2_offset_7252	91	1.000000	0
SRR27841065.1667651	8195	CM084263.1_rotation_1_offset_3626	91	1.000000	0
SRR27841065.1667651	8195	CM084263.1_rotation_3_offset_10878	91	0.989011	0
SRR27841065.1667651	8195	CM084263.1_rotation_2_offset_7252	91	0.989011	0
SRR27841065.1667651	8195	CM084263.1_rotation_1_offset_3626	91	0.989011	0
SRR27841065.1667651	8195	CM084263.1_rotation_2_offset_7252	91	0.989011	1
SRR27841065.1667651	8195	CM084263.1_rotation_2_offset_7252	93	0.935484	1
SRR27841065.1675057	25376	CM084263.1_rotation_1_offset_3626	13311	0.704680	31
SRR27841065.1675057	25376	CM084263.1_rotation_2_offset_7252	13059	0.699211	0
SRR27841065.1675057	25376	CM084263.1_rotation_0_offset_0	7658	0.930269	0
SRR27841065.1675057	25376	CM084263.1_rotation_1_offset_3626	13135	0.649258	26
SRR27841065.1675057	25376	CM084263.1_rotation_2_offset_7252	12855	0.644652	0
SRR27841065.1675057	25376	CM084263.1_rotation_3_offset_10878	9346	0.611492	0
SRR27841065.1675057	25376	CM084263.1_rotation_0_offset_0	7648	0.827798	0
SRR27841065.1675057	25376	CM084263.1_rotation_3_offset_10878	9192	0.568538	0
SRR27841065.1677559	1379	CM084263.1_rotation_3_offset_10878	1405	0.963701	0
SRR27841065.1677559	1379	CM084263.1_rotation_1_offset_3626	1405	0.963701	0
SRR27841065.1677559	1379	CM084263.1_rotation_0_offset_0	1405	0.963701	0
SRR27841065.1677559	1379	CM084263.1_rotation_2_offset_7252	1405	0.963701	0
SRR27841065.1681045	1915	CM084263.1_rotation_2_offset_7252	228	0.877193	0
SRR27841065.1681045	1915	CM084263.1_rotation_3_offset_10878	228	0.877193	0
SRR27841065.1681045	1915	CM084263.1_rotation_1_offset_3626	228	0.877193	0
SRR27841065.1681045	1915	CM084263.1_rotation_0_offset_0	168	0.946429	0
SRR27841065.1681045	1915	CM084263.1_rotation_3_offset_10878	151	0.827815	0
SRR27841065.1681045	1915	CM084263.1_rotation_2_offset_7252	151	0.827815	0
SRR27841065.1681045	1915	CM084263.1_rotation_1_offset_3626	151	0.827815	0
SRR27841065.1681045	1915	CM084263.1_rotation_3_offset_10878	91	0.989011	0
SRR27841065.1681045	1915	CM084263.1_rotation_0_offset_0	91	0.989011	0
SRR27841065.1681045	1915	CM084263.1_rotation_3_offset_10878	91	0.989011	0
SRR27841065.1681045	1915	CM084263.1_rotation_2_offset_7252	91	0.989011	0
SRR27841065.1681045	1915	CM084263.1_rotation_1_offset_3626	91	0.989011	0
SRR27841065.1681045	1915	CM084263.1_rotation_1_offset_3626	91	0.989011	0
SRR27841065.1681045	1915	CM084263.1_rotation_2_offset_7252	91	0.989011	0
SRR27841065.1681045	1915	CM084263.1_rotation_0_offset_0	91	0.989011	0
SRR27841065.1681045	1915	CM084263.1_rotation_0_offset_0	95	0.905263	47
SRR27841065.1681045	1915	CM084263.1_rotation_0_offset_0	92	0.934783	0
SRR27841065.1681045	1915	CM084263.1_rotation_0_offset_0	89	0.955056	19
SRR27841065.1681045	1915	CM084263.1_rotation_3_offset_10878	85	0.905882	0
SRR27841065.1681045	1915	CM084263.1_rotation_0_offset_0	85	0.905882	0
SRR27841065.1681045	1915	CM084263.1_rotation_1_offset_3626	85	0.905882	0
SRR27841065.1681045	1915	CM084263.1_rotation_2_offset_7252	85	0.905882	0
SRR27841065.1681045	1915	CM084263.1_rotation_0_offset_0	87	0.885057	5
SRR27841065.1684053	2281	CM084263.1_rotation_0_offset_0	2328	0.939433	0
SRR27841065.1684053	2281	CM084263.1_rotation_2_offset_7252	2328	0.939433	0
SRR27841065.1684053	2281	CM084263.1_rotation_1_offset_3626	2328	0.939433	0
SRR27841065.1684053	2281	CM084263.1_rotation_3_offset_10878	1613	0.943583	0
SRR27841065.1685592	15924	CM084263.1_rotation_0_offset_0	14548	0.988040	60
SRR27841065.1685592	15924	CM084263.1_rotation_1_offset_3626	10912	0.989095	0
SRR27841065.1685592	15924	CM084263.1_rotation_3_offset_10878	10973	0.986421	0
SRR27841065.1685592	15924	CM084263.1_rotation_2_offset_7252	7271	0.989272	0
SRR27841065.1685592	15924	CM084263.1_rotation_2_offset_7252	7336	0.984188	0
SRR27841065.1685592	15924	CM084263.1_rotation_0_offset_0	91	1.000000	21
SRR27841065.1685592	15924	CM084263.1_rotation_1_offset_3626	87	1.000000	17
SRR27841065.1685592	15924	CM084263.1_rotation_2_offset_7252	87	1.000000	0
SRR27841065.1685592	15924	CM084263.1_rotation_0_offset_0	89	0.977528	58
SRR27841065.1689291	1911	CM084263.1_rotation_0_offset_0	1069	0.976614	0
SRR27841065.1689291	1911	CM084263.1_rotation_3_offset_10878	1069	0.976614	0
SRR27841065.1689291	1911	CM084263.1_rotation_2_offset_7252	1069	0.976614	0
SRR27841065.1689291	1911	CM084263.1_rotation_1_offset_3626	1069	0.976614	0
SRR27841065.1689291	1911	CM084263.1_rotation_1_offset_3626	1019	0.754661	0
SRR27841065.1689291	1911	CM084263.1_rotation_2_offset_7252	1019	0.754661	0
SRR27841065.1689291	1911	CM084263.1_rotation_3_offset_10878	1019	0.754661	0
SRR27841065.1689291	1911	CM084263.1_rotation_0_offset_0	1019	0.754661	0
SRR27841065.1689494	1302	CM084263.1_rotation_3_offset_10878	1314	0.979452	0
SRR27841065.1689494	1302	CM084263.1_rotation_1_offset_3626	1314	0.979452	0
SRR27841065.1689494	1302	CM084263.1_rotation_2_offset_7252	1314	0.979452	0
SRR27841065.1689494	1302	CM084263.1_rotation_0_offset_0	1314	0.979452	0
SRR27841065.1691819	1221	CM084263.1_rotation_3_offset_10878	1256	0.942675	0
SRR27841065.1691819	1221	CM084263.1_rotation_1_offset_3626	1256	0.942675	0
SRR27841065.1691819	1221	CM084263.1_rotation_0_offset_0	1256	0.942675	0
SRR27841065.1691819	1221	CM084263.1_rotation_2_offset_7252	706	0.964589	0
SRR27841065.1701891	3847	CM084263.1_rotation_0_offset_0	3896	0.975873	0
SRR27841065.1701891	3847	CM084263.1_rotation_3_offset_10878	3896	0.975873	0
SRR27841065.1701891	3847	CM084263.1_rotation_1_offset_3626	3896	0.975873	0
SRR27841065.1701891	3847	CM084263.1_rotation_2_offset_7252	2883	0.972598	0
SRR27841065.1702285	3403	CM084263.1_rotation_0_offset_0	1979	0.972713	0
SRR27841065.1702285	3403	CM084263.1_rotation_2_offset_7252	1979	0.972713	0
SRR27841065.1702285	3403	CM084263.1_rotation_3_offset_10878	1979	0.972713	0
SRR27841065.1702285	3403	CM084263.1_rotation_1_offset_3626	1979	0.972713	0
SRR27841065.1702285	3403	CM084263.1_rotation_2_offset_7252	91	1.000000	0
SRR27841065.1702285	3403	CM084263.1_rotation_0_offset_0	91	1.000000	0
SRR27841065.1702285	3403	CM084263.1_rotation_3_offset_10878	91	1.000000	0
SRR27841065.1702285	3403	CM084263.1_rotation_1_offset_3626	91	1.000000	0
SRR27841065.1702285	3403	CM084263.1_rotation_0_offset_0	92	0.989130	19
SRR27841065.1702285	3403	CM084263.1_rotation_2_offset_7252	91	0.956044	0
SRR27841065.1702285	3403	CM084263.1_rotation_0_offset_0	91	0.956044	0
SRR27841065.1702285	3403	CM084263.1_rotation_3_offset_10878	91	0.956044	0
SRR27841065.1702285	3403	CM084263.1_rotation_1_offset_3626	91	0.956044	0
SRR27841065.1702520	803	CM084263.1_rotation_1_offset_3626	809	0.971570	0
SRR27841065.1702520	803	CM084263.1_rotation_0_offset_0	809	0.971570	0
SRR27841065.1702520	803	CM084263.1_rotation_3_offset_10878	809	0.971570	0
SRR27841065.1702520	803	CM084263.1_rotation_2_offset_7252	809	0.971570	0
SRR27841065.1702922	12860	CM084263.1_rotation_1_offset_3626	2058	0.912536	0
SRR27841065.1702922	12860	CM084263.1_rotation_3_offset_10878	2058	0.912536	0
SRR27841065.1702922	12860	CM084263.1_rotation_2_offset_7252	2058	0.912536	0
SRR27841065.1702922	12860	CM084263.1_rotation_0_offset_0	2058	0.912536	0
SRR27841065.1703592	1428	CM084263.1_rotation_0_offset_0	1103	0.961922	0
SRR27841065.1703592	1428	CM084263.1_rotation_1_offset_3626	1103	0.961922	0
SRR27841065.1703592	1428	CM084263.1_rotation_3_offset_10878	1103	0.961922	0
SRR27841065.1703592	1428	CM084263.1_rotation_2_offset_7252	1103	0.961922	0
SRR27841065.1705758	19930	CM084263.1_rotation_1_offset_3626	17994	0.792209	60
SRR27841065.1705758	19930	CM084263.1_rotation_2_offset_7252	15652	0.765334	0
SRR27841065.1705758	19930	CM084263.1_rotation_0_offset_0	11739	0.977255	0
SRR27841065.1705758	19930	CM084263.1_rotation_3_offset_10878	12002	0.700550	0
SRR27841065.1705758	19930	CM084263.1_rotation_3_offset_10878	8093	0.974546	0
SRR27841065.1705758	19930	CM084263.1_rotation_1_offset_3626	1322	0.962935	60
SRR27841065.1705758	19930	CM084263.1_rotation_1_offset_3626	779	0.984596	60
SRR27841065.1716664	3633	CM084263.1_rotation_3_offset_10878	3655	0.986047	0
SRR27841065.1716664	3633	CM084263.1_rotation_0_offset_0	3655	0.986047	0
SRR27841065.1716664	3633	CM084263.1_rotation_2_offset_7252	3655	0.986047	0
SRR27841065.1716664	3633	CM084263.1_rotation_1_offset_3626	1949	0.985634	0
SRR27841065.1719546	1622	CM084263.1_rotation_1_offset_3626	1650	0.950303	0
SRR27841065.1719546	1622	CM084263.1_rotation_3_offset_10878	1650	0.950303	0
SRR27841065.1719546	1622	CM084263.1_rotation_0_offset_0	1650	0.950303	0
SRR27841065.1719546	1622	CM084263.1_rotation_2_offset_7252	1650	0.950303	0
SRR27841065.1721212	612	CM084263.1_rotation_3_offset_10878	602	0.916944	0
SRR27841065.1721212	612	CM084263.1_rotation_2_offset_7252	602	0.916944	0
SRR27841065.1721212	612	CM084263.1_rotation_1_offset_3626	602	0.916944	0
SRR27841065.1721212	612	CM084263.1_rotation_0_offset_0	602	0.916944	0
SRR27841065.1721463	5789	CM084263.1_rotation_3_offset_10878	1152	0.970486	0
SRR27841065.1721463	5789	CM084263.1_rotation_1_offset_3626	1152	0.970486	0
SRR27841065.1721463	5789	CM084263.1_rotation_0_offset_0	1152	0.970486	0
SRR27841065.1721463	5789	CM084263.1_rotation_2_offset_7252	1152	0.970486	0
SRR27841065.1725117	432	CM084263.1_rotation_2_offset_7252	439	0.981777	0
SRR27841065.1725117	432	CM084263.1_rotation_3_offset_10878	439	0.981777	0
SRR27841065.1725117	432	CM084263.1_rotation_1_offset_3626	439	0.981777	0
SRR27841065.1725117	432	CM084263.1_rotation_0_offset_0	439	0.981777	0
SRR27841065.1728966	1308	CM084263.1_rotation_3_offset_10878	1346	0.919019	0
SRR27841065.1728966	1308	CM084263.1_rotation_0_offset_0	1346	0.919019	0
SRR27841065.1728966	1308	CM084263.1_rotation_2_offset_7252	1346	0.919019	0
SRR27841065.1728966	1308	CM084263.1_rotation_1_offset_3626	1346	0.919019	0
SRR27841065.1734932	947	CM084263.1_rotation_2_offset_7252	957	0.986416	0
SRR27841065.1734932	947	CM084263.1_rotation_3_offset_10878	957	0.986416	0
SRR27841065.1734932	947	CM084263.1_rotation_1_offset_3626	957	0.986416	0
SRR27841065.1734932	947	CM084263.1_rotation_0_offset_0	957	0.986416	0
SRR27841065.1742327	1336	CM084263.1_rotation_2_offset_7252	1340	0.984328	0
SRR27841065.1742327	1336	CM084263.1_rotation_1_offset_3626	1340	0.984328	0
SRR27841065.1742327	1336	CM084263.1_rotation_0_offset_0	1340	0.984328	0
SRR27841065.1742327	1336	CM084263.1_rotation_3_offset_10878	1054	0.983871	0
SRR27841065.1744645	13515	CM084263.1_rotation_0_offset_0	10390	0.975457	0
SRR27841065.1744645	13515	CM084263.1_rotation_1_offset_3626	10390	0.975457	0
SRR27841065.1744645	13515	CM084263.1_rotation_2_offset_7252	7303	0.975216	0
SRR27841065.1744645	13515	CM084263.1_rotation_3_offset_10878	6746	0.973169	0
SRR27841065.1744645	13515	CM084263.1_rotation_1_offset_3626	523	0.810707	0
SRR27841065.1744645	13515	CM084263.1_rotation_0_offset_0	523	0.810707	0
SRR27841065.1744645	13515	CM084263.1_rotation_3_offset_10878	523	0.810707	0
SRR27841065.1744645	13515	CM084263.1_rotation_2_offset_7252	523	0.810707	0
SRR27841065.1744645	13515	CM084263.1_rotation_0_offset_0	91	1.000000	60
SRR27841065.1744645	13515	CM084263.1_rotation_0_offset_0	93	0.978495	60
SRR27841065.1744645	13515	CM084263.1_rotation_0_offset_0	91	0.978022	59
SRR27841065.1744645	13515	CM084263.1_rotation_0_offset_0	91	0.978022	59
SRR27841065.1744645	13515	CM084263.1_rotation_0_offset_0	91	0.978022	45
SRR27841065.1745846	1003	CM084263.1_rotation_0_offset_0	1019	0.963690	0
SRR27841065.1745846	1003	CM084263.1_rotation_3_offset_10878	1019	0.963690	0
SRR27841065.1745846	1003	CM084263.1_rotation_2_offset_7252	1019	0.963690	0
SRR27841065.1745846	1003	CM084263.1_rotation_1_offset_3626	980	0.962245	0
SRR27841065.1750737	11264	CM084263.1_rotation_2_offset_7252	5829	0.974610	0
SRR27841065.1750737	11264	CM084263.1_rotation_0_offset_0	5829	0.974610	0
SRR27841065.1750737	11264	CM084263.1_rotation_1_offset_3626	5829	0.974610	0
SRR27841065.1750737	11264	CM084263.1_rotation_3_offset_10878	3655	0.974555	0
SRR27841065.1750737	11264	CM084263.1_rotation_0_offset_0	93	0.978495	60
SRR27841065.1750737	11264	CM084263.1_rotation_0_offset_0	91	0.989011	0
SRR27841065.1750737	11264	CM084263.1_rotation_3_offset_10878	91	0.989011	0
SRR27841065.1750737	11264	CM084263.1_rotation_2_offset_7252	91	0.989011	0
SRR27841065.1750737	11264	CM084263.1_rotation_1_offset_3626	91	0.989011	0
SRR27841065.1750737	11264	CM084263.1_rotation_0_offset_0	92	0.978261	60
SRR27841065.1750737	11264	CM084263.1_rotation_0_offset_0	91	0.978022	41
SRR27841065.1750737	11264	CM084263.1_rotation_0_offset_0	91	0.978022	60
SRR27841065.1750737	11264	CM084263.1_rotation_1_offset_3626	95	0.915789	0
SRR27841065.1750737	11264	CM084263.1_rotation_0_offset_0	95	0.915789	0
SRR27841065.1750737	11264	CM084263.1_rotation_3_offset_10878	95	0.915789	0
SRR27841065.1750737	11264	CM084263.1_rotation_2_offset_7252	93	0.935484	0
SRR27841065.1750737	11264	CM084263.1_rotation_0_offset_0	89	0.977528	44
SRR27841065.1750737	11264	CM084263.1_rotation_1_offset_3626	93	0.935484	0
SRR27841065.1750737	11264	CM084263.1_rotation_0_offset_0	93	0.935484	0
SRR27841065.1750737	11264	CM084263.1_rotation_3_offset_10878	93	0.935484	0
SRR27841065.1750737	11264	CM084263.1_rotation_2_offset_7252	95	0.915789	0
SRR27841065.1750737	11264	CM084263.1_rotation_0_offset_0	92	0.956522	30
SRR27841065.1750737	11264	CM084263.1_rotation_0_offset_0	91	0.945055	42
SRR27841065.1750737	11264	CM084263.1_rotation_0_offset_0	92	0.934783	33
SRR27841065.1753237	1021	CM084263.1_rotation_3_offset_10878	1030	0.977670	0
SRR27841065.1753237	1021	CM084263.1_rotation_1_offset_3626	1030	0.977670	0
SRR27841065.1753237	1021	CM084263.1_rotation_2_offset_7252	1030	0.977670	0
SRR27841065.1753237	1021	CM084263.1_rotation_0_offset_0	1030	0.977670	0
SRR27841065.1754780	902	CM084263.1_rotation_1_offset_3626	911	0.963776	0
SRR27841065.1754780	902	CM084263.1_rotation_3_offset_10878	911	0.963776	0
SRR27841065.1754780	902	CM084263.1_rotation_2_offset_7252	911	0.963776	0
SRR27841065.1754780	902	CM084263.1_rotation_0_offset_0	911	0.963776	0
SRR27841065.1755156	3860	CM084263.1_rotation_3_offset_10878	3950	0.939747	0
SRR27841065.1755156	3860	CM084263.1_rotation_1_offset_3626	3950	0.939747	0
SRR27841065.1755156	3860	CM084263.1_rotation_0_offset_0	3950	0.939747	0
SRR27841065.1755156	3860	CM084263.1_rotation_2_offset_7252	3429	0.941091	0
SRR27841065.1755812	1692	CM084263.1_rotation_1_offset_3626	1707	0.976567	0
SRR27841065.1755812	1692	CM084263.1_rotation_2_offset_7252	1707	0.976567	0
SRR27841065.1755812	1692	CM084263.1_rotation_0_offset_0	1707	0.976567	0
SRR27841065.1755812	1692	CM084263.1_rotation_3_offset_10878	1707	0.976567	0
SRR27841065.1757886	837	CM084263.1_rotation_0_offset_0	778	0.980720	0
SRR27841065.1757886	837	CM084263.1_rotation_1_offset_3626	778	0.980720	0
SRR27841065.1757886	837	CM084263.1_rotation_3_offset_10878	778	0.980720	0
SRR27841065.1757886	837	CM084263.1_rotation_2_offset_7252	778	0.980720	0
SRR27841065.1759343	2256	CM084263.1_rotation_2_offset_7252	2360	0.863559	0
SRR27841065.1759343	2256	CM084263.1_rotation_3_offset_10878	2360	0.863559	0
SRR27841065.1759343	2256	CM084263.1_rotation_0_offset_0	2360	0.863559	0
SRR27841065.1759343	2256	CM084263.1_rotation_1_offset_3626	2360	0.863559	0
SRR27841065.1761744	5346	CM084263.1_rotation_0_offset_0	5608	0.876427	0
SRR27841065.1761744	5346	CM084263.1_rotation_2_offset_7252	5608	0.876427	0
SRR27841065.1761744	5346	CM084263.1_rotation_3_offset_10878	5608	0.876427	0
SRR27841065.1761744	5346	CM084263.1_rotation_1_offset_3626	3459	0.869615	0
SRR27841065.1763298	773	CM084263.1_rotation_0_offset_0	772	0.993523	0
SRR27841065.1763298	773	CM084263.1_rotation_2_offset_7252	772	0.993523	0
SRR27841065.1763298	773	CM084263.1_rotation_1_offset_3626	772	0.993523	0
SRR27841065.1763298	773	CM084263.1_rotation_3_offset_10878	560	0.994643	0
SRR27841065.1763916	1805	CM084263.1_rotation_1_offset_3626	1833	0.972722	0
SRR27841065.1763916	1805	CM084263.1_rotation_2_offset_7252	1833	0.972722	0
SRR27841065.1763916	1805	CM084263.1_rotation_3_offset_10878	1833	0.972722	0
SRR27841065.1763916	1805	CM084263.1_rotation_0_offset_0	1833	0.972722	0
SRR27841065.1764931	4868	CM084263.1_rotation_2_offset_7252	4978	0.944757	0
SRR27841065.1764931	4868	CM084263.1_rotation_3_offset_10878	4978	0.944757	0
SRR27841065.1764931	4868	CM084263.1_rotation_0_offset_0	4978	0.944757	0
SRR27841065.1764931	4868	CM084263.1_rotation_1_offset_3626	3268	0.945838	0
SRR27841065.1765199	69175	CM084263.1_rotation_0_offset_0	294	0.880952	0
SRR27841065.1765199	69175	CM084263.1_rotation_2_offset_7252	294	0.880952	0
SRR27841065.1765199	69175	CM084263.1_rotation_3_offset_10878	294	0.880952	0
SRR27841065.1765199	69175	CM084263.1_rotation_1_offset_3626	294	0.880952	0
SRR27841065.1767764	6531	CM084263.1_rotation_0_offset_0	6266	0.934727	0
SRR27841065.1767764	6531	CM084263.1_rotation_3_offset_10878	6266	0.934727	0
SRR27841065.1767764	6531	CM084263.1_rotation_1_offset_3626	6266	0.934727	0
SRR27841065.1767764	6531	CM084263.1_rotation_2_offset_7252	3549	0.941110	0
SRR27841065.1768139	580	CM084263.1_rotation_3_offset_10878	91	1.000000	0
SRR27841065.1768139	580	CM084263.1_rotation_0_offset_0	91	1.000000	0
SRR27841065.1768139	580	CM084263.1_rotation_1_offset_3626	91	1.000000	0
SRR27841065.1768139	580	CM084263.1_rotation_2_offset_7252	91	1.000000	0
SRR27841065.1768139	580	CM084263.1_rotation_2_offset_7252	91	0.956044	0
SRR27841065.1768139	580	CM084263.1_rotation_1_offset_3626	91	0.956044	0
SRR27841065.1768139	580	CM084263.1_rotation_0_offset_0	91	0.956044	0
SRR27841065.1768139	580	CM084263.1_rotation_3_offset_10878	91	0.956044	0
SRR27841065.1773126	867	CM084263.1_rotation_0_offset_0	870	0.973563	0
SRR27841065.1773126	867	CM084263.1_rotation_1_offset_3626	870	0.973563	0
SRR27841065.1773126	867	CM084263.1_rotation_2_offset_7252	870	0.973563	0
SRR27841065.1773126	867	CM084263.1_rotation_3_offset_10878	870	0.973563	0
SRR27841065.1778534	14013	CM084263.1_rotation_0_offset_0	91	1.000000	0
SRR27841065.1778534	14013	CM084263.1_rotation_3_offset_10878	91	1.000000	0
SRR27841065.1778534	14013	CM084263.1_rotation_2_offset_7252	91	1.000000	0
SRR27841065.1778534	14013	CM084263.1_rotation_1_offset_3626	91	1.000000	0
SRR27841065.1778534	14013	CM084263.1_rotation_0_offset_0	91	0.989011	0
SRR27841065.1778534	14013	CM084263.1_rotation_1_offset_3626	91	0.989011	0
SRR27841065.1778534	14013	CM084263.1_rotation_2_offset_7252	91	0.989011	0
SRR27841065.1778534	14013	CM084263.1_rotation_3_offset_10878	91	0.989011	0
SRR27841065.1778534	14013	CM084263.1_rotation_1_offset_3626	91	0.989011	0
SRR27841065.1778534	14013	CM084263.1_rotation_3_offset_10878	91	0.989011	0
SRR27841065.1778534	14013	CM084263.1_rotation_2_offset_7252	91	0.989011	0
SRR27841065.1778534	14013	CM084263.1_rotation_0_offset_0	85	1.000000	0
SRR27841065.1778534	14013	CM084263.1_rotation_2_offset_7252	85	1.000000	0
SRR27841065.1778534	14013	CM084263.1_rotation_1_offset_3626	85	1.000000	0
SRR27841065.1778534	14013	CM084263.1_rotation_3_offset_10878	85	1.000000	0
SRR27841065.1778534	14013	CM084263.1_rotation_1_offset_3626	89	0.977528	1
SRR27841065.1778534	14013	CM084263.1_rotation_0_offset_0	89	0.977528	0
SRR27841065.1778534	14013	CM084263.1_rotation_2_offset_7252	89	0.977528	0
SRR27841065.1778534	14013	CM084263.1_rotation_3_offset_10878	89	0.977528	0
SRR27841065.1778534	14013	CM084263.1_rotation_0_offset_0	91	0.956044	0
SRR27841065.1778534	14013	CM084263.1_rotation_2_offset_7252	91	0.956044	0
SRR27841065.1778534	14013	CM084263.1_rotation_3_offset_10878	91	0.956044	0
SRR27841065.1778534	14013	CM084263.1_rotation_1_offset_3626	91	0.956044	0
SRR27841065.1778534	14013	CM084263.1_rotation_1_offset_3626	87	0.977011	1
SRR27841065.1778534	14013	CM084263.1_rotation_2_offset_7252	87	0.977011	0
SRR27841065.1778534	14013	CM084263.1_rotation_3_offset_10878	87	0.977011	0
SRR27841065.1778534	14013	CM084263.1_rotation_0_offset_0	92	0.934783	54
SRR27841065.1779167	888	CM084263.1_rotation_3_offset_10878	91	0.967033	0
SRR27841065.1779167	888	CM084263.1_rotation_2_offset_7252	91	0.967033	0
SRR27841065.1779167	888	CM084263.1_rotation_1_offset_3626	91	0.967033	0
SRR27841065.1779167	888	CM084263.1_rotation_0_offset_0	91	0.967033	0
SRR27841065.1779167	888	CM084263.1_rotation_0_offset_0	93	0.903226	0
SRR27841065.1779167	888	CM084263.1_rotation_1_offset_3626	93	0.903226	0
SRR27841065.1779167	888	CM084263.1_rotation_2_offset_7252	93	0.903226	0
SRR27841065.1779167	888	CM084263.1_rotation_3_offset_10878	93	0.903226	0
SRR27841065.1781471	17306	CM084263.1_rotation_3_offset_10878	16940	0.804664	60
SRR27841065.1781471	17306	CM084263.1_rotation_2_offset_7252	14410	0.774532	0
SRR27841065.1781471	17306	CM084263.1_rotation_0_offset_0	10378	0.968684	0
SRR27841065.1781471	17306	CM084263.1_rotation_1_offset_3626	10757	0.707074	0
SRR27841065.1781471	17306	CM084263.1_rotation_1_offset_3626	6740	0.974629	0
SRR27841065.1781471	17306	CM084263.1_rotation_3_offset_10878	557	0.976661	60
SRR27841065.1782112	4808	CM084263.1_rotation_2_offset_7252	2549	0.968223	0
SRR27841065.1782112	4808	CM084263.1_rotation_3_offset_10878	2549	0.968223	0
SRR27841065.1782112	4808	CM084263.1_rotation_1_offset_3626	2549	0.968223	0
SRR27841065.1782112	4808	CM084263.1_rotation_0_offset_0	2549	0.968223	0
SRR27841065.1782112	4808	CM084263.1_rotation_0_offset_0	2570	0.784825	0
SRR27841065.1782112	4808	CM084263.1_rotation_3_offset_10878	2570	0.784825	0
SRR27841065.1782112	4808	CM084263.1_rotation_2_offset_7252	2570	0.784825	0
SRR27841065.1782112	4808	CM084263.1_rotation_1_offset_3626	2570	0.784825	0
SRR27841065.1782548	5525	CM084263.1_rotation_1_offset_3626	5572	0.967875	0
SRR27841065.1782548	5525	CM084263.1_rotation_0_offset_0	5572	0.967875	0
SRR27841065.1782548	5525	CM084263.1_rotation_3_offset_10878	5195	0.967854	0
SRR27841065.1782548	5525	CM084263.1_rotation_2_offset_7252	4037	0.973991	0
SRR27841065.1784197	11185	CM084263.1_rotation_0_offset_0	8556	0.970781	0
SRR27841065.1784197	11185	CM084263.1_rotation_1_offset_3626	8556	0.970781	0
SRR27841065.1784197	11185	CM084263.1_rotation_2_offset_7252	7308	0.968391	0
SRR27841065.1784197	11185	CM084263.1_rotation_3_offset_10878	4900	0.964490	0
SRR27841065.1784197	11185	CM084263.1_rotation_0_offset_0	93	0.978495	60
SRR27841065.1784197	11185	CM084263.1_rotation_2_offset_7252	91	0.978022	0
SRR27841065.1784197	11185	CM084263.1_rotation_1_offset_3626	91	0.978022	0
SRR27841065.1784197	11185	CM084263.1_rotation_0_offset_0	91	0.978022	0
SRR27841065.1784197	11185	CM084263.1_rotation_0_offset_0	93	0.946237	26
SRR27841065.1784197	11185	CM084263.1_rotation_0_offset_0	91	0.945055	9
SRR27841065.1784197	11185	CM084263.1_rotation_0_offset_0	91	0.945055	26
SRR27841065.1787677	3043	CM084263.1_rotation_0_offset_0	1610	0.769565	1
SRR27841065.1787677	3043	CM084263.1_rotation_3_offset_10878	1644	0.748783	0
SRR27841065.1787677	3043	CM084263.1_rotation_2_offset_7252	1644	0.748783	0
SRR27841065.1787677	3043	CM084263.1_rotation_1_offset_3626	1644	0.748783	0
SRR27841065.1787692	1715	CM084263.1_rotation_3_offset_10878	1036	0.955598	0
SRR27841065.1787692	1715	CM084263.1_rotation_1_offset_3626	1036	0.955598	0
SRR27841065.1787692	1715	CM084263.1_rotation_0_offset_0	1036	0.955598	0
SRR27841065.1787692	1715	CM084263.1_rotation_2_offset_7252	848	0.950472	0
SRR27841065.1787692	1715	CM084263.1_rotation_0_offset_0	677	0.672083	0
SRR27841065.1787692	1715	CM084263.1_rotation_3_offset_10878	677	0.672083	0
SRR27841065.1787692	1715	CM084263.1_rotation_1_offset_3626	677	0.672083	0
SRR27841065.1787692	1715	CM084263.1_rotation_2_offset_7252	432	0.657407	0
SRR27841065.1794675	568	CM084263.1_rotation_1_offset_3626	573	0.951134	0
SRR27841065.1794675	568	CM084263.1_rotation_2_offset_7252	573	0.951134	0
SRR27841065.1794675	568	CM084263.1_rotation_0_offset_0	573	0.951134	0
SRR27841065.1794675	568	CM084263.1_rotation_3_offset_10878	573	0.951134	0
SRR27841065.1803540	10057	CM084263.1_rotation_3_offset_10878	9735	0.964355	0
SRR27841065.1803540	10057	CM084263.1_rotation_0_offset_0	9735	0.964355	0
SRR27841065.1803540	10057	CM084263.1_rotation_2_offset_7252	7289	0.966525	0
SRR27841065.1803540	10057	CM084263.1_rotation_1_offset_3626	6094	0.963735	0
SRR27841065.1812950	2485	CM084263.1_rotation_3_offset_10878	2515	0.977336	0
SRR27841065.1812950	2485	CM084263.1_rotation_0_offset_0	2515	0.977336	0
SRR27841065.1812950	2485	CM084263.1_rotation_1_offset_3626	2515	0.977336	0
SRR27841065.1812950	2485	CM084263.1_rotation_2_offset_7252	2515	0.977336	0
SRR27841065.1812971	462	CM084263.1_rotation_1_offset_3626	467	0.961456	0
SRR27841065.1812971	462	CM084263.1_rotation_2_offset_7252	467	0.961456	0
SRR27841065.1812971	462	CM084263.1_rotation_0_offset_0	467	0.961456	0
SRR27841065.1812971	462	CM084263.1_rotation_3_offset_10878	467	0.961456	0
SRR27841065.1821066	888	CM084263.1_rotation_1_offset_3626	938	0.834755	0
SRR27841065.1821066	888	CM084263.1_rotation_2_offset_7252	938	0.834755	0
SRR27841065.1821066	888	CM084263.1_rotation_3_offset_10878	938	0.834755	0
SRR27841065.1821066	888	CM084263.1_rotation_0_offset_0	938	0.834755	0
SRR27841065.1822169	1769	CM084263.1_rotation_1_offset_3626	1784	0.980381	0
SRR27841065.1822169	1769	CM084263.1_rotation_2_offset_7252	1784	0.980381	0
SRR27841065.1822169	1769	CM084263.1_rotation_0_offset_0	1784	0.980381	0
SRR27841065.1822169	1769	CM084263.1_rotation_3_offset_10878	1148	0.974739	0
SRR27841065.1825485	3324	CM084263.1_rotation_3_offset_10878	565	0.982301	0
SRR27841065.1825485	3324	CM084263.1_rotation_1_offset_3626	565	0.982301	0
SRR27841065.1825485	3324	CM084263.1_rotation_2_offset_7252	565	0.982301	0
SRR27841065.1825485	3324	CM084263.1_rotation_0_offset_0	563	0.982238	0
SRR27841065.1825485	3324	CM084263.1_rotation_0_offset_0	91	1.000000	60
SRR27841065.1825485	3324	CM084263.1_rotation_0_offset_0	91	1.000000	60
SRR27841065.1825485	3324	CM084263.1_rotation_0_offset_0	91	1.000000	60
SRR27841065.1825485	3324	CM084263.1_rotation_0_offset_0	91	0.967033	15
SRR27841065.1825485	3324	CM084263.1_rotation_0_offset_0	92	0.945652	21
SRR27841065.1827083	1021	CM084263.1_rotation_1_offset_3626	91	1.000000	0
SRR27841065.1827083	1021	CM084263.1_rotation_2_offset_7252	91	1.000000	0
SRR27841065.1827083	1021	CM084263.1_rotation_3_offset_10878	91	1.000000	0
SRR27841065.1827083	1021	CM084263.1_rotation_0_offset_0	91	1.000000	0
SRR27841065.1827083	1021	CM084263.1_rotation_2_offset_7252	91	0.967033	0
SRR27841065.1827083	1021	CM084263.1_rotation_3_offset_10878	91	0.967033	0
SRR27841065.1827083	1021	CM084263.1_rotation_0_offset_0	91	0.967033	0
SRR27841065.1827083	1021	CM084263.1_rotation_1_offset_3626	91	0.967033	0
SRR27841065.1827083	1021	CM084263.1_rotation_3_offset_10878	89	0.977528	1
SRR27841065.1827083	1021	CM084263.1_rotation_2_offset_7252	89	0.977528	0
SRR27841065.1827083	1021	CM084263.1_rotation_1_offset_3626	89	0.977528	0
SRR27841065.1827083	1021	CM084263.1_rotation_0_offset_0	89	0.977528	0
SRR27841065.1827083	1021	CM084263.1_rotation_0_offset_0	93	0.903226	29
SRR27841065.1827083	1021	CM084263.1_rotation_0_offset_0	66	0.969697	23
SRR27841065.1827885	3627	CM084263.1_rotation_0_offset_0	3716	0.938375	0
SRR27841065.1827885	3627	CM084263.1_rotation_3_offset_10878	3716	0.938375	0
SRR27841065.1827885	3627	CM084263.1_rotation_1_offset_3626	3716	0.938375	0
SRR27841065.1827885	3627	CM084263.1_rotation_2_offset_7252	2112	0.930398	0
SRR27841065.1830827	1574	CM084263.1_rotation_1_offset_3626	830	0.974699	0
SRR27841065.1830827	1574	CM084263.1_rotation_2_offset_7252	830	0.974699	0
SRR27841065.1830827	1574	CM084263.1_rotation_3_offset_10878	830	0.974699	0
SRR27841065.1830827	1574	CM084263.1_rotation_0_offset_0	830	0.974699	0
SRR27841065.1830827	1574	CM084263.1_rotation_3_offset_10878	640	0.825000	0
SRR27841065.1830827	1574	CM084263.1_rotation_2_offset_7252	640	0.825000	0
SRR27841065.1830827	1574	CM084263.1_rotation_0_offset_0	640	0.825000	0
SRR27841065.1830827	1574	CM084263.1_rotation_1_offset_3626	640	0.825000	0
SRR27841065.1832630	1191	CM084263.1_rotation_1_offset_3626	1152	0.985243	0
SRR27841065.1832630	1191	CM084263.1_rotation_0_offset_0	1152	0.985243	0
SRR27841065.1832630	1191	CM084263.1_rotation_2_offset_7252	1152	0.985243	0
SRR27841065.1832630	1191	CM084263.1_rotation_3_offset_10878	1152	0.985243	0
SRR27841065.1834094	2668	CM084263.1_rotation_0_offset_0	2179	0.969252	0
SRR27841065.1834094	2668	CM084263.1_rotation_2_offset_7252	2179	0.969252	0
SRR27841065.1834094	2668	CM084263.1_rotation_1_offset_3626	2179	0.969252	0
SRR27841065.1834094	2668	CM084263.1_rotation_3_offset_10878	2179	0.969252	0
SRR27841065.1834699	1163	CM084263.1_rotation_0_offset_0	1185	0.953586	0
SRR27841065.1834699	1163	CM084263.1_rotation_2_offset_7252	1185	0.953586	0
SRR27841065.1834699	1163	CM084263.1_rotation_3_offset_10878	1185	0.953586	0
SRR27841065.1834699	1163	CM084263.1_rotation_1_offset_3626	1185	0.953586	0
SRR27841065.1848787	6085	CM084263.1_rotation_0_offset_0	1577	0.981611	0
SRR27841065.1848787	6085	CM084263.1_rotation_1_offset_3626	1577	0.981611	0
SRR27841065.1848787	6085	CM084263.1_rotation_3_offset_10878	1577	0.981611	0
SRR27841065.1848787	6085	CM084263.1_rotation_2_offset_7252	1413	0.981599	0
SRR27841065.1851833	558	CM084263.1_rotation_2_offset_7252	554	0.987365	0
SRR27841065.1851833	558	CM084263.1_rotation_0_offset_0	554	0.987365	0
SRR27841065.1851833	558	CM084263.1_rotation_3_offset_10878	554	0.987365	0
SRR27841065.1851833	558	CM084263.1_rotation_1_offset_3626	554	0.987365	0
SRR27841065.1852932	8110	CM084263.1_rotation_1_offset_3626	7890	0.912928	0
SRR27841065.1852932	8110	CM084263.1_rotation_0_offset_0	7890	0.912928	0
SRR27841065.1852932	8110	CM084263.1_rotation_2_offset_7252	7402	0.908403	0
SRR27841065.1852932	8110	CM084263.1_rotation_3_offset_10878	4164	0.925552	0
SRR27841065.1856055	2021	CM084263.1_rotation_2_offset_7252	2042	0.973066	0
SRR27841065.1856055	2021	CM084263.1_rotation_3_offset_10878	2042	0.973066	0
SRR27841065.1856055	2021	CM084263.1_rotation_0_offset_0	2042	0.973066	0
SRR27841065.1856055	2021	CM084263.1_rotation_1_offset_3626	1716	0.974942	0
SRR27841065.1857456	2434	CM084263.1_rotation_1_offset_3626	2455	0.981263	0
SRR27841065.1857456	2434	CM084263.1_rotation_3_offset_10878	2455	0.981263	0
SRR27841065.1857456	2434	CM084263.1_rotation_0_offset_0	2455	0.981263	0
SRR27841065.1857456	2434	CM084263.1_rotation_2_offset_7252	2000	0.982000	0
SRR27841065.1860457	19163	CM084263.1_rotation_0_offset_0	14622	0.971208	60
SRR27841065.1860457	19163	CM084263.1_rotation_1_offset_3626	10957	0.971525	0
SRR27841065.1860457	19163	CM084263.1_rotation_3_offset_10878	10956	0.970884	0
SRR27841065.1860457	19163	CM084263.1_rotation_2_offset_7252	7307	0.971671	0
SRR27841065.1860457	19163	CM084263.1_rotation_0_offset_0	91	1.000000	0
SRR27841065.1860457	19163	CM084263.1_rotation_2_offset_7252	91	1.000000	0
SRR27841065.1860457	19163	CM084263.1_rotation_3_offset_10878	91	1.000000	0
SRR27841065.1860457	19163	CM084263.1_rotation_1_offset_3626	91	1.000000	0
SRR27841065.1860457	19163	CM084263.1_rotation_1_offset_3626	91	0.989011	0
SRR27841065.1860457	19163	CM084263.1_rotation_3_offset_10878	91	0.989011	0
SRR27841065.1860457	19163	CM084263.1_rotation_2_offset_7252	91	0.989011	0
SRR27841065.1860457	19163	CM084263.1_rotation_0_offset_0	91	0.989011	0
SRR27841065.1860457	19163	CM084263.1_rotation_2_offset_7252	92	0.978261	1
SRR27841065.1860457	19163	CM084263.1_rotation_3_offset_10878	92	0.978261	0
SRR27841065.1860457	19163	CM084263.1_rotation_1_offset_3626	92	0.978261	0
SRR27841065.1860457	19163	CM084263.1_rotation_0_offset_0	92	0.978261	0
SRR27841065.1860457	19163	CM084263.1_rotation_3_offset_10878	91	0.967033	0
SRR27841065.1860457	19163	CM084263.1_rotation_2_offset_7252	91	0.967033	0
SRR27841065.1860457	19163	CM084263.1_rotation_1_offset_3626	91	0.967033	0
SRR27841065.1860457	19163	CM084263.1_rotation_0_offset_0	95	0.915789	53
SRR27841065.1860457	19163	CM084263.1_rotation_2_offset_7252	91	0.967033	1
SRR27841065.1860457	19163	CM084263.1_rotation_0_offset_0	91	0.967033	0
SRR27841065.1860457	19163	CM084263.1_rotation_3_offset_10878	91	0.967033	0
SRR27841065.1860457	19163	CM084263.1_rotation_1_offset_3626	91	0.967033	0
SRR27841065.1860457	19163	CM084263.1_rotation_0_offset_0	91	0.945055	51
SRR27841065.1860457	19163	CM084263.1_rotation_3_offset_10878	87	0.965517	1
SRR27841065.1863925	891	CM084263.1_rotation_0_offset_0	897	0.972129	0
SRR27841065.1863925	891	CM084263.1_rotation_3_offset_10878	897	0.972129	0
SRR27841065.1863925	891	CM084263.1_rotation_2_offset_7252	897	0.972129	0
SRR27841065.1863925	891	CM084263.1_rotation_1_offset_3626	897	0.972129	0
SRR27841065.1868508	4499	CM084263.1_rotation_3_offset_10878	4549	0.971862	0
SRR27841065.1868508	4499	CM084263.1_rotation_0_offset_0	4549	0.971862	0
SRR27841065.1868508	4499	CM084263.1_rotation_1_offset_3626	4549	0.971862	0
SRR27841065.1868508	4499	CM084263.1_rotation_2_offset_7252	3185	0.969859	0
SRR27841065.1868913	1604	CM084263.1_rotation_2_offset_7252	879	0.982935	0
SRR27841065.1868913	1604	CM084263.1_rotation_0_offset_0	879	0.982935	0
SRR27841065.1868913	1604	CM084263.1_rotation_1_offset_3626	879	0.982935	0
SRR27841065.1868913	1604	CM084263.1_rotation_3_offset_10878	879	0.982935	0
SRR27841065.1868913	1604	CM084263.1_rotation_3_offset_10878	767	0.816167	0
SRR27841065.1868913	1604	CM084263.1_rotation_2_offset_7252	767	0.816167	0
SRR27841065.1868913	1604	CM084263.1_rotation_1_offset_3626	767	0.816167	0
SRR27841065.1868913	1604	CM084263.1_rotation_0_offset_0	767	0.816167	0
SRR27841065.1869147	1348	CM084263.1_rotation_2_offset_7252	748	0.975936	0
SRR27841065.1869147	1348	CM084263.1_rotation_0_offset_0	748	0.975936	0
SRR27841065.1869147	1348	CM084263.1_rotation_1_offset_3626	748	0.975936	0
SRR27841065.1869147	1348	CM084263.1_rotation_3_offset_10878	748	0.975936	0
SRR27841065.1869147	1348	CM084263.1_rotation_1_offset_3626	581	0.703959	0
SRR27841065.1869147	1348	CM084263.1_rotation_2_offset_7252	581	0.703959	0
SRR27841065.1869147	1348	CM084263.1_rotation_3_offset_10878	581	0.703959	0
SRR27841065.1869147	1348	CM084263.1_rotation_0_offset_0	581	0.703959	0
SRR27841065.1869432	1161	CM084263.1_rotation_3_offset_10878	1169	0.964072	0
SRR27841065.1869432	1161	CM084263.1_rotation_1_offset_3626	1169	0.964072	0
SRR27841065.1869432	1161	CM084263.1_rotation_0_offset_0	1169	0.964072	0
SRR27841065.1869432	1161	CM084263.1_rotation_2_offset_7252	1169	0.964072	0
SRR27841065.1870675	1513	CM084263.1_rotation_3_offset_10878	93	0.946237	0
SRR27841065.1870675	1513	CM084263.1_rotation_0_offset_0	93	0.946237	0
SRR27841065.1870675	1513	CM084263.1_rotation_2_offset_7252	93	0.946237	0
SRR27841065.1870675	1513	CM084263.1_rotation_1_offset_3626	93	0.946237	0
SRR27841065.1870675	1513	CM084263.1_rotation_0_offset_0	91	0.934066	0
SRR27841065.1870675	1513	CM084263.1_rotation_3_offset_10878	91	0.934066	0
SRR27841065.1870675	1513	CM084263.1_rotation_2_offset_7252	91	0.934066	0
SRR27841065.1870675	1513	CM084263.1_rotation_1_offset_3626	91	0.934066	0
SRR27841065.1870675	1513	CM084263.1_rotation_0_offset_0	94	0.946809	45
SRR27841065.1870675	1513	CM084263.1_rotation_2_offset_7252	94	0.914894	1
SRR27841065.1870675	1513	CM084263.1_rotation_3_offset_10878	94	0.914894	0
SRR27841065.1870675	1513	CM084263.1_rotation_1_offset_3626	94	0.914894	0
SRR27841065.1870675	1513	CM084263.1_rotation_2_offset_7252	91	0.912088	0
SRR27841065.1870675	1513	CM084263.1_rotation_3_offset_10878	91	0.912088	0
SRR27841065.1870675	1513	CM084263.1_rotation_0_offset_0	91	0.912088	0
SRR27841065.1870675	1513	CM084263.1_rotation_0_offset_0	94	0.914894	0
SRR27841065.1870675	1513	CM084263.1_rotation_1_offset_3626	91	0.912088	0
SRR27841065.1870675	1513	CM084263.1_rotation_0_offset_0	89	0.932584	36
SRR27841065.1870675	1513	CM084263.1_rotation_0_offset_0	94	0.882979	19
SRR27841065.1870906	19845	CM084263.1_rotation_1_offset_3626	18681	0.664579	60
SRR27841065.1870906	19845	CM084263.1_rotation_2_offset_7252	17900	0.652458	0
SRR27841065.1870906	19845	CM084263.1_rotation_0_offset_0	9634	0.932219	0
SRR27841065.1870906	19845	CM084263.1_rotation_3_offset_10878	14220	0.577286	0
SRR27841065.1870906	19845	CM084263.1_rotation_3_offset_10878	5925	0.939578	0
SRR27841065.1870906	19845	CM084263.1_rotation_1_offset_3626	1459	0.931460	60
SRR27841065.1871439	905	CM084263.1_rotation_3_offset_10878	911	0.980241	0
SRR27841065.1871439	905	CM084263.1_rotation_2_offset_7252	911	0.980241	0
SRR27841065.1871439	905	CM084263.1_rotation_0_offset_0	911	0.980241	0
SRR27841065.1871439	905	CM084263.1_rotation_1_offset_3626	911	0.980241	0
SRR27841065.1873644	1946	CM084263.1_rotation_1_offset_3626	1958	0.973442	0
SRR27841065.1873644	1946	CM084263.1_rotation_2_offset_7252	1958	0.973442	0
SRR27841065.1873644	1946	CM084263.1_rotation_3_offset_10878	1958	0.973442	0
SRR27841065.1873644	1946	CM084263.1_rotation_0_offset_0	1958	0.973442	0
SRR27841065.1875002	7430	CM084263.1_rotation_2_offset_7252	4040	0.974505	0
SRR27841065.1875002	7430	CM084263.1_rotation_0_offset_0	4040	0.974505	0
SRR27841065.1875002	7430	CM084263.1_rotation_3_offset_10878	4040	0.974505	0
SRR27841065.1875002	7430	CM084263.1_rotation_1_offset_3626	2177	0.977033	0
SRR27841065.1875002	7430	CM084263.1_rotation_0_offset_0	3890	0.751671	0
SRR27841065.1875002	7430	CM084263.1_rotation_2_offset_7252	3890	0.751671	0
SRR27841065.1875002	7430	CM084263.1_rotation_3_offset_10878	3890	0.751671	0
SRR27841065.1875002	7430	CM084263.1_rotation_1_offset_3626	2191	0.748060	0
SRR27841065.1887562	6626	CM084263.1_rotation_0_offset_0	91	0.989011	45
SRR27841065.1887562	6626	CM084263.1_rotation_2_offset_7252	92	0.978261	0
SRR27841065.1887562	6626	CM084263.1_rotation_3_offset_10878	92	0.978261	0
SRR27841065.1887562	6626	CM084263.1_rotation_1_offset_3626	92	0.978261	0
SRR27841065.1887562	6626	CM084263.1_rotation_2_offset_7252	91	0.978022	1
SRR27841065.1887562	6626	CM084263.1_rotation_1_offset_3626	92	0.978261	0
SRR27841065.1887562	6626	CM084263.1_rotation_0_offset_0	92	0.978261	0
SRR27841065.1887562	6626	CM084263.1_rotation_3_offset_10878	92	0.978261	0
SRR27841065.1887562	6626	CM084263.1_rotation_2_offset_7252	92	0.978261	0
SRR27841065.1887562	6626	CM084263.1_rotation_3_offset_10878	87	0.977011	0
SRR27841065.1887562	6626	CM084263.1_rotation_0_offset_0	87	0.977011	0
SRR27841065.1887562	6626	CM084263.1_rotation_2_offset_7252	87	0.977011	0
SRR27841065.1887562	6626	CM084263.1_rotation_1_offset_3626	87	0.977011	0
SRR27841065.1887562	6626	CM084263.1_rotation_2_offset_7252	86	0.976744	0
SRR27841065.1887562	6626	CM084263.1_rotation_3_offset_10878	86	0.976744	0
SRR27841065.1887562	6626	CM084263.1_rotation_0_offset_0	86	0.976744	0
SRR27841065.1887562	6626	CM084263.1_rotation_1_offset_3626	86	0.976744	0
SRR27841065.1887562	6626	CM084263.1_rotation_0_offset_0	92	0.945652	41
SRR27841065.1887562	6626	CM084263.1_rotation_2_offset_7252	93	0.924731	0
SRR27841065.1887562	6626	CM084263.1_rotation_2_offset_7252	91	0.956044	1
SRR27841065.1887562	6626	CM084263.1_rotation_3_offset_10878	93	0.924731	0
SRR27841065.1887562	6626	CM084263.1_rotation_1_offset_3626	91	0.956044	0
SRR27841065.1887562	6626	CM084263.1_rotation_3_offset_10878	91	0.956044	0
SRR27841065.1887562	6626	CM084263.1_rotation_1_offset_3626	93	0.924731	0
SRR27841065.1887562	6626	CM084263.1_rotation_2_offset_7252	91	0.923077	0
SRR27841065.1887562	6626	CM084263.1_rotation_3_offset_10878	91	0.923077	0
SRR27841065.1887562	6626	CM084263.1_rotation_1_offset_3626	91	0.923077	0
SRR27841065.1887562	6626	CM084263.1_rotation_0_offset_0	91	0.923077	0
SRR27841065.1887562	6626	CM084263.1_rotation_2_offset_7252	88	0.897727	1
SRR27841065.1887562	6626	CM084263.1_rotation_1_offset_3626	94	0.882979	1
SRR27841065.1887562	6626	CM084263.1_rotation_0_offset_0	93	0.870968	1
SRR27841065.1887562	6626	CM084263.1_rotation_1_offset_3626	41	1.000000	1
SRR27841065.1888667	4391	CM084263.1_rotation_2_offset_7252	518	0.974903	0
SRR27841065.1888667	4391	CM084263.1_rotation_3_offset_10878	518	0.974903	0
SRR27841065.1888667	4391	CM084263.1_rotation_1_offset_3626	518	0.974903	0
SRR27841065.1888667	4391	CM084263.1_rotation_0_offset_0	518	0.974903	0
SRR27841065.1888667	4391	CM084263.1_rotation_0_offset_0	89	0.988764	60
SRR27841065.1891906	965	CM084263.1_rotation_0_offset_0	938	0.882729	0
SRR27841065.1891906	965	CM084263.1_rotation_2_offset_7252	938	0.882729	0
SRR27841065.1891906	965	CM084263.1_rotation_1_offset_3626	938	0.882729	0
SRR27841065.1891906	965	CM084263.1_rotation_3_offset_10878	938	0.882729	0
SRR27841065.1901161	562	CM084263.1_rotation_3_offset_10878	566	0.959364	0
SRR27841065.1901161	562	CM084263.1_rotation_1_offset_3626	566	0.959364	0
SRR27841065.1901161	562	CM084263.1_rotation_0_offset_0	566	0.959364	0
SRR27841065.1901161	562	CM084263.1_rotation_2_offset_7252	566	0.959364	0
SRR27841065.1903370	1870	CM084263.1_rotation_0_offset_0	1023	0.972630	0
SRR27841065.1903370	1870	CM084263.1_rotation_3_offset_10878	1023	0.972630	0
SRR27841065.1903370	1870	CM084263.1_rotation_2_offset_7252	1023	0.972630	0
SRR27841065.1903370	1870	CM084263.1_rotation_1_offset_3626	1023	0.972630	0
SRR27841065.1903370	1870	CM084263.1_rotation_0_offset_0	978	0.792434	0
SRR27841065.1903370	1870	CM084263.1_rotation_1_offset_3626	978	0.792434	0
SRR27841065.1903370	1870	CM084263.1_rotation_2_offset_7252	978	0.792434	0
SRR27841065.1903370	1870	CM084263.1_rotation_3_offset_10878	978	0.792434	0
SRR27841065.1903898	1691	CM084263.1_rotation_1_offset_3626	922	0.980477	0
SRR27841065.1903898	1691	CM084263.1_rotation_2_offset_7252	922	0.980477	0
SRR27841065.1903898	1691	CM084263.1_rotation_3_offset_10878	922	0.980477	0
SRR27841065.1903898	1691	CM084263.1_rotation_0_offset_0	922	0.980477	0
SRR27841065.1903898	1691	CM084263.1_rotation_3_offset_10878	862	0.830626	0
SRR27841065.1903898	1691	CM084263.1_rotation_0_offset_0	862	0.830626	0
SRR27841065.1903898	1691	CM084263.1_rotation_1_offset_3626	862	0.830626	0
SRR27841065.1903898	1691	CM084263.1_rotation_2_offset_7252	862	0.830626	0
SRR27841065.1907920	7193	CM084263.1_rotation_2_offset_7252	6409	0.976283	0
SRR27841065.1907920	7193	CM084263.1_rotation_1_offset_3626	6409	0.976283	0
SRR27841065.1907920	7193	CM084263.1_rotation_0_offset_0	6409	0.976283	0
SRR27841065.1907920	7193	CM084263.1_rotation_3_offset_10878	3226	0.973962	0
SRR27841065.1914484	1615	CM084263.1_rotation_2_offset_7252	1623	0.947012	1
SRR27841065.1914484	1615	CM084263.1_rotation_3_offset_10878	1645	0.946505	0
SRR27841065.1914484	1615	CM084263.1_rotation_1_offset_3626	1645	0.946505	0
SRR27841065.1914484	1615	CM084263.1_rotation_0_offset_0	1645	0.946505	0
SRR27841065.1920710	2931	CM084263.1_rotation_3_offset_10878	2974	0.962677	0
SRR27841065.1920710	2931	CM084263.1_rotation_0_offset_0	2974	0.962677	0
SRR27841065.1920710	2931	CM084263.1_rotation_1_offset_3626	2974	0.962677	0
SRR27841065.1920710	2931	CM084263.1_rotation_2_offset_7252	2105	0.961995	0
SRR27841065.1920785	39174	CM084263.1_rotation_0_offset_0	93	0.967742	0
SRR27841065.1920785	39174	CM084263.1_rotation_3_offset_10878	93	0.967742	0
SRR27841065.1920785	39174	CM084263.1_rotation_2_offset_7252	93	0.967742	0
SRR27841065.1920785	39174	CM084263.1_rotation_1_offset_3626	93	0.967742	0
SRR27841065.1920832	13440	CM084263.1_rotation_3_offset_10878	521	0.965451	0
SRR27841065.1920832	13440	CM084263.1_rotation_2_offset_7252	521	0.965451	0
SRR27841065.1920832	13440	CM084263.1_rotation_0_offset_0	521	0.965451	0
SRR27841065.1920832	13440	CM084263.1_rotation_1_offset_3626	521	0.965451	0
SRR27841065.1920832	13440	CM084263.1_rotation_2_offset_7252	489	0.382413	0
SRR27841065.1920832	13440	CM084263.1_rotation_3_offset_10878	489	0.382413	0
SRR27841065.1920832	13440	CM084263.1_rotation_1_offset_3626	489	0.382413	0
SRR27841065.1920832	13440	CM084263.1_rotation_2_offset_7252	142	0.866197	1
SRR27841065.1920832	13440	CM084263.1_rotation_2_offset_7252	91	1.000000	0
SRR27841065.1920832	13440	CM084263.1_rotation_1_offset_3626	91	1.000000	0
SRR27841065.1920832	13440	CM084263.1_rotation_3_offset_10878	91	1.000000	0
SRR27841065.1920832	13440	CM084263.1_rotation_0_offset_0	91	1.000000	0
SRR27841065.1920832	13440	CM084263.1_rotation_0_offset_0	91	0.989011	0
SRR27841065.1920832	13440	CM084263.1_rotation_1_offset_3626	91	0.989011	0
SRR27841065.1920832	13440	CM084263.1_rotation_3_offset_10878	91	0.989011	0
SRR27841065.1920832	13440	CM084263.1_rotation_2_offset_7252	91	0.989011	0
SRR27841065.1920832	13440	CM084263.1_rotation_3_offset_10878	91	0.978022	0
SRR27841065.1920832	13440	CM084263.1_rotation_2_offset_7252	91	0.978022	0
SRR27841065.1920832	13440	CM084263.1_rotation_1_offset_3626	91	0.978022	0
SRR27841065.1920832	13440	CM084263.1_rotation_3_offset_10878	97	0.927835	1
SRR27841065.1920832	13440	CM084263.1_rotation_1_offset_3626	97	0.927835	0
SRR27841065.1920832	13440	CM084263.1_rotation_2_offset_7252	97	0.927835	0
SRR27841065.1920832	13440	CM084263.1_rotation_1_offset_3626	87	0.977011	1
SRR27841065.1920832	13440	CM084263.1_rotation_3_offset_10878	87	0.977011	0
SRR27841065.1920832	13440	CM084263.1_rotation_2_offset_7252	87	0.977011	0
SRR27841065.1924257	2306	CM084263.1_rotation_3_offset_10878	2327	0.976794	0
SRR27841065.1924257	2306	CM084263.1_rotation_1_offset_3626	2327	0.976794	0
SRR27841065.1924257	2306	CM084263.1_rotation_0_offset_0	2327	0.976794	0
SRR27841065.1924257	2306	CM084263.1_rotation_2_offset_7252	1858	0.976857	0
SRR27841065.1926466	1598	CM084263.1_rotation_0_offset_0	1610	0.972050	0
SRR27841065.1926466	1598	CM084263.1_rotation_3_offset_10878	1610	0.972050	0
SRR27841065.1926466	1598	CM084263.1_rotation_1_offset_3626	1610	0.972050	0
SRR27841065.1926466	1598	CM084263.1_rotation_2_offset_7252	1610	0.972050	0
SRR27841065.1926664	695	CM084263.1_rotation_1_offset_3626	669	0.968610	0
SRR27841065.1926664	695	CM084263.1_rotation_3_offset_10878	669	0.968610	0
SRR27841065.1926664	695	CM084263.1_rotation_0_offset_0	669	0.968610	0
SRR27841065.1926664	695	CM084263.1_rotation_2_offset_7252	669	0.968610	0
SRR27841065.1930785	1948	CM084263.1_rotation_3_offset_10878	1959	0.976519	0
SRR27841065.1930785	1948	CM084263.1_rotation_0_offset_0	1959	0.976519	0
SRR27841065.1930785	1948	CM084263.1_rotation_2_offset_7252	1959	0.976519	0
SRR27841065.1930785	1948	CM084263.1_rotation_1_offset_3626	1959	0.976519	0
SRR27841065.1935612	766	CM084263.1_rotation_0_offset_0	770	0.975325	0
SRR27841065.1935612	766	CM084263.1_rotation_1_offset_3626	770	0.975325	0
SRR27841065.1935612	766	CM084263.1_rotation_2_offset_7252	770	0.975325	0
SRR27841065.1935612	766	CM084263.1_rotation_3_offset_10878	427	0.969555	0
SRR27841065.1953151	15808	CM084263.1_rotation_0_offset_0	10919	0.970968	0
SRR27841065.1953151	15808	CM084263.1_rotation_1_offset_3626	10919	0.970968	0
SRR27841065.1953151	15808	CM084263.1_rotation_3_offset_10878	7265	0.972333	0
SRR27841065.1953151	15808	CM084263.1_rotation_2_offset_7252	7300	0.969041	0
SRR27841065.1953151	15808	CM084263.1_rotation_1_offset_3626	323	0.978328	0
SRR27841065.1953151	15808	CM084263.1_rotation_0_offset_0	323	0.978328	0
SRR27841065.1953151	15808	CM084263.1_rotation_2_offset_7252	323	0.978328	0
SRR27841065.1953151	15808	CM084263.1_rotation_3_offset_10878	323	0.978328	0
SRR27841065.1953151	15808	CM084263.1_rotation_0_offset_0	91	1.000000	60
SRR27841065.1953151	15808	CM084263.1_rotation_0_offset_0	91	1.000000	60
SRR27841065.1953151	15808	CM084263.1_rotation_0_offset_0	91	1.000000	60
SRR27841065.1953151	15808	CM084263.1_rotation_0_offset_0	90	0.988889	60
SRR27841065.1953151	15808	CM084263.1_rotation_0_offset_0	91	0.978022	60
SRR27841065.1953151	15808	CM084263.1_rotation_0_offset_0	91	0.978022	45
SRR27841065.1953151	15808	CM084263.1_rotation_0_offset_0	91	0.978022	57
SRR27841065.1953151	15808	CM084263.1_rotation_0_offset_0	91	0.978022	45
SRR27841065.1953151	15808	CM084263.1_rotation_0_offset_0	92	0.934783	19
SRR27841065.1960715	403	CM084263.1_rotation_2_offset_7252	407	0.965602	0
SRR27841065.1960715	403	CM084263.1_rotation_3_offset_10878	407	0.965602	0
SRR27841065.1960715	403	CM084263.1_rotation_0_offset_0	407	0.965602	0
SRR27841065.1960715	403	CM084263.1_rotation_1_offset_3626	407	0.965602	0
SRR27841065.1962386	1107	CM084263.1_rotation_3_offset_10878	838	0.967780	0
SRR27841065.1962386	1107	CM084263.1_rotation_2_offset_7252	838	0.967780	0
SRR27841065.1962386	1107	CM084263.1_rotation_0_offset_0	838	0.967780	0
SRR27841065.1962386	1107	CM084263.1_rotation_1_offset_3626	838	0.967780	0
SRR27841065.1972019	7649	CM084263.1_rotation_3_offset_10878	3022	0.945731	0
SRR27841065.1972019	7649	CM084263.1_rotation_2_offset_7252	3022	0.945731	0
SRR27841065.1972019	7649	CM084263.1_rotation_1_offset_3626	3022	0.945731	0
SRR27841065.1972019	7649	CM084263.1_rotation_0_offset_0	3022	0.945731	0
SRR27841065.1972019	7649	CM084263.1_rotation_3_offset_10878	465	0.391398	0
SRR27841065.1972019	7649	CM084263.1_rotation_2_offset_7252	465	0.391398	0
SRR27841065.1972019	7649	CM084263.1_rotation_1_offset_3626	465	0.391398	0
SRR27841065.1972019	7649	CM084263.1_rotation_0_offset_0	91	1.000000	0
SRR27841065.1972019	7649	CM084263.1_rotation_3_offset_10878	91	1.000000	0
SRR27841065.1972019	7649	CM084263.1_rotation_2_offset_7252	91	1.000000	0
SRR27841065.1972019	7649	CM084263.1_rotation_1_offset_3626	91	1.000000	0
SRR27841065.1972019	7649	CM084263.1_rotation_1_offset_3626	142	0.859155	0
SRR27841065.1972019	7649	CM084263.1_rotation_3_offset_10878	142	0.859155	0
SRR27841065.1972019	7649	CM084263.1_rotation_1_offset_3626	93	0.967742	1
SRR27841065.1972019	7649	CM084263.1_rotation_0_offset_0	93	0.935484	0
SRR27841065.1972019	7649	CM084263.1_rotation_3_offset_10878	91	0.934066	0
SRR27841065.1972019	7649	CM084263.1_rotation_1_offset_3626	91	0.934066	0
SRR27841065.1972019	7649	CM084263.1_rotation_0_offset_0	91	0.934066	0
SRR27841065.1972019	7649	CM084263.1_rotation_2_offset_7252	91	0.934066	0
SRR27841065.1972019	7649	CM084263.1_rotation_1_offset_3626	91	0.945055	1
SRR27841065.1972019	7649	CM084263.1_rotation_0_offset_0	91	0.934066	0
SRR27841065.1972019	7649	CM084263.1_rotation_1_offset_3626	91	0.923077	0
SRR27841065.1972019	7649	CM084263.1_rotation_2_offset_7252	91	0.923077	0
SRR27841065.1972019	7649	CM084263.1_rotation_0_offset_0	91	0.923077	0
SRR27841065.1972019	7649	CM084263.1_rotation_3_offset_10878	91	0.923077	0
SRR27841065.1972019	7649	CM084263.1_rotation_1_offset_3626	91	0.934066	1
SRR27841065.1972019	7649	CM084263.1_rotation_2_offset_7252	87	0.931034	1
SRR27841065.1972019	7649	CM084263.1_rotation_1_offset_3626	87	0.896552	1
SRR27841065.1972392	636	CM084263.1_rotation_3_offset_10878	634	0.970032	0
SRR27841065.1972392	636	CM084263.1_rotation_1_offset_3626	634	0.970032	0
SRR27841065.1972392	636	CM084263.1_rotation_2_offset_7252	634	0.970032	0
SRR27841065.1972392	636	CM084263.1_rotation_0_offset_0	634	0.970032	0
SRR27841065.1990193	27185	CM084263.1_rotation_1_offset_3626	93	0.967742	0
SRR27841065.1990193	27185	CM084263.1_rotation_0_offset_0	93	0.967742	0
SRR27841065.1990193	27185	CM084263.1_rotation_3_offset_10878	93	0.967742	0
SRR27841065.1990193	27185	CM084263.1_rotation_2_offset_7252	93	0.967742	0
SRR27841065.1991239	12861	CM084263.1_rotation_1_offset_3626	10730	0.966542	0
SRR27841065.1991239	12861	CM084263.1_rotation_0_offset_0	10730	0.966542	0
SRR27841065.1991239	12861	CM084263.1_rotation_2_offset_7252	7318	0.967204	0
SRR27841065.1991239	12861	CM084263.1_rotation_3_offset_10878	7075	0.968622	0
SRR27841065.1991239	12861	CM084263.1_rotation_0_offset_0	91	1.000000	60
SRR27841065.1991239	12861	CM084263.1_rotation_0_offset_0	94	0.946809	49
SRR27841065.1995518	2746	CM084263.1_rotation_0_offset_0	2786	0.955492	0
SRR27841065.1995518	2746	CM084263.1_rotation_3_offset_10878	2786	0.955492	0
SRR27841065.1995518	2746	CM084263.1_rotation_1_offset_3626	2786	0.955492	0
SRR27841065.1995518	2746	CM084263.1_rotation_2_offset_7252	2786	0.955492	0
SRR27841065.1996766	2552	CM084263.1_rotation_3_offset_10878	2577	0.979045	0
SRR27841065.1996766	2552	CM084263.1_rotation_2_offset_7252	2577	0.979045	0
SRR27841065.1996766	2552	CM084263.1_rotation_0_offset_0	2577	0.979045	0
SRR27841065.1996766	2552	CM084263.1_rotation_1_offset_3626	2107	0.981016	0
SRR27841065.2001067	2035	CM084263.1_rotation_0_offset_0	2074	0.952748	0
SRR27841065.2001067	2035	CM084263.1_rotation_3_offset_10878	2074	0.952748	0
SRR27841065.2001067	2035	CM084263.1_rotation_1_offset_3626	2074	0.952748	0
SRR27841065.2001067	2035	CM084263.1_rotation_2_offset_7252	2055	0.952798	0
SRR27841065.2001126	1497	CM084263.1_rotation_3_offset_10878	1513	0.967614	0
SRR27841065.2001126	1497	CM084263.1_rotation_2_offset_7252	1513	0.967614	0
SRR27841065.2001126	1497	CM084263.1_rotation_0_offset_0	1513	0.967614	0
SRR27841065.2001126	1497	CM084263.1_rotation_1_offset_3626	1513	0.967614	0
SRR27841065.2007736	672	CM084263.1_rotation_2_offset_7252	547	0.972578	0
SRR27841065.2007736	672	CM084263.1_rotation_1_offset_3626	547	0.972578	0
SRR27841065.2007736	672	CM084263.1_rotation_0_offset_0	547	0.972578	0
SRR27841065.2007736	672	CM084263.1_rotation_3_offset_10878	547	0.972578	0
SRR27841065.2010571	2131	CM084263.1_rotation_3_offset_10878	2161	0.970847	0
SRR27841065.2010571	2131	CM084263.1_rotation_2_offset_7252	2161	0.970847	0
SRR27841065.2010571	2131	CM084263.1_rotation_0_offset_0	2161	0.970847	0
SRR27841065.2010571	2131	CM084263.1_rotation_1_offset_3626	1714	0.970245	0
SRR27841065.2010921	7690	CM084263.1_rotation_0_offset_0	6990	0.980544	0
SRR27841065.2010921	7690	CM084263.1_rotation_2_offset_7252	6990	0.980544	0
SRR27841065.2010921	7690	CM084263.1_rotation_1_offset_3626	6990	0.980544	0
SRR27841065.2010921	7690	CM084263.1_rotation_3_offset_10878	3643	0.981609	0
SRR27841065.2010921	7690	CM084263.1_rotation_0_offset_0	87	1.000000	0
SRR27841065.2010921	7690	CM084263.1_rotation_1_offset_3626	87	1.000000	0
SRR27841065.2010921	7690	CM084263.1_rotation_2_offset_7252	87	1.000000	0
SRR27841065.2010921	7690	CM084263.1_rotation_3_offset_10878	87	1.000000	0
SRR27841065.2011232	4987	CM084263.1_rotation_3_offset_10878	91	1.000000	0
SRR27841065.2011232	4987	CM084263.1_rotation_0_offset_0	91	1.000000	0
SRR27841065.2011232	4987	CM084263.1_rotation_2_offset_7252	91	1.000000	0
SRR27841065.2011232	4987	CM084263.1_rotation_1_offset_3626	91	1.000000	0
SRR27841065.2011232	4987	CM084263.1_rotation_1_offset_3626	91	0.989011	0
SRR27841065.2011232	4987	CM084263.1_rotation_3_offset_10878	91	0.989011	0
SRR27841065.2011232	4987	CM084263.1_rotation_3_offset_10878	91	0.989011	0
SRR27841065.2011232	4987	CM084263.1_rotation_0_offset_0	91	0.989011	0
SRR27841065.2011232	4987	CM084263.1_rotation_1_offset_3626	91	0.989011	0
SRR27841065.2011232	4987	CM084263.1_rotation_2_offset_7252	91	0.989011	0
SRR27841065.2011232	4987	CM084263.1_rotation_0_offset_0	91	0.989011	0
SRR27841065.2011232	4987	CM084263.1_rotation_2_offset_7252	91	0.989011	0
SRR27841065.2011232	4987	CM084263.1_rotation_1_offset_3626	87	1.000000	1
SRR27841065.2011232	4987	CM084263.1_rotation_2_offset_7252	87	1.000000	0
SRR27841065.2011232	4987	CM084263.1_rotation_0_offset_0	87	1.000000	0
SRR27841065.2011232	4987	CM084263.1_rotation_3_offset_10878	87	1.000000	0
SRR27841065.2011232	4987	CM084263.1_rotation_0_offset_0	89	0.977528	50
SRR27841065.2011232	4987	CM084263.1_rotation_3_offset_10878	95	0.915789	0
SRR27841065.2011232	4987	CM084263.1_rotation_0_offset_0	95	0.915789	0
SRR27841065.2011232	4987	CM084263.1_rotation_2_offset_7252	95	0.915789	0
SRR27841065.2011232	4987	CM084263.1_rotation_1_offset_3626	87	0.977011	1
SRR27841065.2011232	4987	CM084263.1_rotation_0_offset_0	87	0.977011	0
SRR27841065.2011232	4987	CM084263.1_rotation_2_offset_7252	87	0.977011	0
SRR27841065.2011232	4987	CM084263.1_rotation_3_offset_10878	87	0.977011	0
SRR27841065.2011232	4987	CM084263.1_rotation_2_offset_7252	91	0.956044	1
SRR27841065.2011232	4987	CM084263.1_rotation_1_offset_3626	91	0.956044	0
SRR27841065.2011232	4987	CM084263.1_rotation_3_offset_10878	91	0.956044	0
SRR27841065.2011232	4987	CM084263.1_rotation_1_offset_3626	81	0.913580	1
SRR27841065.2020061	2702	CM084263.1_rotation_3_offset_10878	156	0.858974	0
SRR27841065.2020061	2702	CM084263.1_rotation_2_offset_7252	156	0.858974	0
SRR27841065.2020061	2702	CM084263.1_rotation_1_offset_3626	156	0.858974	0
SRR27841065.2020061	2702	CM084263.1_rotation_0_offset_0	91	0.978022	0
SRR27841065.2020061	2702	CM084263.1_rotation_3_offset_10878	87	0.977011	1
SRR27841065.2020061	2702	CM084263.1_rotation_0_offset_0	87	0.977011	0
SRR27841065.2020061	2702	CM084263.1_rotation_2_offset_7252	87	0.977011	0
SRR27841065.2020061	2702	CM084263.1_rotation_1_offset_3626	87	0.977011	0
SRR27841065.2020061	2702	CM084263.1_rotation_0_offset_0	82	0.975610	0
SRR27841065.2020061	2702	CM084263.1_rotation_2_offset_7252	82	0.975610	0
SRR27841065.2020061	2702	CM084263.1_rotation_3_offset_10878	82	0.975610	0
SRR27841065.2020061	2702	CM084263.1_rotation_1_offset_3626	82	0.975610	0
SRR27841065.2020061	2702	CM084263.1_rotation_0_offset_0	82	0.963415	1
SRR27841065.2020061	2702	CM084263.1_rotation_0_offset_0	91	0.934066	0
SRR27841065.2020061	2702	CM084263.1_rotation_3_offset_10878	91	0.934066	0
SRR27841065.2020061	2702	CM084263.1_rotation_1_offset_3626	91	0.934066	0
SRR27841065.2020061	2702	CM084263.1_rotation_2_offset_7252	91	0.934066	0
SRR27841065.2020061	2702	CM084263.1_rotation_3_offset_10878	84	0.952381	0
SRR27841065.2020061	2702	CM084263.1_rotation_1_offset_3626	84	0.952381	0
SRR27841065.2020061	2702	CM084263.1_rotation_2_offset_7252	84	0.952381	0
SRR27841065.2020061	2702	CM084263.1_rotation_0_offset_0	84	0.952381	0
SRR27841065.2020061	2702	CM084263.1_rotation_0_offset_0	89	0.865169	0
SRR27841065.2020061	2702	CM084263.1_rotation_2_offset_7252	89	0.865169	0
SRR27841065.2020061	2702	CM084263.1_rotation_1_offset_3626	89	0.865169	0
SRR27841065.2020061	2702	CM084263.1_rotation_3_offset_10878	89	0.865169	0
SRR27841065.2020061	2702	CM084263.1_rotation_1_offset_3626	87	0.908046	0
SRR27841065.2020061	2702	CM084263.1_rotation_3_offset_10878	87	0.908046	0
SRR27841065.2020061	2702	CM084263.1_rotation_0_offset_0	87	0.908046	0
SRR27841065.2026250	3897	CM084263.1_rotation_0_offset_0	168	0.964286	0
SRR27841065.2026250	3897	CM084263.1_rotation_2_offset_7252	168	0.964286	0
SRR27841065.2026250	3897	CM084263.1_rotation_3_offset_10878	168	0.964286	0
SRR27841065.2026250	3897	CM084263.1_rotation_1_offset_3626	168	0.964286	0
SRR27841065.2026250	3897	CM084263.1_rotation_3_offset_10878	167	0.934132	0
SRR27841065.2026250	3897	CM084263.1_rotation_0_offset_0	167	0.934132	0
SRR27841065.2026250	3897	CM084263.1_rotation_2_offset_7252	167	0.934132	0
SRR27841065.2026250	3897	CM084263.1_rotation_1_offset_3626	167	0.934132	0
SRR27841065.2026250	3897	CM084263.1_rotation_2_offset_7252	91	1.000000	0
SRR27841065.2026250	3897	CM084263.1_rotation_1_offset_3626	91	1.000000	0
SRR27841065.2026250	3897	CM084263.1_rotation_0_offset_0	91	1.000000	0
SRR27841065.2026250	3897	CM084263.1_rotation_3_offset_10878	91	1.000000	0
SRR27841065.2026250	3897	CM084263.1_rotation_0_offset_0	94	0.968085	0
SRR27841065.2026250	3897	CM084263.1_rotation_2_offset_7252	94	0.968085	0
SRR27841065.2026250	3897	CM084263.1_rotation_1_offset_3626	94	0.968085	0
SRR27841065.2026250	3897	CM084263.1_rotation_3_offset_10878	94	0.968085	0
SRR27841065.2026250	3897	CM084263.1_rotation_0_offset_0	93	0.935484	46
SRR27841065.2026250	3897	CM084263.1_rotation_1_offset_3626	91	0.967033	0
SRR27841065.2026250	3897	CM084263.1_rotation_0_offset_0	91	0.967033	0
SRR27841065.2026250	3897	CM084263.1_rotation_3_offset_10878	91	0.967033	0
SRR27841065.2026250	3897	CM084263.1_rotation_2_offset_7252	91	0.967033	0
SRR27841065.2026250	3897	CM084263.1_rotation_0_offset_0	89	0.966292	27
SRR27841065.2026823	4179	CM084263.1_rotation_0_offset_0	3573	0.969773	0
SRR27841065.2026823	4179	CM084263.1_rotation_1_offset_3626	3573	0.969773	0
SRR27841065.2026823	4179	CM084263.1_rotation_2_offset_7252	3573	0.969773	0
SRR27841065.2026823	4179	CM084263.1_rotation_3_offset_10878	3573	0.969773	0
SRR27841065.2034567	812	CM084263.1_rotation_1_offset_3626	91	0.989011	0
SRR27841065.2034567	812	CM084263.1_rotation_3_offset_10878	91	0.989011	0
SRR27841065.2034567	812	CM084263.1_rotation_2_offset_7252	91	0.989011	0
SRR27841065.2034567	812	CM084263.1_rotation_0_offset_0	91	0.989011	0
SRR27841065.2034567	812	CM084263.1_rotation_0_offset_0	91	0.989011	42
SRR27841065.2034567	812	CM084263.1_rotation_3_offset_10878	89	0.977528	1
SRR27841065.2034567	812	CM084263.1_rotation_1_offset_3626	89	0.977528	0
SRR27841065.2034567	812	CM084263.1_rotation_2_offset_7252	89	0.977528	0
SRR27841065.2034567	812	CM084263.1_rotation_0_offset_0	89	0.977528	0
SRR27841065.2034567	812	CM084263.1_rotation_1_offset_3626	87	0.965517	1
SRR27841065.2034567	812	CM084263.1_rotation_0_offset_0	87	0.965517	0
SRR27841065.2034567	812	CM084263.1_rotation_2_offset_7252	87	0.965517	0
SRR27841065.2034567	812	CM084263.1_rotation_3_offset_10878	87	0.965517	0
SRR27841065.2038943	1248	CM084263.1_rotation_2_offset_7252	1260	0.951587	0
SRR27841065.2038943	1248	CM084263.1_rotation_3_offset_10878	1260	0.951587	0
SRR27841065.2038943	1248	CM084263.1_rotation_0_offset_0	1260	0.951587	0
SRR27841065.2038943	1248	CM084263.1_rotation_1_offset_3626	1260	0.951587	0
SRR27841065.2041574	20299	CM084263.1_rotation_2_offset_7252	295	0.901695	0
SRR27841065.2041574	20299	CM084263.1_rotation_1_offset_3626	295	0.901695	0
SRR27841065.2041574	20299	CM084263.1_rotation_0_offset_0	295	0.901695	0
SRR27841065.2041574	20299	CM084263.1_rotation_3_offset_10878	295	0.901695	0
SRR27841065.2043110	2526	CM084263.1_rotation_0_offset_0	2577	0.934032	0
SRR27841065.2043110	2526	CM084263.1_rotation_3_offset_10878	2577	0.934032	0
SRR27841065.2043110	2526	CM084263.1_rotation_2_offset_7252	2577	0.934032	0
SRR27841065.2043110	2526	CM084263.1_rotation_1_offset_3626	2577	0.934032	0
SRR27841065.2048127	2200	CM084263.1_rotation_1_offset_3626	2246	0.955922	0
SRR27841065.2048127	2200	CM084263.1_rotation_3_offset_10878	2246	0.955922	0
SRR27841065.2048127	2200	CM084263.1_rotation_2_offset_7252	2246	0.955922	0
SRR27841065.2048127	2200	CM084263.1_rotation_0_offset_0	2246	0.955922	0
SRR27841065.2048417	3301	CM084263.1_rotation_0_offset_0	3326	0.969934	0
SRR27841065.2048417	3301	CM084263.1_rotation_3_offset_10878	3326	0.969934	0
SRR27841065.2048417	3301	CM084263.1_rotation_2_offset_7252	3326	0.969934	0
SRR27841065.2048417	3301	CM084263.1_rotation_1_offset_3626	1735	0.978098	0
SRR27841065.2050529	2212	CM084263.1_rotation_0_offset_0	208	0.903846	0
SRR27841065.2050529	2212	CM084263.1_rotation_1_offset_3626	208	0.903846	0
SRR27841065.2050529	2212	CM084263.1_rotation_2_offset_7252	208	0.903846	0
SRR27841065.2050529	2212	CM084263.1_rotation_3_offset_10878	208	0.903846	0
SRR27841065.2050939	448	CM084263.1_rotation_0_offset_0	463	0.835853	0
SRR27841065.2050939	448	CM084263.1_rotation_3_offset_10878	463	0.835853	0
SRR27841065.2050939	448	CM084263.1_rotation_1_offset_3626	463	0.835853	0
SRR27841065.2050939	448	CM084263.1_rotation_2_offset_7252	463	0.835853	0
SRR27841065.2051059	2121	CM084263.1_rotation_2_offset_7252	2146	0.977633	0
SRR27841065.2051059	2121	CM084263.1_rotation_1_offset_3626	2146	0.977633	0
SRR27841065.2051059	2121	CM084263.1_rotation_0_offset_0	2146	0.977633	0
SRR27841065.2051059	2121	CM084263.1_rotation_3_offset_10878	2058	0.976676	0
SRR27841065.2055257	19276	CM084263.1_rotation_0_offset_0	14857	0.934980	60
SRR27841065.2055257	19276	CM084263.1_rotation_3_offset_10878	11084	0.947582	0
SRR27841065.2055257	19276	CM084263.1_rotation_1_offset_3626	11181	0.930328	0
SRR27841065.2055257	19276	CM084263.1_rotation_2_offset_7252	7370	0.951018	0
SRR27841065.2055257	19276	CM084263.1_rotation_3_offset_10878	91	1.000000	0
SRR27841065.2055257	19276	CM084263.1_rotation_1_offset_3626	91	1.000000	0
SRR27841065.2055257	19276	CM084263.1_rotation_2_offset_7252	91	1.000000	0
SRR27841065.2055257	19276	CM084263.1_rotation_0_offset_0	91	1.000000	0
SRR27841065.2055257	19276	CM084263.1_rotation_0_offset_0	93	0.978495	0
SRR27841065.2055257	19276	CM084263.1_rotation_1_offset_3626	93	0.978495	0
SRR27841065.2055257	19276	CM084263.1_rotation_2_offset_7252	93	0.978495	0
SRR27841065.2055257	19276	CM084263.1_rotation_3_offset_10878	93	0.978495	0
SRR27841065.2055257	19276	CM084263.1_rotation_0_offset_0	91	0.989011	0
SRR27841065.2055257	19276	CM084263.1_rotation_3_offset_10878	91	0.989011	0
SRR27841065.2055257	19276	CM084263.1_rotation_1_offset_3626	91	0.989011	0
SRR27841065.2055257	19276	CM084263.1_rotation_2_offset_7252	91	0.989011	0
SRR27841065.2055257	19276	CM084263.1_rotation_2_offset_7252	91	0.978022	0
SRR27841065.2055257	19276	CM084263.1_rotation_3_offset_10878	91	0.978022	0
SRR27841065.2055257	19276	CM084263.1_rotation_1_offset_3626	91	0.978022	0
SRR27841065.2055257	19276	CM084263.1_rotation_1_offset_3626	93	0.978495	0
SRR27841065.2055257	19276	CM084263.1_rotation_3_offset_10878	93	0.978495	0
SRR27841065.2055257	19276	CM084263.1_rotation_2_offset_7252	93	0.978495	0
SRR27841065.2055257	19276	CM084263.1_rotation_2_offset_7252	87	0.988506	0
SRR27841065.2055257	19276	CM084263.1_rotation_3_offset_10878	87	0.988506	0
SRR27841065.2055257	19276	CM084263.1_rotation_1_offset_3626	87	0.988506	0
SRR27841065.2055257	19276	CM084263.1_rotation_2_offset_7252	91	0.956044	1
SRR27841065.2055257	19276	CM084263.1_rotation_0_offset_0	93	0.924731	36
SRR27841065.2055257	19276	CM084263.1_rotation_0_offset_0	92	0.923913	20
SRR27841065.2055257	19276	CM084263.1_rotation_0_offset_0	93	0.860215	1
SRR27841065.2073147	978	CM084263.1_rotation_1_offset_3626	992	0.959677	0
SRR27841065.2073147	978	CM084263.1_rotation_0_offset_0	992	0.959677	0
SRR27841065.2073147	978	CM084263.1_rotation_3_offset_10878	992	0.959677	0
SRR27841065.2073147	978	CM084263.1_rotation_2_offset_7252	992	0.959677	0
SRR27841065.2076872	11821	CM084263.1_rotation_1_offset_3626	7153	0.977632	0
SRR27841065.2076872	11821	CM084263.1_rotation_0_offset_0	7153	0.977632	0
SRR27841065.2076872	11821	CM084263.1_rotation_2_offset_7252	7153	0.977632	0
SRR27841065.2076872	11821	CM084263.1_rotation_3_offset_10878	3641	0.980225	0
SRR27841065.2076872	11821	CM084263.1_rotation_1_offset_3626	91	1.000000	0
SRR27841065.2076872	11821	CM084263.1_rotation_3_offset_10878	91	1.000000	0
SRR27841065.2076872	11821	CM084263.1_rotation_2_offset_7252	91	1.000000	0
SRR27841065.2076872	11821	CM084263.1_rotation_0_offset_0	91	1.000000	0
SRR27841065.2076872	11821	CM084263.1_rotation_0_offset_0	91	1.000000	0
SRR27841065.2076872	11821	CM084263.1_rotation_0_offset_0	91	1.000000	60
SRR27841065.2076872	11821	CM084263.1_rotation_2_offset_7252	88	1.000000	0
SRR27841065.2076872	11821	CM084263.1_rotation_1_offset_3626	92	0.989130	0
SRR27841065.2076872	11821	CM084263.1_rotation_0_offset_0	92	0.989130	0
SRR27841065.2076872	11821	CM084263.1_rotation_3_offset_10878	92	0.989130	0
SRR27841065.2076872	11821	CM084263.1_rotation_3_offset_10878	88	1.000000	0
SRR27841065.2076872	11821	CM084263.1_rotation_0_offset_0	88	1.000000	0
SRR27841065.2076872	11821	CM084263.1_rotation_1_offset_3626	88	1.000000	0
SRR27841065.2076872	11821	CM084263.1_rotation_2_offset_7252	92	0.989130	0
SRR27841065.2076872	11821	CM084263.1_rotation_0_offset_0	92	0.978261	52
SRR27841065.2076872	11821	CM084263.1_rotation_0_offset_0	90	0.977778	13
SRR27841065.2076872	11821	CM084263.1_rotation_0_offset_0	92	0.967391	29
SRR27841065.2076872	11821	CM084263.1_rotation_0_offset_0	91	0.967033	20
SRR27841065.2076872	11821	CM084263.1_rotation_0_offset_0	94	0.925532	32
SRR27841065.2077935	1115	CM084263.1_rotation_1_offset_3626	1119	0.985702	0
SRR27841065.2077935	1115	CM084263.1_rotation_2_offset_7252	1119	0.985702	0
SRR27841065.2077935	1115	CM084263.1_rotation_3_offset_10878	1119	0.985702	0
SRR27841065.2077935	1115	CM084263.1_rotation_0_offset_0	1119	0.985702	0
SRR27841065.2081770	1484	CM084263.1_rotation_1_offset_3626	1499	0.971314	0
SRR27841065.2081770	1484	CM084263.1_rotation_3_offset_10878	1499	0.971314	0
SRR27841065.2081770	1484	CM084263.1_rotation_0_offset_0	1499	0.971314	0
SRR27841065.2081770	1484	CM084263.1_rotation_2_offset_7252	856	0.981308	0
SRR27841065.2081942	1943	CM084263.1_rotation_2_offset_7252	1972	0.974645	0
SRR27841065.2081942	1943	CM084263.1_rotation_1_offset_3626	1972	0.974645	0
SRR27841065.2081942	1943	CM084263.1_rotation_0_offset_0	1972	0.974645	0
SRR27841065.2081942	1943	CM084263.1_rotation_3_offset_10878	1972	0.974645	0
SRR27841065.2090747	595	CM084263.1_rotation_3_offset_10878	603	0.976783	0
SRR27841065.2090747	595	CM084263.1_rotation_2_offset_7252	603	0.976783	0
SRR27841065.2090747	595	CM084263.1_rotation_0_offset_0	603	0.976783	0
SRR27841065.2090747	595	CM084263.1_rotation_1_offset_3626	551	0.974592	0
SRR27841065.2091877	19966	CM084263.1_rotation_0_offset_0	14799	0.940469	60
SRR27841065.2091877	19966	CM084263.1_rotation_1_offset_3626	11144	0.938622	0
SRR27841065.2091877	19966	CM084263.1_rotation_3_offset_10878	11117	0.934964	0
SRR27841065.2091877	19966	CM084263.1_rotation_2_offset_7252	7327	0.960011	0
SRR27841065.2091877	19966	CM084263.1_rotation_0_offset_0	91	1.000000	60
SRR27841065.2091877	19966	CM084263.1_rotation_0_offset_0	91	0.989011	60
SRR27841065.2091877	19966	CM084263.1_rotation_0_offset_0	86	1.000000	60
SRR27841065.2091877	19966	CM084263.1_rotation_0_offset_0	91	0.978022	0
SRR27841065.2091877	19966	CM084263.1_rotation_1_offset_3626	91	0.978022	0
SRR27841065.2091877	19966	CM084263.1_rotation_3_offset_10878	91	0.978022	0
SRR27841065.2091877	19966	CM084263.1_rotation_2_offset_7252	91	0.978022	0
SRR27841065.2091877	19966	CM084263.1_rotation_0_offset_0	91	0.967033	1
SRR27841065.2091877	19966	CM084263.1_rotation_3_offset_10878	93	0.935484	0
SRR27841065.2091877	19966	CM084263.1_rotation_1_offset_3626	93	0.935484	0
SRR27841065.2091877	19966	CM084263.1_rotation_0_offset_0	95	0.915789	1
SRR27841065.2091877	19966	CM084263.1_rotation_3_offset_10878	95	0.915789	0
SRR27841065.2091877	19966	CM084263.1_rotation_1_offset_3626	95	0.915789	0
SRR27841065.2091877	19966	CM084263.1_rotation_2_offset_7252	95	0.915789	0
SRR27841065.2091877	19966	CM084263.1_rotation_0_offset_0	93	0.935484	0
SRR27841065.2091877	19966	CM084263.1_rotation_2_offset_7252	93	0.935484	0
SRR27841065.2091877	19966	CM084263.1_rotation_0_offset_0	91	0.956044	45
SRR27841065.2091877	19966	CM084263.1_rotation_0_offset_0	88	0.977273	27
SRR27841065.2091877	19966	CM084263.1_rotation_0_offset_0	91	0.923077	56
SRR27841065.2091877	19966	CM084263.1_rotation_0_offset_0	91	0.956044	43
SRR27841065.2091877	19966	CM084263.1_rotation_0_offset_0	91	0.945055	16
SRR27841065.2091877	19966	CM084263.1_rotation_0_offset_0	84	0.964286	43
SRR27841065.2091877	19966	CM084263.1_rotation_0_offset_0	91	0.934066	1
SRR27841065.2091877	19966	CM084263.1_rotation_0_offset_0	99	0.838384	26
SRR27841065.2094431	1625	CM084263.1_rotation_1_offset_3626	91	0.989011	0
SRR27841065.2094431	1625	CM084263.1_rotation_0_offset_0	91	0.989011	0
SRR27841065.2094431	1625	CM084263.1_rotation_2_offset_7252	91	0.989011	0
SRR27841065.2094431	1625	CM084263.1_rotation_3_offset_10878	91	0.989011	0
SRR27841065.2094431	1625	CM084263.1_rotation_3_offset_10878	94	0.914894	0
SRR27841065.2094431	1625	CM084263.1_rotation_2_offset_7252	94	0.914894	0
SRR27841065.2094431	1625	CM084263.1_rotation_0_offset_0	94	0.914894	0
SRR27841065.2094431	1625	CM084263.1_rotation_1_offset_3626	94	0.914894	0
SRR27841065.2097980	832	CM084263.1_rotation_1_offset_3626	822	0.978102	0
SRR27841065.2097980	832	CM084263.1_rotation_2_offset_7252	822	0.978102	0
SRR27841065.2097980	832	CM084263.1_rotation_0_offset_0	822	0.978102	0
SRR27841065.2097980	832	CM084263.1_rotation_3_offset_10878	822	0.978102	0
SRR27841065.2098002	4987	CM084263.1_rotation_0_offset_0	1853	0.980032	0
SRR27841065.2098002	4987	CM084263.1_rotation_2_offset_7252	1853	0.980032	0
SRR27841065.2098002	4987	CM084263.1_rotation_3_offset_10878	1853	0.980032	0
SRR27841065.2098002	4987	CM084263.1_rotation_1_offset_3626	1853	0.980032	0
SRR27841065.2098002	4987	CM084263.1_rotation_1_offset_3626	91	1.000000	0
SRR27841065.2098002	4987	CM084263.1_rotation_3_offset_10878	91	1.000000	0
SRR27841065.2098002	4987	CM084263.1_rotation_0_offset_0	91	1.000000	60
SRR27841065.2098002	4987	CM084263.1_rotation_2_offset_7252	91	1.000000	0
SRR27841065.2098002	4987	CM084263.1_rotation_0_offset_0	91	1.000000	0
SRR27841065.2098002	4987	CM084263.1_rotation_1_offset_3626	91	0.989011	0
SRR27841065.2098002	4987	CM084263.1_rotation_0_offset_0	91	0.989011	0
SRR27841065.2098002	4987	CM084263.1_rotation_2_offset_7252	91	0.989011	0
SRR27841065.2098002	4987	CM084263.1_rotation_3_offset_10878	91	0.989011	0
SRR27841065.2098002	4987	CM084263.1_rotation_0_offset_0	87	1.000000	8
SRR27841065.2098002	4987	CM084263.1_rotation_0_offset_0	91	0.978022	59
SRR27841065.2098002	4987	CM084263.1_rotation_0_offset_0	91	0.978022	22
SRR27841065.2098002	4987	CM084263.1_rotation_0_offset_0	92	0.967391	0
SRR27841065.2098002	4987	CM084263.1_rotation_2_offset_7252	92	0.967391	0
SRR27841065.2098002	4987	CM084263.1_rotation_1_offset_3626	92	0.967391	0
SRR27841065.2098002	4987	CM084263.1_rotation_3_offset_10878	92	0.967391	0
SRR27841065.2098041	529	CM084263.1_rotation_2_offset_7252	545	0.946789	0
SRR27841065.2098041	529	CM084263.1_rotation_0_offset_0	545	0.946789	0
SRR27841065.2098041	529	CM084263.1_rotation_3_offset_10878	545	0.946789	0
SRR27841065.2098041	529	CM084263.1_rotation_1_offset_3626	545	0.946789	0
SRR27841065.2102745	832	CM084263.1_rotation_2_offset_7252	91	1.000000	0
SRR27841065.2102745	832	CM084263.1_rotation_0_offset_0	91	1.000000	0
SRR27841065.2102745	832	CM084263.1_rotation_3_offset_10878	91	1.000000	0
SRR27841065.2102745	832	CM084263.1_rotation_1_offset_3626	91	1.000000	0
SRR27841065.2102745	832	CM084263.1_rotation_2_offset_7252	89	0.977528	1
SRR27841065.2102745	832	CM084263.1_rotation_0_offset_0	89	0.977528	0
SRR27841065.2102745	832	CM084263.1_rotation_3_offset_10878	89	0.977528	0
SRR27841065.2102745	832	CM084263.1_rotation_1_offset_3626	89	0.977528	0
SRR27841065.2102745	832	CM084263.1_rotation_0_offset_0	93	0.903226	32
SRR27841065.2102745	832	CM084263.1_rotation_3_offset_10878	86	0.906977	0
SRR27841065.2102745	832	CM084263.1_rotation_0_offset_0	86	0.906977	0
SRR27841065.2102745	832	CM084263.1_rotation_1_offset_3626	86	0.906977	0
SRR27841065.2102745	832	CM084263.1_rotation_2_offset_7252	86	0.906977	0
SRR27841065.2104929	4311	CM084263.1_rotation_0_offset_0	4381	0.960968	0
SRR27841065.2104929	4311	CM084263.1_rotation_1_offset_3626	4381	0.960968	0
SRR27841065.2104929	4311	CM084263.1_rotation_2_offset_7252	4381	0.960968	0
SRR27841065.2104929	4311	CM084263.1_rotation_3_offset_10878	2403	0.967957	0
SRR27841065.2105647	34103	CM084263.1_rotation_0_offset_0	385	0.828571	0
SRR27841065.2105647	34103	CM084263.1_rotation_1_offset_3626	385	0.828571	0
SRR27841065.2113253	1927	CM084263.1_rotation_0_offset_0	1942	0.976828	0
SRR27841065.2113253	1927	CM084263.1_rotation_2_offset_7252	1942	0.976828	0
SRR27841065.2113253	1927	CM084263.1_rotation_1_offset_3626	1942	0.976828	0
SRR27841065.2113253	1927	CM084263.1_rotation_3_offset_10878	1942	0.976828	0
SRR27841065.2113309	1288	CM084263.1_rotation_1_offset_3626	1303	0.963929	0
SRR27841065.2113309	1288	CM084263.1_rotation_3_offset_10878	1303	0.963929	0
SRR27841065.2113309	1288	CM084263.1_rotation_0_offset_0	1303	0.963929	0
SRR27841065.2113309	1288	CM084263.1_rotation_2_offset_7252	793	0.955864	0
SRR27841065.2116247	1140	CM084263.1_rotation_2_offset_7252	91	0.967033	0
SRR27841065.2116247	1140	CM084263.1_rotation_3_offset_10878	91	0.967033	0
SRR27841065.2116247	1140	CM084263.1_rotation_1_offset_3626	91	0.967033	0
SRR27841065.2116247	1140	CM084263.1_rotation_0_offset_0	89	0.966292	0
SRR27841065.2116247	1140	CM084263.1_rotation_0_offset_0	91	0.934066	14
SRR27841065.2116247	1140	CM084263.1_rotation_1_offset_3626	91	0.923077	0
SRR27841065.2116247	1140	CM084263.1_rotation_0_offset_0	91	0.923077	0
SRR27841065.2116247	1140	CM084263.1_rotation_2_offset_7252	91	0.923077	0
SRR27841065.2116247	1140	CM084263.1_rotation_3_offset_10878	91	0.923077	0
SRR27841065.2116594	686	CM084263.1_rotation_2_offset_7252	650	0.824615	0
SRR27841065.2116594	686	CM084263.1_rotation_0_offset_0	650	0.824615	0
SRR27841065.2116594	686	CM084263.1_rotation_1_offset_3626	650	0.824615	0
SRR27841065.2116594	686	CM084263.1_rotation_3_offset_10878	650	0.824615	0
SRR27841065.2133709	9322	CM084263.1_rotation_3_offset_10878	9401	0.978726	0
SRR27841065.2133709	9322	CM084263.1_rotation_0_offset_0	9401	0.978726	0
SRR27841065.2133709	9322	CM084263.1_rotation_2_offset_7252	7090	0.980254	0
SRR27841065.2133709	9322	CM084263.1_rotation_1_offset_3626	5957	0.976330	0
SRR27841065.2140956	2285	CM084263.1_rotation_0_offset_0	2301	0.967840	0
SRR27841065.2140956	2285	CM084263.1_rotation_2_offset_7252	2301	0.967840	0
SRR27841065.2140956	2285	CM084263.1_rotation_3_offset_10878	2301	0.967840	0
SRR27841065.2140956	2285	CM084263.1_rotation_1_offset_3626	1851	0.965964	0
SRR27841065.2141152	4739	CM084263.1_rotation_0_offset_0	4762	0.987190	0
SRR27841065.2141152	4739	CM084263.1_rotation_3_offset_10878	4762	0.987190	0
SRR27841065.2141152	4739	CM084263.1_rotation_2_offset_7252	4762	0.987190	0
SRR27841065.2141152	4739	CM084263.1_rotation_1_offset_3626	2527	0.989711	0
SRR27841065.2149474	6177	CM084263.1_rotation_2_offset_7252	1364	0.982405	0
SRR27841065.2149474	6177	CM084263.1_rotation_3_offset_10878	1364	0.982405	0
SRR27841065.2149474	6177	CM084263.1_rotation_0_offset_0	1364	0.982405	0
SRR27841065.2149474	6177	CM084263.1_rotation_1_offset_3626	1364	0.982405	0
SRR27841065.2149474	6177	CM084263.1_rotation_1_offset_3626	147	0.952381	0
SRR27841065.2149474	6177	CM084263.1_rotation_3_offset_10878	147	0.952381	0
SRR27841065.2149474	6177	CM084263.1_rotation_2_offset_7252	147	0.952381	0
SRR27841065.2149474	6177	CM084263.1_rotation_0_offset_0	147	0.952381	0
SRR27841065.2149474	6177	CM084263.1_rotation_2_offset_7252	143	0.860140	1
SRR27841065.2149474	6177	CM084263.1_rotation_0_offset_0	91	1.000000	60
SRR27841065.2149474	6177	CM084263.1_rotation_0_offset_0	91	1.000000	0
SRR27841065.2149474	6177	CM084263.1_rotation_1_offset_3626	91	1.000000	0
SRR27841065.2149474	6177	CM084263.1_rotation_2_offset_7252	91	1.000000	0
SRR27841065.2149474	6177	CM084263.1_rotation_3_offset_10878	91	1.000000	0
SRR27841065.2149474	6177	CM084263.1_rotation_3_offset_10878	91	0.989011	0
SRR27841065.2149474	6177	CM084263.1_rotation_1_offset_3626	91	0.989011	0
SRR27841065.2149474	6177	CM084263.1_rotation_2_offset_7252	91	0.989011	0
SRR27841065.2149474	6177	CM084263.1_rotation_2_offset_7252	93	0.978495	0
SRR27841065.2149474	6177	CM084263.1_rotation_3_offset_10878	93	0.978495	0
SRR27841065.2149474	6177	CM084263.1_rotation_1_offset_3626	93	0.978495	0
SRR27841065.2149474	6177	CM084263.1_rotation_3_offset_10878	86	1.000000	0
SRR27841065.2149474	6177	CM084263.1_rotation_2_offset_7252	86	1.000000	0
SRR27841065.2149474	6177	CM084263.1_rotation_1_offset_3626	86	1.000000	0
SRR27841065.2149474	6177	CM084263.1_rotation_2_offset_7252	87	0.977011	1
SRR27841065.2149474	6177	CM084263.1_rotation_3_offset_10878	87	0.977011	0
SRR27841065.2149474	6177	CM084263.1_rotation_1_offset_3626	87	0.977011	0
SRR27841065.2149474	6177	CM084263.1_rotation_3_offset_10878	92	0.956522	1
SRR27841065.2150151	1264	CM084263.1_rotation_3_offset_10878	91	1.000000	0
SRR27841065.2150151	1264	CM084263.1_rotation_1_offset_3626	91	1.000000	0
SRR27841065.2150151	1264	CM084263.1_rotation_2_offset_7252	91	1.000000	0
SRR27841065.2150151	1264	CM084263.1_rotation_0_offset_0	91	1.000000	0
SRR27841065.2150151	1264	CM084263.1_rotation_3_offset_10878	92	0.989130	0
SRR27841065.2150151	1264	CM084263.1_rotation_0_offset_0	92	0.989130	0
SRR27841065.2150151	1264	CM084263.1_rotation_2_offset_7252	92	0.989130	0
SRR27841065.2150151	1264	CM084263.1_rotation_1_offset_3626	92	0.989130	0
SRR27841065.2150151	1264	CM084263.1_rotation_0_offset_0	93	0.935484	54
SRR27841065.2150151	1264	CM084263.1_rotation_1_offset_3626	87	0.977011	1
SRR27841065.2150151	1264	CM084263.1_rotation_0_offset_0	87	0.977011	0
SRR27841065.2150151	1264	CM084263.1_rotation_2_offset_7252	87	0.977011	0
SRR27841065.2150151	1264	CM084263.1_rotation_3_offset_10878	87	0.977011	0
SRR27841065.2150151	1264	CM084263.1_rotation_0_offset_0	61	0.967213	18
SRR27841065.2153177	2919	CM084263.1_rotation_0_offset_0	2853	0.975464	0
SRR27841065.2153177	2919	CM084263.1_rotation_2_offset_7252	2853	0.975464	0
SRR27841065.2153177	2919	CM084263.1_rotation_1_offset_3626	2853	0.975464	0
SRR27841065.2153177	2919	CM084263.1_rotation_3_offset_10878	2853	0.975464	0
SRR27841065.2153286	901	CM084263.1_rotation_2_offset_7252	945	0.886772	0
SRR27841065.2153286	901	CM084263.1_rotation_0_offset_0	945	0.886772	0
SRR27841065.2153286	901	CM084263.1_rotation_1_offset_3626	945	0.886772	0
SRR27841065.2153286	901	CM084263.1_rotation_3_offset_10878	945	0.886772	0
SRR27841065.2155692	9626	CM084263.1_rotation_0_offset_0	9749	0.962663	60
SRR27841065.2155692	9626	CM084263.1_rotation_3_offset_10878	8196	0.964617	0
SRR27841065.2155692	9626	CM084263.1_rotation_1_offset_3626	8877	0.961699	0
SRR27841065.2155692	9626	CM084263.1_rotation_2_offset_7252	5216	0.960890	0
SRR27841065.2156651	1431	CM084263.1_rotation_0_offset_0	1455	0.938144	0
SRR27841065.2156651	1431	CM084263.1_rotation_2_offset_7252	1455	0.938144	0
SRR27841065.2156651	1431	CM084263.1_rotation_3_offset_10878	1455	0.938144	0
SRR27841065.2156651	1431	CM084263.1_rotation_1_offset_3626	1244	0.937299	0
SRR27841065.2169011	17795	CM084263.1_rotation_2_offset_7252	17279	0.739568	60
SRR27841065.2169011	17795	CM084263.1_rotation_1_offset_3626	15793	0.716773	0
SRR27841065.2169011	17795	CM084263.1_rotation_3_offset_10878	13624	0.676233	0
SRR27841065.2169011	17795	CM084263.1_rotation_0_offset_0	7944	0.977593	0
SRR27841065.2169011	17795	CM084263.1_rotation_2_offset_7252	642	0.976636	60
SRR27841065.2171646	2889	CM084263.1_rotation_1_offset_3626	151	0.874172	0
SRR27841065.2171646	2889	CM084263.1_rotation_3_offset_10878	151	0.874172	0
SRR27841065.2171646	2889	CM084263.1_rotation_2_offset_7252	151	0.874172	0
SRR27841065.2171646	2889	CM084263.1_rotation_0_offset_0	91	1.000000	0
SRR27841065.2171646	2889	CM084263.1_rotation_1_offset_3626	154	0.811688	0
SRR27841065.2171646	2889	CM084263.1_rotation_3_offset_10878	154	0.811688	0
SRR27841065.2171646	2889	CM084263.1_rotation_2_offset_7252	154	0.811688	0
SRR27841065.2171646	2889	CM084263.1_rotation_0_offset_0	96	0.937500	16
SRR27841065.2171646	2889	CM084263.1_rotation_0_offset_0	95	0.947368	0
SRR27841065.2171646	2889	CM084263.1_rotation_2_offset_7252	95	0.947368	0
SRR27841065.2171646	2889	CM084263.1_rotation_3_offset_10878	95	0.947368	0
SRR27841065.2171646	2889	CM084263.1_rotation_1_offset_3626	95	0.947368	0
SRR27841065.2171646	2889	CM084263.1_rotation_0_offset_0	94	0.925532	19
SRR27841065.2171646	2889	CM084263.1_rotation_0_offset_0	96	0.906250	0
SRR27841065.2171646	2889	CM084263.1_rotation_2_offset_7252	121	0.834711	0
SRR27841065.2171646	2889	CM084263.1_rotation_3_offset_10878	121	0.834711	0
SRR27841065.2171646	2889	CM084263.1_rotation_1_offset_3626	121	0.834711	0
SRR27841065.2171646	2889	CM084263.1_rotation_1_offset_3626	79	0.962025	1
SRR27841065.2171646	2889	CM084263.1_rotation_2_offset_7252	79	0.962025	0
SRR27841065.2171646	2889	CM084263.1_rotation_3_offset_10878	79	0.962025	0
SRR27841065.2171646	2889	CM084263.1_rotation_0_offset_0	79	0.962025	0
SRR27841065.2171646	2889	CM084263.1_rotation_3_offset_10878	86	0.906977	0
SRR27841065.2171646	2889	CM084263.1_rotation_2_offset_7252	86	0.906977	0
SRR27841065.2171646	2889	CM084263.1_rotation_0_offset_0	86	0.906977	0
SRR27841065.2171646	2889	CM084263.1_rotation_1_offset_3626	86	0.906977	0
SRR27841065.2171646	2889	CM084263.1_rotation_0_offset_0	63	0.984127	0
SRR27841065.2175358	1587	CM084263.1_rotation_0_offset_0	1583	0.984839	0
SRR27841065.2175358	1587	CM084263.1_rotation_1_offset_3626	1583	0.984839	0
SRR27841065.2175358	1587	CM084263.1_rotation_2_offset_7252	1583	0.984839	0
SRR27841065.2175358	1587	CM084263.1_rotation_3_offset_10878	1583	0.984839	0
SRR27841065.2177497	1048	CM084263.1_rotation_2_offset_7252	1074	0.935754	0
SRR27841065.2177497	1048	CM084263.1_rotation_3_offset_10878	1074	0.935754	0
SRR27841065.2177497	1048	CM084263.1_rotation_0_offset_0	1074	0.935754	0
SRR27841065.2177497	1048	CM084263.1_rotation_1_offset_3626	637	0.941915	0
SRR27841065.2184199	1013	CM084263.1_rotation_3_offset_10878	1024	0.969727	0
SRR27841065.2184199	1013	CM084263.1_rotation_2_offset_7252	1024	0.969727	0
SRR27841065.2184199	1013	CM084263.1_rotation_1_offset_3626	1024	0.969727	0
SRR27841065.2184199	1013	CM084263.1_rotation_0_offset_0	1024	0.969727	0
SRR27841065.2185003	8445	CM084263.1_rotation_3_offset_10878	9015	0.818081	0
SRR27841065.2185003	8445	CM084263.1_rotation_0_offset_0	9015	0.818081	0
SRR27841065.2185003	8445	CM084263.1_rotation_2_offset_7252	6730	0.821100	0
SRR27841065.2185003	8445	CM084263.1_rotation_1_offset_3626	6101	0.810195	0
SRR27841065.2185764	2129	CM084263.1_rotation_2_offset_7252	2154	0.962860	0
SRR27841065.2185764	2129	CM084263.1_rotation_0_offset_0	2154	0.962860	0
SRR27841065.2185764	2129	CM084263.1_rotation_1_offset_3626	2154	0.962860	0
SRR27841065.2185764	2129	CM084263.1_rotation_3_offset_10878	2154	0.962860	0
SRR27841065.2195021	4735	CM084263.1_rotation_1_offset_3626	4796	0.978315	0
SRR27841065.2195021	4735	CM084263.1_rotation_0_offset_0	4796	0.978315	0
SRR27841065.2195021	4735	CM084263.1_rotation_2_offset_7252	4760	0.978151	0
SRR27841065.2195021	4735	CM084263.1_rotation_3_offset_10878	3680	0.977717	0
SRR27841065.2197187	973	CM084263.1_rotation_1_offset_3626	977	0.976459	0
SRR27841065.2197187	973	CM084263.1_rotation_3_offset_10878	977	0.976459	0
SRR27841065.2197187	973	CM084263.1_rotation_2_offset_7252	977	0.976459	0
SRR27841065.2197187	973	CM084263.1_rotation_0_offset_0	977	0.976459	0
SRR27841065.2204905	13478	CM084263.1_rotation_1_offset_3626	10868	0.951141	0
SRR27841065.2204905	13478	CM084263.1_rotation_0_offset_0	10868	0.951141	0
SRR27841065.2204905	13478	CM084263.1_rotation_2_offset_7252	7316	0.960224	0
SRR27841065.2204905	13478	CM084263.1_rotation_3_offset_10878	7196	0.950667	0
SRR27841065.2204905	13478	CM084263.1_rotation_2_offset_7252	91	0.989011	0
SRR27841065.2204905	13478	CM084263.1_rotation_0_offset_0	91	0.989011	0
SRR27841065.2204905	13478	CM084263.1_rotation_3_offset_10878	91	0.989011	0
SRR27841065.2204905	13478	CM084263.1_rotation_1_offset_3626	91	0.989011	0
SRR27841065.2204905	13478	CM084263.1_rotation_1_offset_3626	91	0.989011	0
SRR27841065.2204905	13478	CM084263.1_rotation_0_offset_0	91	0.989011	0
SRR27841065.2204905	13478	CM084263.1_rotation_2_offset_7252	91	0.989011	0
SRR27841065.2204905	13478	CM084263.1_rotation_0_offset_0	91	0.967033	32
SRR27841065.2204905	13478	CM084263.1_rotation_0_offset_0	92	0.956522	16
SRR27841065.2204905	13478	CM084263.1_rotation_1_offset_3626	91	0.945055	0
SRR27841065.2204905	13478	CM084263.1_rotation_0_offset_0	91	0.945055	0
SRR27841065.2206161	7126	CM084263.1_rotation_0_offset_0	5752	0.959318	0
SRR27841065.2206161	7126	CM084263.1_rotation_2_offset_7252	5752	0.959318	0
SRR27841065.2206161	7126	CM084263.1_rotation_3_offset_10878	5752	0.959318	0
SRR27841065.2206161	7126	CM084263.1_rotation_1_offset_3626	3640	0.957143	0
SRR27841065.2206161	7126	CM084263.1_rotation_0_offset_0	91	0.978022	52
SRR27841065.2206161	7126	CM084263.1_rotation_3_offset_10878	97	0.927835	0
SRR27841065.2206161	7126	CM084263.1_rotation_1_offset_3626	97	0.927835	0
SRR27841065.2206161	7126	CM084263.1_rotation_2_offset_7252	97	0.927835	0
SRR27841065.2206161	7126	CM084263.1_rotation_0_offset_0	97	0.927835	0
SRR27841065.2206161	7126	CM084263.1_rotation_0_offset_0	97	0.896907	52
SRR27841065.2206161	7126	CM084263.1_rotation_1_offset_3626	91	0.967033	30
SRR27841065.2206161	7126	CM084263.1_rotation_2_offset_7252	91	0.967033	0
SRR27841065.2206161	7126	CM084263.1_rotation_0_offset_0	91	0.967033	0
SRR27841065.2206161	7126	CM084263.1_rotation_3_offset_10878	91	0.967033	0
SRR27841065.2206417	17752	CM084263.1_rotation_1_offset_3626	17649	0.673126	60
SRR27841065.2206417	17752	CM084263.1_rotation_0_offset_0	11434	0.939216	0
SRR27841065.2206417	17752	CM084263.1_rotation_2_offset_7252	13974	0.603049	0
SRR27841065.2206417	17752	CM084263.1_rotation_3_offset_10878	7749	0.943089	0
SRR27841065.2206417	17752	CM084263.1_rotation_1_offset_3626	412	0.929612	60
SRR27841065.2212405	1351	CM084263.1_rotation_2_offset_7252	737	0.930801	0
SRR27841065.2212405	1351	CM084263.1_rotation_3_offset_10878	737	0.930801	0
SRR27841065.2212405	1351	CM084263.1_rotation_0_offset_0	737	0.930801	0
SRR27841065.2212405	1351	CM084263.1_rotation_1_offset_3626	737	0.930801	0
SRR27841065.2212405	1351	CM084263.1_rotation_3_offset_10878	674	0.781899	0
SRR27841065.2212405	1351	CM084263.1_rotation_2_offset_7252	674	0.781899	0
SRR27841065.2212405	1351	CM084263.1_rotation_1_offset_3626	674	0.781899	0
SRR27841065.2212405	1351	CM084263.1_rotation_0_offset_0	674	0.781899	0
SRR27841065.2219937	717	CM084263.1_rotation_1_offset_3626	733	0.941337	0
SRR27841065.2219937	717	CM084263.1_rotation_0_offset_0	733	0.941337	0
SRR27841065.2219937	717	CM084263.1_rotation_3_offset_10878	733	0.941337	0
SRR27841065.2219937	717	CM084263.1_rotation_2_offset_7252	733	0.941337	0
SRR27841065.2222461	1165	CM084263.1_rotation_2_offset_7252	60	0.933333	0
SRR27841065.2222461	1165	CM084263.1_rotation_0_offset_0	60	0.933333	0
SRR27841065.2222461	1165	CM084263.1_rotation_1_offset_3626	60	0.933333	0
SRR27841065.2222461	1165	CM084263.1_rotation_3_offset_10878	60	0.933333	0
SRR27841065.2224822	549	CM084263.1_rotation_1_offset_3626	551	0.952813	0
SRR27841065.2224822	549	CM084263.1_rotation_3_offset_10878	551	0.952813	0
SRR27841065.2224822	549	CM084263.1_rotation_0_offset_0	551	0.952813	0
SRR27841065.2224822	549	CM084263.1_rotation_2_offset_7252	551	0.952813	0
SRR27841065.2232154	1730	CM084263.1_rotation_1_offset_3626	1746	0.981672	0
SRR27841065.2232154	1730	CM084263.1_rotation_3_offset_10878	1746	0.981672	0
SRR27841065.2232154	1730	CM084263.1_rotation_0_offset_0	1746	0.981672	0
SRR27841065.2232154	1730	CM084263.1_rotation_2_offset_7252	1746	0.981672	0
SRR27841065.2234909	1156	CM084263.1_rotation_1_offset_3626	1173	0.976982	0
SRR27841065.2234909	1156	CM084263.1_rotation_3_offset_10878	1173	0.976982	0
SRR27841065.2234909	1156	CM084263.1_rotation_0_offset_0	1173	0.976982	0
SRR27841065.2234909	1156	CM084263.1_rotation_2_offset_7252	1173	0.976982	0
SRR27841065.2236747	4259	CM084263.1_rotation_0_offset_0	4284	0.980859	0
SRR27841065.2236747	4259	CM084263.1_rotation_3_offset_10878	4284	0.980859	0
SRR27841065.2236747	4259	CM084263.1_rotation_1_offset_3626	4284	0.980859	0
SRR27841065.2236747	4259	CM084263.1_rotation_2_offset_7252	3045	0.981281	0
SRR27841065.2236845	2116	CM084263.1_rotation_1_offset_3626	2146	0.970177	0
SRR27841065.2236845	2116	CM084263.1_rotation_0_offset_0	2146	0.970177	0
SRR27841065.2236845	2116	CM084263.1_rotation_2_offset_7252	2146	0.970177	0
SRR27841065.2236845	2116	CM084263.1_rotation_3_offset_10878	2146	0.970177	0
SRR27841065.2237164	17792	CM084263.1_rotation_0_offset_0	12818	0.964659	22
SRR27841065.2237164	17792	CM084263.1_rotation_1_offset_3626	16154	0.764764	0
SRR27841065.2237164	17792	CM084263.1_rotation_2_offset_7252	12495	0.706443	60
SRR27841065.2237164	17792	CM084263.1_rotation_3_offset_10878	9163	0.962567	0
SRR27841065.2237164	17792	CM084263.1_rotation_3_offset_10878	8831	0.603556	0
SRR27841065.2240167	1623	CM084263.1_rotation_0_offset_0	91	1.000000	0
SRR27841065.2240167	1623	CM084263.1_rotation_1_offset_3626	91	1.000000	0
SRR27841065.2240167	1623	CM084263.1_rotation_2_offset_7252	91	1.000000	0
SRR27841065.2240167	1623	CM084263.1_rotation_3_offset_10878	91	1.000000	0
SRR27841065.2240167	1623	CM084263.1_rotation_1_offset_3626	91	0.989011	0
SRR27841065.2240167	1623	CM084263.1_rotation_0_offset_0	91	0.989011	0
SRR27841065.2240167	1623	CM084263.1_rotation_3_offset_10878	91	0.989011	0
SRR27841065.2240167	1623	CM084263.1_rotation_2_offset_7252	91	0.989011	0
SRR27841065.2240167	1623	CM084263.1_rotation_2_offset_7252	95	0.915789	0
SRR27841065.2240167	1623	CM084263.1_rotation_1_offset_3626	95	0.915789	0
SRR27841065.2240167	1623	CM084263.1_rotation_3_offset_10878	95	0.915789	0
SRR27841065.2240167	1623	CM084263.1_rotation_0_offset_0	95	0.915789	0
SRR27841065.2240167	1623	CM084263.1_rotation_0_offset_0	95	0.905263	47
SRR27841065.2240167	1623	CM084263.1_rotation_1_offset_3626	92	0.934783	0
SRR27841065.2240167	1623	CM084263.1_rotation_2_offset_7252	92	0.934783	0
SRR27841065.2240167	1623	CM084263.1_rotation_3_offset_10878	92	0.934783	0
SRR27841065.2240167	1623	CM084263.1_rotation_0_offset_0	92	0.934783	0
SRR27841065.2240167	1623	CM084263.1_rotation_0_offset_0	79	0.962025	24
SRR27841065.2240167	1623	CM084263.1_rotation_0_offset_0	93	0.913978	16
SRR27841065.2245539	1941	CM084263.1_rotation_0_offset_0	1959	0.978560	0
SRR27841065.2245539	1941	CM084263.1_rotation_3_offset_10878	1959	0.978560	0
SRR27841065.2245539	1941	CM084263.1_rotation_2_offset_7252	1959	0.978560	0
SRR27841065.2245539	1941	CM084263.1_rotation_1_offset_3626	1959	0.978560	0
SRR27841065.2252377	863	CM084263.1_rotation_3_offset_10878	864	0.994213	0
SRR27841065.2252377	863	CM084263.1_rotation_2_offset_7252	864	0.994213	0
SRR27841065.2252377	863	CM084263.1_rotation_0_offset_0	864	0.994213	0
SRR27841065.2252377	863	CM084263.1_rotation_1_offset_3626	864	0.994213	0
SRR27841065.2252504	14092	CM084263.1_rotation_1_offset_3626	2410	0.980083	0
SRR27841065.2252504	14092	CM084263.1_rotation_0_offset_0	2410	0.980083	0
SRR27841065.2252504	14092	CM084263.1_rotation_3_offset_10878	2410	0.980083	0
SRR27841065.2252504	14092	CM084263.1_rotation_2_offset_7252	2410	0.980083	0
SRR27841065.2252904	9204	CM084263.1_rotation_3_offset_10878	3601	0.811441	0
SRR27841065.2252904	9204	CM084263.1_rotation_1_offset_3626	3601	0.811441	0
SRR27841065.2252904	9204	CM084263.1_rotation_2_offset_7252	3601	0.811441	0
SRR27841065.2252904	9204	CM084263.1_rotation_0_offset_0	3601	0.811441	0
SRR27841065.2252904	9204	CM084263.1_rotation_0_offset_0	2926	0.705742	0
SRR27841065.2252904	9204	CM084263.1_rotation_1_offset_3626	2926	0.705742	0
SRR27841065.2252904	9204	CM084263.1_rotation_3_offset_10878	2926	0.705742	0
SRR27841065.2252904	9204	CM084263.1_rotation_2_offset_7252	2926	0.705742	0
SRR27841065.2255186	19927	CM084263.1_rotation_0_offset_0	13472	0.968898	60
SRR27841065.2255186	19927	CM084263.1_rotation_1_offset_3626	10968	0.969912	0
SRR27841065.2255186	19927	CM084263.1_rotation_3_offset_10878	9823	0.966304	0
SRR27841065.2255186	19927	CM084263.1_rotation_2_offset_7252	7320	0.966940	0
SRR27841065.2255186	19927	CM084263.1_rotation_0_offset_0	1165	0.614592	1
SRR27841065.2255186	19927	CM084263.1_rotation_1_offset_3626	732	0.974044	0
SRR27841065.2255186	19927	CM084263.1_rotation_2_offset_7252	732	0.974044	0
SRR27841065.2255186	19927	CM084263.1_rotation_3_offset_10878	732	0.974044	0
SRR27841065.2255186	19927	CM084263.1_rotation_0_offset_0	732	0.974044	0
SRR27841065.2255186	19927	CM084263.1_rotation_2_offset_7252	91	1.000000	0
SRR27841065.2255186	19927	CM084263.1_rotation_1_offset_3626	91	1.000000	0
SRR27841065.2255186	19927	CM084263.1_rotation_0_offset_0	91	1.000000	0
SRR27841065.2255186	19927	CM084263.1_rotation_0_offset_0	91	0.989011	45
SRR27841065.2255186	19927	CM084263.1_rotation_0_offset_0	91	0.989011	60
SRR27841065.2255186	19927	CM084263.1_rotation_0_offset_0	91	0.978022	32
SRR27841065.2255186	19927	CM084263.1_rotation_0_offset_0	87	0.977011	58
SRR27841065.2255186	19927	CM084263.1_rotation_0_offset_0	86	0.976744	53
SRR27841065.2255186	19927	CM084263.1_rotation_0_offset_0	91	0.956044	3
SRR27841065.2255186	19927	CM084263.1_rotation_0_offset_0	92	0.945652	48
SRR27841065.2255186	19927	CM084263.1_rotation_0_offset_0	88	0.931818	28
SRR27841065.2255186	19927	CM084263.1_rotation_0_offset_0	86	0.941860	1
SRR27841065.2255186	19927	CM084263.1_rotation_0_offset_0	92	0.869565	2
SRR27841065.2265588	519	CM084263.1_rotation_2_offset_7252	522	0.977011	0
SRR27841065.2265588	519	CM084263.1_rotation_0_offset_0	522	0.977011	0
SRR27841065.2265588	519	CM084263.1_rotation_1_offset_3626	522	0.977011	0
SRR27841065.2265588	519	CM084263.1_rotation_3_offset_10878	522	0.977011	0
SRR27841065.2265879	217	CM084263.1_rotation_0_offset_0	217	0.995392	0
SRR27841065.2265879	217	CM084263.1_rotation_1_offset_3626	217	0.995392	0
SRR27841065.2265879	217	CM084263.1_rotation_2_offset_7252	217	0.995392	0
SRR27841065.2265879	217	CM084263.1_rotation_3_offset_10878	217	0.995392	0
SRR27841065.2272293	1036	CM084263.1_rotation_0_offset_0	1040	0.969231	0
SRR27841065.2272293	1036	CM084263.1_rotation_3_offset_10878	1040	0.969231	0
SRR27841065.2272293	1036	CM084263.1_rotation_1_offset_3626	1040	0.969231	0
SRR27841065.2272293	1036	CM084263.1_rotation_2_offset_7252	1040	0.969231	0
SRR27841065.2273674	2014	CM084263.1_rotation_1_offset_3626	2022	0.980218	0
SRR27841065.2273674	2014	CM084263.1_rotation_2_offset_7252	2022	0.980218	0
SRR27841065.2273674	2014	CM084263.1_rotation_0_offset_0	2022	0.980218	0
SRR27841065.2273674	2014	CM084263.1_rotation_3_offset_10878	1578	0.979721	0
SRR27841065.2282745	1115	CM084263.1_rotation_1_offset_3626	1126	0.976909	0
SRR27841065.2282745	1115	CM084263.1_rotation_3_offset_10878	1126	0.976909	0
SRR27841065.2282745	1115	CM084263.1_rotation_2_offset_7252	1126	0.976909	0
SRR27841065.2282745	1115	CM084263.1_rotation_0_offset_0	1126	0.976909	0
SRR27841065.2282912	2648	CM084263.1_rotation_2_offset_7252	2521	0.982943	0
SRR27841065.2282912	2648	CM084263.1_rotation_0_offset_0	2521	0.982943	0
SRR27841065.2282912	2648	CM084263.1_rotation_3_offset_10878	2521	0.982943	0
SRR27841065.2282912	2648	CM084263.1_rotation_1_offset_3626	2521	0.982943	0
SRR27841065.2288714	1597	CM084263.1_rotation_1_offset_3626	1634	0.935741	0
SRR27841065.2288714	1597	CM084263.1_rotation_0_offset_0	1634	0.935741	0
SRR27841065.2288714	1597	CM084263.1_rotation_2_offset_7252	1634	0.935741	0
SRR27841065.2288714	1597	CM084263.1_rotation_3_offset_10878	1634	0.935741	0
SRR27841065.2289779	499	CM084263.1_rotation_2_offset_7252	510	0.968627	0
SRR27841065.2289779	499	CM084263.1_rotation_3_offset_10878	510	0.968627	0
SRR27841065.2289779	499	CM084263.1_rotation_0_offset_0	510	0.968627	0
SRR27841065.2289779	499	CM084263.1_rotation_1_offset_3626	510	0.968627	0
SRR27841065.2292779	1749	CM084263.1_rotation_3_offset_10878	1073	0.976701	0
SRR27841065.2292779	1749	CM084263.1_rotation_2_offset_7252	1073	0.976701	0
SRR27841065.2292779	1749	CM084263.1_rotation_0_offset_0	1073	0.976701	0
SRR27841065.2292779	1749	CM084263.1_rotation_1_offset_3626	1073	0.976701	0
SRR27841065.2300851	6364	CM084263.1_rotation_1_offset_3626	481	0.378378	0
SRR27841065.2300851	6364	CM084263.1_rotation_3_offset_10878	481	0.378378	0
SRR27841065.2300851	6364	CM084263.1_rotation_2_offset_7252	481	0.378378	0
SRR27841065.2300851	6364	CM084263.1_rotation_1_offset_3626	91	1.000000	0
SRR27841065.2300851	6364	CM084263.1_rotation_3_offset_10878	91	1.000000	0
SRR27841065.2300851	6364	CM084263.1_rotation_2_offset_7252	91	1.000000	0
SRR27841065.2300851	6364	CM084263.1_rotation_0_offset_0	91	1.000000	0
SRR27841065.2300851	6364	CM084263.1_rotation_3_offset_10878	91	0.978022	0
SRR27841065.2300851	6364	CM084263.1_rotation_0_offset_0	91	0.978022	0
SRR27841065.2300851	6364	CM084263.1_rotation_2_offset_7252	91	0.978022	0
SRR27841065.2300851	6364	CM084263.1_rotation_1_offset_3626	91	0.978022	0
SRR27841065.2300851	6364	CM084263.1_rotation_3_offset_10878	93	0.967742	1
SRR27841065.2300851	6364	CM084263.1_rotation_2_offset_7252	93	0.967742	0
SRR27841065.2300851	6364	CM084263.1_rotation_1_offset_3626	93	0.967742	0
SRR27841065.2300851	6364	CM084263.1_rotation_2_offset_7252	91	0.967033	0
SRR27841065.2300851	6364	CM084263.1_rotation_1_offset_3626	91	0.967033	0
SRR27841065.2300851	6364	CM084263.1_rotation_3_offset_10878	91	0.967033	0
SRR27841065.2300851	6364	CM084263.1_rotation_1_offset_3626	89	0.977528	1
SRR27841065.2300851	6364	CM084263.1_rotation_2_offset_7252	87	0.977011	0
SRR27841065.2300851	6364	CM084263.1_rotation_3_offset_10878	87	0.977011	0
SRR27841065.2300851	6364	CM084263.1_rotation_1_offset_3626	87	0.977011	0
SRR27841065.2300851	6364	CM084263.1_rotation_2_offset_7252	91	0.967033	0
SRR27841065.2300851	6364	CM084263.1_rotation_1_offset_3626	91	0.967033	0
SRR27841065.2300851	6364	CM084263.1_rotation_0_offset_0	91	0.967033	0
SRR27841065.2300851	6364	CM084263.1_rotation_3_offset_10878	91	0.967033	0
SRR27841065.2300851	6364	CM084263.1_rotation_3_offset_10878	98	0.918367	1
SRR27841065.2300851	6364	CM084263.1_rotation_0_offset_0	94	0.946809	0
SRR27841065.2300851	6364	CM084263.1_rotation_2_offset_7252	94	0.946809	0
SRR27841065.2300851	6364	CM084263.1_rotation_1_offset_3626	94	0.946809	0
SRR27841065.2300851	6364	CM084263.1_rotation_3_offset_10878	94	0.946809	0
SRR27841065.2301522	12653	CM084263.1_rotation_2_offset_7252	12751	0.652498	0
SRR27841065.2301522	12653	CM084263.1_rotation_1_offset_3626	12751	0.652498	0
SRR27841065.2301522	12653	CM084263.1_rotation_0_offset_0	7004	0.968875	0
SRR27841065.2301522	12653	CM084263.1_rotation_3_offset_10878	9398	0.537455	0
SRR27841065.2302194	609	CM084263.1_rotation_3_offset_10878	616	0.985390	0
SRR27841065.2302194	609	CM084263.1_rotation_0_offset_0	616	0.985390	0
SRR27841065.2302194	609	CM084263.1_rotation_2_offset_7252	616	0.985390	0
SRR27841065.2302194	609	CM084263.1_rotation_1_offset_3626	616	0.985390	0
SRR27841065.2303284	1855	CM084263.1_rotation_1_offset_3626	330	0.972727	0
SRR27841065.2303284	1855	CM084263.1_rotation_2_offset_7252	330	0.972727	0
SRR27841065.2303284	1855	CM084263.1_rotation_0_offset_0	330	0.972727	0
SRR27841065.2303284	1855	CM084263.1_rotation_3_offset_10878	330	0.972727	0
SRR27841065.2303284	1855	CM084263.1_rotation_1_offset_3626	91	0.956044	0
SRR27841065.2303284	1855	CM084263.1_rotation_3_offset_10878	91	0.956044	0
SRR27841065.2303284	1855	CM084263.1_rotation_0_offset_0	91	0.956044	0
SRR27841065.2303284	1855	CM084263.1_rotation_2_offset_7252	91	0.956044	0
SRR27841065.2303284	1855	CM084263.1_rotation_0_offset_0	91	0.956044	23
SRR27841065.2303746	452	CM084263.1_rotation_1_offset_3626	460	0.973913	0
SRR27841065.2303746	452	CM084263.1_rotation_3_offset_10878	460	0.973913	0
SRR27841065.2303746	452	CM084263.1_rotation_2_offset_7252	460	0.973913	0
SRR27841065.2303746	452	CM084263.1_rotation_0_offset_0	460	0.973913	0
SRR27841065.2306255	4379	CM084263.1_rotation_0_offset_0	4566	0.840123	0
SRR27841065.2306255	4379	CM084263.1_rotation_3_offset_10878	4566	0.840123	0
SRR27841065.2306255	4379	CM084263.1_rotation_2_offset_7252	4313	0.840714	0
SRR27841065.2306255	4379	CM084263.1_rotation_1_offset_3626	3972	0.843404	0
SRR27841065.2306714	869	CM084263.1_rotation_2_offset_7252	884	0.961538	0
SRR27841065.2306714	869	CM084263.1_rotation_1_offset_3626	884	0.961538	0
SRR27841065.2306714	869	CM084263.1_rotation_0_offset_0	884	0.961538	0
SRR27841065.2306714	869	CM084263.1_rotation_3_offset_10878	884	0.961538	0
SRR27841065.2307721	4063	CM084263.1_rotation_2_offset_7252	4115	0.962333	0
SRR27841065.2307721	4063	CM084263.1_rotation_1_offset_3626	4115	0.962333	0
SRR27841065.2307721	4063	CM084263.1_rotation_0_offset_0	4115	0.962333	0
SRR27841065.2307721	4063	CM084263.1_rotation_3_offset_10878	3660	0.963661	0
SRR27841065.2314762	4851	CM084263.1_rotation_2_offset_7252	4921	0.961593	0
SRR27841065.2314762	4851	CM084263.1_rotation_1_offset_3626	4921	0.961593	0
SRR27841065.2314762	4851	CM084263.1_rotation_0_offset_0	4921	0.961593	0
SRR27841065.2314762	4851	CM084263.1_rotation_3_offset_10878	2535	0.973176	0
SRR27841065.2318163	6714	CM084263.1_rotation_1_offset_3626	7078	0.815485	0
SRR27841065.2318163	6714	CM084263.1_rotation_0_offset_0	7078	0.815485	0
SRR27841065.2318163	6714	CM084263.1_rotation_3_offset_10878	6581	0.812642	0
SRR27841065.2318163	6714	CM084263.1_rotation_2_offset_7252	4225	0.827456	0
SRR27841065.2319687	4800	CM084263.1_rotation_3_offset_10878	3173	0.965963	0
SRR27841065.2319687	4800	CM084263.1_rotation_1_offset_3626	3173	0.965963	0
SRR27841065.2319687	4800	CM084263.1_rotation_2_offset_7252	3173	0.965963	0
SRR27841065.2319687	4800	CM084263.1_rotation_0_offset_0	3173	0.965963	0
SRR27841065.2319687	4800	CM084263.1_rotation_3_offset_10878	490	0.365306	0
SRR27841065.2319687	4800	CM084263.1_rotation_2_offset_7252	490	0.365306	0
SRR27841065.2319687	4800	CM084263.1_rotation_1_offset_3626	490	0.365306	0
SRR27841065.2319687	4800	CM084263.1_rotation_3_offset_10878	91	0.989011	0
SRR27841065.2319687	4800	CM084263.1_rotation_2_offset_7252	91	0.989011	0
SRR27841065.2319687	4800	CM084263.1_rotation_0_offset_0	91	0.989011	0
SRR27841065.2319687	4800	CM084263.1_rotation_1_offset_3626	91	0.989011	0
SRR27841065.2319687	4800	CM084263.1_rotation_0_offset_0	93	0.913978	37
SRR27841065.2319687	4800	CM084263.1_rotation_0_offset_0	95	0.894737	0
SRR27841065.2319687	4800	CM084263.1_rotation_0_offset_0	91	0.923077	14
SRR27841065.2319687	4800	CM084263.1_rotation_3_offset_10878	81	0.925926	0
SRR27841065.2319687	4800	CM084263.1_rotation_1_offset_3626	81	0.925926	0
SRR27841065.2319687	4800	CM084263.1_rotation_0_offset_0	81	0.925926	0
SRR27841065.2319687	4800	CM084263.1_rotation_2_offset_7252	81	0.925926	0
SRR27841065.2334864	378	CM084263.1_rotation_2_offset_7252	384	0.958333	0
SRR27841065.2334864	378	CM084263.1_rotation_0_offset_0	384	0.958333	0
SRR27841065.2334864	378	CM084263.1_rotation_3_offset_10878	384	0.958333	0
SRR27841065.2334864	378	CM084263.1_rotation_1_offset_3626	384	0.958333	0
SRR27841065.2336841	4793	CM084263.1_rotation_0_offset_0	4898	0.940180	0
SRR27841065.2336841	4793	CM084263.1_rotation_3_offset_10878	4898	0.940180	0
SRR27841065.2336841	4793	CM084263.1_rotation_1_offset_3626	4898	0.940180	0
SRR27841065.2336841	4793	CM084263.1_rotation_2_offset_7252	3091	0.936267	0
SRR27841065.2339285	792	CM084263.1_rotation_0_offset_0	818	0.926650	0
SRR27841065.2339285	792	CM084263.1_rotation_3_offset_10878	818	0.926650	0
SRR27841065.2339285	792	CM084263.1_rotation_2_offset_7252	818	0.926650	0
SRR27841065.2339285	792	CM084263.1_rotation_1_offset_3626	818	0.926650	0
SRR27841065.2341234	6452	CM084263.1_rotation_2_offset_7252	6540	0.965902	0
SRR27841065.2341234	6452	CM084263.1_rotation_3_offset_10878	6540	0.965902	0
SRR27841065.2341234	6452	CM084263.1_rotation_0_offset_0	6540	0.965902	0
SRR27841065.2341234	6452	CM084263.1_rotation_1_offset_3626	3451	0.965517	0
SRR27841065.2342778	5435	CM084263.1_rotation_0_offset_0	5509	0.963151	0
SRR27841065.2342778	5435	CM084263.1_rotation_1_offset_3626	5509	0.963151	0
SRR27841065.2342778	5435	CM084263.1_rotation_3_offset_10878	5509	0.963151	0
SRR27841065.2342778	5435	CM084263.1_rotation_2_offset_7252	3636	0.954070	0
SRR27841065.2344342	7615	CM084263.1_rotation_0_offset_0	1893	0.972002	0
SRR27841065.2344342	7615	CM084263.1_rotation_3_offset_10878	1893	0.972002	0
SRR27841065.2344342	7615	CM084263.1_rotation_2_offset_7252	1893	0.972002	0
SRR27841065.2344342	7615	CM084263.1_rotation_1_offset_3626	1893	0.972002	0
SRR27841065.2344342	7615	CM084263.1_rotation_1_offset_3626	157	0.834395	1
SRR27841065.2344342	7615	CM084263.1_rotation_1_offset_3626	89	0.977528	0
SRR27841065.2344342	7615	CM084263.1_rotation_0_offset_0	89	0.977528	0
SRR27841065.2344342	7615	CM084263.1_rotation_3_offset_10878	89	0.977528	0
SRR27841065.2344342	7615	CM084263.1_rotation_2_offset_7252	89	0.977528	0
SRR27841065.2344342	7615	CM084263.1_rotation_2_offset_7252	87	0.977011	0
SRR27841065.2344342	7615	CM084263.1_rotation_3_offset_10878	87	0.977011	0
SRR27841065.2344342	7615	CM084263.1_rotation_0_offset_0	87	0.977011	0
SRR27841065.2344342	7615	CM084263.1_rotation_1_offset_3626	87	0.977011	0
SRR27841065.2344342	7615	CM084263.1_rotation_0_offset_0	94	0.946809	1
SRR27841065.2344342	7615	CM084263.1_rotation_0_offset_0	92	0.945652	51
SRR27841065.2344342	7615	CM084263.1_rotation_1_offset_3626	100	0.870000	1
SRR27841065.2344342	7615	CM084263.1_rotation_3_offset_10878	100	0.870000	0
SRR27841065.2344342	7615	CM084263.1_rotation_0_offset_0	100	0.870000	0
SRR27841065.2344342	7615	CM084263.1_rotation_2_offset_7252	100	0.870000	0
SRR27841065.2344342	7615	CM084263.1_rotation_0_offset_0	94	0.882979	0
SRR27841065.2344342	7615	CM084263.1_rotation_1_offset_3626	94	0.882979	0
SRR27841065.2344342	7615	CM084263.1_rotation_2_offset_7252	94	0.882979	0
SRR27841065.2344342	7615	CM084263.1_rotation_3_offset_10878	94	0.882979	0
SRR27841065.2344342	7615	CM084263.1_rotation_2_offset_7252	95	0.894737	1
SRR27841065.2345499	1060	CM084263.1_rotation_3_offset_10878	1097	0.906108	0
SRR27841065.2345499	1060	CM084263.1_rotation_1_offset_3626	1097	0.906108	0
SRR27841065.2345499	1060	CM084263.1_rotation_2_offset_7252	1097	0.906108	0
SRR27841065.2345499	1060	CM084263.1_rotation_0_offset_0	1097	0.906108	0
SRR27841065.2351317	7770	CM084263.1_rotation_0_offset_0	2376	0.898148	0
SRR27841065.2351317	7770	CM084263.1_rotation_3_offset_10878	2376	0.898148	0
SRR27841065.2351317	7770	CM084263.1_rotation_1_offset_3626	2376	0.898148	0
SRR27841065.2351317	7770	CM084263.1_rotation_2_offset_7252	2147	0.893805	0
SRR27841065.2353874	1737	CM084263.1_rotation_0_offset_0	92	0.989130	0
SRR27841065.2353874	1737	CM084263.1_rotation_1_offset_3626	92	0.989130	0
SRR27841065.2353874	1737	CM084263.1_rotation_2_offset_7252	92	0.989130	0
SRR27841065.2353874	1737	CM084263.1_rotation_3_offset_10878	92	0.989130	0
SRR27841065.2353874	1737	CM084263.1_rotation_0_offset_0	99	0.929293	54
SRR27841065.2353874	1737	CM084263.1_rotation_2_offset_7252	99	0.929293	0
SRR27841065.2353874	1737	CM084263.1_rotation_3_offset_10878	99	0.929293	0
SRR27841065.2353874	1737	CM084263.1_rotation_1_offset_3626	99	0.929293	0
SRR27841065.2353874	1737	CM084263.1_rotation_0_offset_0	91	0.956044	0
SRR27841065.2353874	1737	CM084263.1_rotation_2_offset_7252	91	0.956044	0
SRR27841065.2353874	1737	CM084263.1_rotation_3_offset_10878	91	0.956044	0
SRR27841065.2353874	1737	CM084263.1_rotation_1_offset_3626	91	0.956044	0
SRR27841065.2353874	1737	CM084263.1_rotation_0_offset_0	91	0.956044	32
SRR27841065.2353874	1737	CM084263.1_rotation_0_offset_0	89	0.932584	32
SRR27841065.2353874	1737	CM084263.1_rotation_0_offset_0	92	0.923913	9
SRR27841065.2353874	1737	CM084263.1_rotation_1_offset_3626	77	0.974026	1
SRR27841065.2353874	1737	CM084263.1_rotation_3_offset_10878	77	0.974026	0
SRR27841065.2353874	1737	CM084263.1_rotation_2_offset_7252	77	0.974026	0
SRR27841065.2353874	1737	CM084263.1_rotation_0_offset_0	77	0.974026	0
SRR27841065.2356732	18601	CM084263.1_rotation_0_offset_0	14218	0.893656	60
SRR27841065.2356732	18601	CM084263.1_rotation_1_offset_3626	11561	0.882536	0
SRR27841065.2356732	18601	CM084263.1_rotation_3_offset_10878	10031	0.925830	0
SRR27841065.2356732	18601	CM084263.1_rotation_2_offset_7252	7869	0.872411	0
SRR27841065.2356732	18601	CM084263.1_rotation_3_offset_10878	92	0.989130	0
SRR27841065.2356732	18601	CM084263.1_rotation_2_offset_7252	92	0.989130	0
SRR27841065.2356732	18601	CM084263.1_rotation_0_offset_0	92	0.989130	0
SRR27841065.2356732	18601	CM084263.1_rotation_1_offset_3626	92	0.989130	0
SRR27841065.2356732	18601	CM084263.1_rotation_0_offset_0	85	0.976471	27
SRR27841065.2356732	18601	CM084263.1_rotation_1_offset_3626	88	0.931818	0
SRR27841065.2356732	18601	CM084263.1_rotation_2_offset_7252	88	0.931818	0
SRR27841065.2356732	18601	CM084263.1_rotation_0_offset_0	88	0.931818	0
SRR27841065.2356732	18601	CM084263.1_rotation_0_offset_0	91	0.912088	0
SRR27841065.2356732	18601	CM084263.1_rotation_1_offset_3626	91	0.912088	0
SRR27841065.2356732	18601	CM084263.1_rotation_3_offset_10878	91	0.912088	0
SRR27841065.2356732	18601	CM084263.1_rotation_2_offset_7252	91	0.912088	0
SRR27841065.2356732	18601	CM084263.1_rotation_0_offset_0	84	0.892857	1
SRR27841065.2358752	1321	CM084263.1_rotation_0_offset_0	739	0.953992	0
SRR27841065.2358752	1321	CM084263.1_rotation_1_offset_3626	739	0.953992	0
SRR27841065.2358752	1321	CM084263.1_rotation_2_offset_7252	739	0.953992	0
SRR27841065.2358752	1321	CM084263.1_rotation_3_offset_10878	739	0.953992	0
SRR27841065.2358752	1321	CM084263.1_rotation_0_offset_0	644	0.812112	0
SRR27841065.2358752	1321	CM084263.1_rotation_1_offset_3626	644	0.812112	0
SRR27841065.2358752	1321	CM084263.1_rotation_3_offset_10878	644	0.812112	0
SRR27841065.2358752	1321	CM084263.1_rotation_2_offset_7252	644	0.812112	0
SRR27841065.2366283	1699	CM084263.1_rotation_3_offset_10878	923	0.520043	0
SRR27841065.2366283	1699	CM084263.1_rotation_2_offset_7252	923	0.520043	0
SRR27841065.2366283	1699	CM084263.1_rotation_1_offset_3626	923	0.520043	0
SRR27841065.2366283	1699	CM084263.1_rotation_0_offset_0	923	0.520043	0
SRR27841065.2366283	1699	CM084263.1_rotation_3_offset_10878	486	0.977366	0
SRR27841065.2366283	1699	CM084263.1_rotation_1_offset_3626	486	0.977366	0
SRR27841065.2366283	1699	CM084263.1_rotation_0_offset_0	486	0.977366	0
SRR27841065.2366283	1699	CM084263.1_rotation_2_offset_7252	486	0.977366	0
SRR27841065.2366283	1699	CM084263.1_rotation_3_offset_10878	91	0.989011	0
SRR27841065.2366283	1699	CM084263.1_rotation_0_offset_0	91	0.989011	0
SRR27841065.2366283	1699	CM084263.1_rotation_2_offset_7252	91	0.989011	0
SRR27841065.2366283	1699	CM084263.1_rotation_1_offset_3626	91	0.989011	0
SRR27841065.2366283	1699	CM084263.1_rotation_0_offset_0	95	0.915789	53
SRR27841065.2371528	1123	CM084263.1_rotation_2_offset_7252	1138	0.967487	0
SRR27841065.2371528	1123	CM084263.1_rotation_0_offset_0	1138	0.967487	0
SRR27841065.2371528	1123	CM084263.1_rotation_3_offset_10878	1138	0.967487	0
SRR27841065.2371528	1123	CM084263.1_rotation_1_offset_3626	1138	0.967487	0
SRR27841065.2384807	1074	CM084263.1_rotation_2_offset_7252	1085	0.970507	0
SRR27841065.2384807	1074	CM084263.1_rotation_1_offset_3626	1085	0.970507	0
SRR27841065.2384807	1074	CM084263.1_rotation_0_offset_0	1085	0.970507	0
SRR27841065.2384807	1074	CM084263.1_rotation_3_offset_10878	1085	0.970507	0
SRR27841065.2385058	660	CM084263.1_rotation_2_offset_7252	663	0.984917	0
SRR27841065.2385058	660	CM084263.1_rotation_1_offset_3626	663	0.984917	0
SRR27841065.2385058	660	CM084263.1_rotation_0_offset_0	663	0.984917	0
SRR27841065.2385058	660	CM084263.1_rotation_3_offset_10878	497	0.983903	0
SRR27841065.2388869	9069	CM084263.1_rotation_1_offset_3626	4117	0.922516	0
SRR27841065.2388869	9069	CM084263.1_rotation_2_offset_7252	4117	0.922516	0
SRR27841065.2388869	9069	CM084263.1_rotation_0_offset_0	4117	0.922516	0
SRR27841065.2388869	9069	CM084263.1_rotation_3_offset_10878	3711	0.921315	0
SRR27841065.2388869	9069	CM084263.1_rotation_0_offset_0	95	0.957895	57
SRR27841065.2388869	9069	CM084263.1_rotation_0_offset_0	89	0.977528	0
SRR27841065.2388869	9069	CM084263.1_rotation_3_offset_10878	89	0.977528	0
SRR27841065.2388869	9069	CM084263.1_rotation_1_offset_3626	89	0.977528	0
SRR27841065.2388869	9069	CM084263.1_rotation_2_offset_7252	89	0.977528	0
SRR27841065.2388869	9069	CM084263.1_rotation_3_offset_10878	94	0.957447	0
SRR27841065.2388869	9069	CM084263.1_rotation_0_offset_0	94	0.957447	0
SRR27841065.2388869	9069	CM084263.1_rotation_1_offset_3626	94	0.957447	0
SRR27841065.2388869	9069	CM084263.1_rotation_2_offset_7252	94	0.957447	0
SRR27841065.2388869	9069	CM084263.1_rotation_0_offset_0	91	0.956044	34
SRR27841065.2388869	9069	CM084263.1_rotation_0_offset_0	91	0.945055	45
SRR27841065.2388869	9069	CM084263.1_rotation_0_offset_0	96	0.906250	13
SRR27841065.2388869	9069	CM084263.1_rotation_0_offset_0	91	0.923077	12
SRR27841065.2394012	19920	CM084263.1_rotation_0_offset_0	14619	0.970791	60
SRR27841065.2394012	19920	CM084263.1_rotation_3_offset_10878	10966	0.971366	0
SRR27841065.2394012	19920	CM084263.1_rotation_1_offset_3626	10987	0.969600	0
SRR27841065.2394012	19920	CM084263.1_rotation_2_offset_7252	7297	0.971769	0
SRR27841065.2394012	19920	CM084263.1_rotation_0_offset_0	91	1.000000	60
SRR27841065.2394012	19920	CM084263.1_rotation_0_offset_0	91	1.000000	60
SRR27841065.2394012	19920	CM084263.1_rotation_0_offset_0	91	1.000000	60
SRR27841065.2394012	19920	CM084263.1_rotation_0_offset_0	91	1.000000	60
SRR27841065.2394012	19920	CM084263.1_rotation_0_offset_0	91	0.989011	60
SRR27841065.2394012	19920	CM084263.1_rotation_0_offset_0	91	0.989011	60
SRR27841065.2394012	19920	CM084263.1_rotation_1_offset_3626	91	0.989011	0
SRR27841065.2394012	19920	CM084263.1_rotation_0_offset_0	91	0.989011	0
SRR27841065.2394012	19920	CM084263.1_rotation_0_offset_0	93	0.978495	60
SRR27841065.2394012	19920	CM084263.1_rotation_0_offset_0	89	0.977528	58
SRR27841065.2394012	19920	CM084263.1_rotation_0_offset_0	90	0.977778	60
SRR27841065.2394012	19920	CM084263.1_rotation_0_offset_0	92	0.945652	28
SRR27841065.2394012	19920	CM084263.1_rotation_0_offset_0	76	0.960526	16
SRR27841065.2397519	2312	CM084263.1_rotation_3_offset_10878	2330	0.979828	0
SRR27841065.2397519	2312	CM084263.1_rotation_0_offset_0	2330	0.979828	0
SRR27841065.2397519	2312	CM084263.1_rotation_2_offset_7252	2330	0.979828	0
SRR27841065.2397519	2312	CM084263.1_rotation_1_offset_3626	2151	0.978150	0
SRR27841065.2398586	614	CM084263.1_rotation_0_offset_0	86	0.953488	0
SRR27841065.2398586	614	CM084263.1_rotation_2_offset_7252	86	0.953488	0
SRR27841065.2398586	614	CM084263.1_rotation_3_offset_10878	86	0.953488	0
SRR27841065.2398586	614	CM084263.1_rotation_1_offset_3626	86	0.953488	0
SRR27841065.2400278	2056	CM084263.1_rotation_0_offset_0	2100	0.943810	0
SRR27841065.2400278	2056	CM084263.1_rotation_2_offset_7252	2100	0.943810	0
SRR27841065.2400278	2056	CM084263.1_rotation_3_offset_10878	2100	0.943810	0
SRR27841065.2400278	2056	CM084263.1_rotation_1_offset_3626	2079	0.943242	0
SRR27841065.2401724	480	CM084263.1_rotation_0_offset_0	483	0.979296	0
SRR27841065.2401724	480	CM084263.1_rotation_3_offset_10878	483	0.979296	0
SRR27841065.2401724	480	CM084263.1_rotation_2_offset_7252	483	0.979296	0
SRR27841065.2401724	480	CM084263.1_rotation_1_offset_3626	483	0.979296	0
SRR27841065.2401735	1219	CM084263.1_rotation_2_offset_7252	1226	0.979608	0
SRR27841065.2401735	1219	CM084263.1_rotation_0_offset_0	1226	0.979608	0
SRR27841065.2401735	1219	CM084263.1_rotation_1_offset_3626	1226	0.979608	0
SRR27841065.2401735	1219	CM084263.1_rotation_3_offset_10878	1188	0.978956	0
SRR27841065.2403109	4874	CM084263.1_rotation_1_offset_3626	4964	0.947019	0
SRR27841065.2403109	4874	CM084263.1_rotation_0_offset_0	4964	0.947019	0
SRR27841065.2403109	4874	CM084263.1_rotation_3_offset_10878	4846	0.945935	0
SRR27841065.2403109	4874	CM084263.1_rotation_2_offset_7252	3800	0.942895	0
SRR27841065.2404569	1932	CM084263.1_rotation_2_offset_7252	252	0.888889	0
SRR27841065.2404569	1932	CM084263.1_rotation_3_offset_10878	252	0.888889	0
SRR27841065.2404569	1932	CM084263.1_rotation_1_offset_3626	252	0.888889	0
SRR27841065.2404569	1932	CM084263.1_rotation_0_offset_0	193	0.958549	0
SRR27841065.2404569	1932	CM084263.1_rotation_1_offset_3626	153	0.836601	0
SRR27841065.2404569	1932	CM084263.1_rotation_2_offset_7252	153	0.836601	0
SRR27841065.2404569	1932	CM084263.1_rotation_3_offset_10878	153	0.836601	0
SRR27841065.2404569	1932	CM084263.1_rotation_2_offset_7252	89	0.977528	0
SRR27841065.2404569	1932	CM084263.1_rotation_3_offset_10878	89	0.977528	0
SRR27841065.2404569	1932	CM084263.1_rotation_0_offset_0	89	0.977528	0
SRR27841065.2404569	1932	CM084263.1_rotation_1_offset_3626	89	0.977528	0
SRR27841065.2404569	1932	CM084263.1_rotation_0_offset_0	87	0.965517	13
SRR27841065.2404569	1932	CM084263.1_rotation_0_offset_0	96	0.937500	0
SRR27841065.2404569	1932	CM084263.1_rotation_3_offset_10878	96	0.895833	0
SRR27841065.2404569	1932	CM084263.1_rotation_0_offset_0	96	0.895833	0
SRR27841065.2404569	1932	CM084263.1_rotation_1_offset_3626	96	0.895833	0
SRR27841065.2404569	1932	CM084263.1_rotation_2_offset_7252	96	0.895833	0
SRR27841065.2404569	1932	CM084263.1_rotation_0_offset_0	97	0.876289	17
SRR27841065.2408726	1260	CM084263.1_rotation_1_offset_3626	408	0.980392	0
SRR27841065.2408726	1260	CM084263.1_rotation_3_offset_10878	408	0.980392	0
SRR27841065.2408726	1260	CM084263.1_rotation_2_offset_7252	408	0.980392	0
SRR27841065.2408726	1260	CM084263.1_rotation_0_offset_0	408	0.980392	0
SRR27841065.2408726	1260	CM084263.1_rotation_0_offset_0	101	0.910891	60
SRR27841065.2408726	1260	CM084263.1_rotation_1_offset_3626	68	0.985294	0
SRR27841065.2409553	939	CM084263.1_rotation_2_offset_7252	184	0.956522	0
SRR27841065.2409553	939	CM084263.1_rotation_0_offset_0	184	0.956522	0
SRR27841065.2409553	939	CM084263.1_rotation_1_offset_3626	184	0.956522	0
SRR27841065.2409553	939	CM084263.1_rotation_3_offset_10878	184	0.956522	0
SRR27841065.2409553	939	CM084263.1_rotation_2_offset_7252	87	0.977011	0
SRR27841065.2409553	939	CM084263.1_rotation_3_offset_10878	87	0.977011	0
SRR27841065.2409553	939	CM084263.1_rotation_0_offset_0	87	0.977011	0
SRR27841065.2409553	939	CM084263.1_rotation_1_offset_3626	87	0.977011	0
SRR27841065.2409577	5610	CM084263.1_rotation_0_offset_0	5527	0.970870	23
SRR27841065.2409577	5610	CM084263.1_rotation_3_offset_10878	5586	0.967598	0
SRR27841065.2409577	5610	CM084263.1_rotation_2_offset_7252	5586	0.967598	0
SRR27841065.2409577	5610	CM084263.1_rotation_1_offset_3626	3692	0.959642	0
SRR27841065.2411445	2156	CM084263.1_rotation_0_offset_0	2174	0.977461	0
SRR27841065.2411445	2156	CM084263.1_rotation_2_offset_7252	2174	0.977461	0
SRR27841065.2411445	2156	CM084263.1_rotation_1_offset_3626	2174	0.977461	0
SRR27841065.2411445	2156	CM084263.1_rotation_3_offset_10878	2174	0.977461	0
SRR27841065.2419029	3749	CM084263.1_rotation_2_offset_7252	91	1.000000	0
SRR27841065.2419029	3749	CM084263.1_rotation_1_offset_3626	91	1.000000	0
SRR27841065.2419029	3749	CM084263.1_rotation_1_offset_3626	91	1.000000	0
SRR27841065.2419029	3749	CM084263.1_rotation_3_offset_10878	91	1.000000	0
SRR27841065.2419029	3749	CM084263.1_rotation_0_offset_0	91	1.000000	0
SRR27841065.2419029	3749	CM084263.1_rotation_2_offset_7252	91	1.000000	0
SRR27841065.2419029	3749	CM084263.1_rotation_0_offset_0	91	1.000000	0
SRR27841065.2419029	3749	CM084263.1_rotation_0_offset_0	91	1.000000	0
SRR27841065.2419029	3749	CM084263.1_rotation_2_offset_7252	91	1.000000	0
SRR27841065.2419029	3749	CM084263.1_rotation_3_offset_10878	91	1.000000	0
SRR27841065.2419029	3749	CM084263.1_rotation_1_offset_3626	91	1.000000	0
SRR27841065.2419029	3749	CM084263.1_rotation_3_offset_10878	91	1.000000	0
SRR27841065.2419029	3749	CM084263.1_rotation_0_offset_0	91	0.989011	0
SRR27841065.2419029	3749	CM084263.1_rotation_3_offset_10878	91	0.989011	0
SRR27841065.2419029	3749	CM084263.1_rotation_1_offset_3626	91	0.989011	0
SRR27841065.2419029	3749	CM084263.1_rotation_2_offset_7252	91	0.989011	0
SRR27841065.2419029	3749	CM084263.1_rotation_0_offset_0	91	0.956044	57
SRR27841065.2419029	3749	CM084263.1_rotation_1_offset_3626	95	0.915789	0
SRR27841065.2419029	3749	CM084263.1_rotation_2_offset_7252	95	0.915789	0
SRR27841065.2419029	3749	CM084263.1_rotation_0_offset_0	93	0.935484	54
SRR27841065.2419029	3749	CM084263.1_rotation_3_offset_10878	95	0.915789	0
SRR27841065.2419029	3749	CM084263.1_rotation_0_offset_0	95	0.915789	0
SRR27841065.2419029	3749	CM084263.1_rotation_0_offset_0	91	0.945055	43
SRR27841065.2424245	1277	CM084263.1_rotation_1_offset_3626	93	0.978495	0
SRR27841065.2424245	1277	CM084263.1_rotation_3_offset_10878	93	0.978495	0
SRR27841065.2424245	1277	CM084263.1_rotation_0_offset_0	93	0.978495	0
SRR27841065.2424245	1277	CM084263.1_rotation_2_offset_7252	93	0.978495	0
SRR27841065.2424245	1277	CM084263.1_rotation_0_offset_0	96	0.906250	0
SRR27841065.2424245	1277	CM084263.1_rotation_2_offset_7252	96	0.906250	0
SRR27841065.2424245	1277	CM084263.1_rotation_1_offset_3626	96	0.906250	0
SRR27841065.2424245	1277	CM084263.1_rotation_3_offset_10878	96	0.906250	0
SRR27841065.2424245	1277	CM084263.1_rotation_0_offset_0	93	0.946237	9
SRR27841065.2424245	1277	CM084263.1_rotation_1_offset_3626	71	0.957746	0
SRR27841065.2424245	1277	CM084263.1_rotation_0_offset_0	71	0.957746	0
SRR27841065.2424245	1277	CM084263.1_rotation_3_offset_10878	71	0.957746	0
SRR27841065.2424245	1277	CM084263.1_rotation_2_offset_7252	71	0.957746	0
SRR27841065.2425919	2159	CM084263.1_rotation_3_offset_10878	2263	0.929297	0
SRR27841065.2425919	2159	CM084263.1_rotation_1_offset_3626	2263	0.929297	0
SRR27841065.2425919	2159	CM084263.1_rotation_0_offset_0	2263	0.929297	0
SRR27841065.2425919	2159	CM084263.1_rotation_2_offset_7252	1746	0.932417	0
SRR27841065.2432381	1390	CM084263.1_rotation_3_offset_10878	1409	0.973031	0
SRR27841065.2432381	1390	CM084263.1_rotation_0_offset_0	1409	0.973031	0
SRR27841065.2432381	1390	CM084263.1_rotation_1_offset_3626	1409	0.973031	0
SRR27841065.2432381	1390	CM084263.1_rotation_2_offset_7252	1409	0.973031	0
SRR27841065.2433517	7565	CM084263.1_rotation_2_offset_7252	6060	0.975248	0
SRR27841065.2433517	7565	CM084263.1_rotation_1_offset_3626	6060	0.975248	0
SRR27841065.2433517	7565	CM084263.1_rotation_0_offset_0	6060	0.975248	0
SRR27841065.2433517	7565	CM084263.1_rotation_3_offset_10878	3640	0.977198	0
SRR27841065.2433517	7565	CM084263.1_rotation_0_offset_0	92	0.989130	60
SRR27841065.2433517	7565	CM084263.1_rotation_0_offset_0	91	0.967033	60
SRR27841065.2437127	1079	CM084263.1_rotation_0_offset_0	1092	0.910256	0
SRR27841065.2437127	1079	CM084263.1_rotation_2_offset_7252	1092	0.910256	0
SRR27841065.2437127	1079	CM084263.1_rotation_3_offset_10878	1092	0.910256	0
SRR27841065.2437127	1079	CM084263.1_rotation_1_offset_3626	1092	0.910256	0
SRR27841065.2439743	1148	CM084263.1_rotation_0_offset_0	1116	0.915771	0
SRR27841065.2439743	1148	CM084263.1_rotation_1_offset_3626	1116	0.915771	0
SRR27841065.2439743	1148	CM084263.1_rotation_3_offset_10878	1116	0.915771	0
SRR27841065.2439743	1148	CM084263.1_rotation_2_offset_7252	709	0.901269	0
SRR27841065.2441594	19148	CM084263.1_rotation_1_offset_3626	18563	0.730378	60
SRR27841065.2441594	19148	CM084263.1_rotation_2_offset_7252	16299	0.698325	0
SRR27841065.2441594	19148	CM084263.1_rotation_0_offset_0	10250	0.975317	0
SRR27841065.2441594	19148	CM084263.1_rotation_3_offset_10878	12641	0.617673	0
SRR27841065.2441594	19148	CM084263.1_rotation_1_offset_3626	687	0.985444	60
SRR27841065.2450541	2240	CM084263.1_rotation_0_offset_0	2268	0.969136	0
SRR27841065.2450541	2240	CM084263.1_rotation_1_offset_3626	2268	0.969136	0
SRR27841065.2450541	2240	CM084263.1_rotation_2_offset_7252	2268	0.969136	0
SRR27841065.2450541	2240	CM084263.1_rotation_3_offset_10878	1367	0.969276	0
SRR27841065.2451502	19491	CM084263.1_rotation_1_offset_3626	18875	0.696159	60
SRR27841065.2451502	19491	CM084263.1_rotation_0_offset_0	11870	0.962848	0
SRR27841065.2451502	19491	CM084263.1_rotation_2_offset_7252	15206	0.632448	0
SRR27841065.2451502	19491	CM084263.1_rotation_3_offset_10878	8211	0.959932	0
SRR27841065.2451502	19491	CM084263.1_rotation_1_offset_3626	879	0.973834	60
SRR27841065.2453616	1088	CM084263.1_rotation_0_offset_0	1060	0.935849	0
SRR27841065.2453616	1088	CM084263.1_rotation_3_offset_10878	1060	0.935849	0
SRR27841065.2453616	1088	CM084263.1_rotation_1_offset_3626	1060	0.935849	0
SRR27841065.2453616	1088	CM084263.1_rotation_2_offset_7252	1060	0.935849	0
SRR27841065.2457783	7343	CM084263.1_rotation_0_offset_0	7444	0.966550	0
SRR27841065.2457783	7343	CM084263.1_rotation_3_offset_10878	7444	0.966550	0
SRR27841065.2457783	7343	CM084263.1_rotation_2_offset_7252	6720	0.968006	0
SRR27841065.2457783	7343	CM084263.1_rotation_1_offset_3626	4377	0.965273	0
SRR27841065.2459995	20771	CM084263.1_rotation_2_offset_7252	93	0.956989	0
SRR27841065.2459995	20771	CM084263.1_rotation_3_offset_10878	93	0.956989	0
SRR27841065.2459995	20771	CM084263.1_rotation_0_offset_0	93	0.956989	0
SRR27841065.2459995	20771	CM084263.1_rotation_1_offset_3626	93	0.956989	0
SRR27841065.2460301	1406	CM084263.1_rotation_3_offset_10878	1437	0.945024	0
SRR27841065.2460301	1406	CM084263.1_rotation_0_offset_0	1437	0.945024	0
SRR27841065.2460301	1406	CM084263.1_rotation_2_offset_7252	1437	0.945024	0
SRR27841065.2460301	1406	CM084263.1_rotation_1_offset_3626	777	0.963964	0
SRR27841065.2462852	492	CM084263.1_rotation_3_offset_10878	262	0.992366	0
SRR27841065.2462852	492	CM084263.1_rotation_2_offset_7252	262	0.992366	0
SRR27841065.2462852	492	CM084263.1_rotation_1_offset_3626	262	0.992366	0
SRR27841065.2462852	492	CM084263.1_rotation_0_offset_0	262	0.992366	0
SRR27841065.2463202	26648	CM084263.1_rotation_2_offset_7252	2036	0.930747	0
SRR27841065.2463202	26648	CM084263.1_rotation_1_offset_3626	2036	0.930747	0
SRR27841065.2463202	26648	CM084263.1_rotation_0_offset_0	2036	0.930747	0
SRR27841065.2463202	26648	CM084263.1_rotation_3_offset_10878	2036	0.930747	0
SRR27841065.2463202	26648	CM084263.1_rotation_0_offset_0	2062	0.698836	0
SRR27841065.2463202	26648	CM084263.1_rotation_3_offset_10878	2062	0.698836	0
SRR27841065.2463202	26648	CM084263.1_rotation_1_offset_3626	2062	0.698836	0
SRR27841065.2463202	26648	CM084263.1_rotation_2_offset_7252	2062	0.698836	0
SRR27841065.2470931	4507	CM084263.1_rotation_0_offset_0	4571	0.963028	0
SRR27841065.2470931	4507	CM084263.1_rotation_3_offset_10878	4571	0.963028	0
SRR27841065.2470931	4507	CM084263.1_rotation_2_offset_7252	4571	0.963028	0
SRR27841065.2470931	4507	CM084263.1_rotation_1_offset_3626	2583	0.957414	0
SRR27841065.2472679	8513	CM084263.1_rotation_1_offset_3626	3719	0.975800	0
SRR27841065.2472679	8513	CM084263.1_rotation_0_offset_0	3719	0.975800	0
SRR27841065.2472679	8513	CM084263.1_rotation_2_offset_7252	3719	0.975800	0
SRR27841065.2472679	8513	CM084263.1_rotation_3_offset_10878	3641	0.975282	0
SRR27841065.2472679	8513	CM084263.1_rotation_2_offset_7252	3807	0.787759	0
SRR27841065.2472679	8513	CM084263.1_rotation_0_offset_0	3807	0.787759	0
SRR27841065.2472679	8513	CM084263.1_rotation_1_offset_3626	3807	0.787759	0
SRR27841065.2472679	8513	CM084263.1_rotation_3_offset_10878	3729	0.783588	0
SRR27841065.2475965	1545	CM084263.1_rotation_1_offset_3626	1193	0.943001	0
SRR27841065.2475965	1545	CM084263.1_rotation_2_offset_7252	1193	0.943001	0
SRR27841065.2475965	1545	CM084263.1_rotation_3_offset_10878	1193	0.943001	0
SRR27841065.2475965	1545	CM084263.1_rotation_0_offset_0	1134	0.957672	0
SRR27841065.2476766	1709	CM084263.1_rotation_0_offset_0	1724	0.982599	0
SRR27841065.2476766	1709	CM084263.1_rotation_3_offset_10878	1724	0.982599	0
SRR27841065.2476766	1709	CM084263.1_rotation_2_offset_7252	1724	0.982599	0
SRR27841065.2476766	1709	CM084263.1_rotation_1_offset_3626	1724	0.982599	0
SRR27841065.2482164	1137	CM084263.1_rotation_2_offset_7252	425	0.992941	0
SRR27841065.2482164	1137	CM084263.1_rotation_1_offset_3626	425	0.992941	0
SRR27841065.2482164	1137	CM084263.1_rotation_3_offset_10878	425	0.992941	0
SRR27841065.2482164	1137	CM084263.1_rotation_0_offset_0	425	0.992941	0
SRR27841065.2482164	1137	CM084263.1_rotation_0_offset_0	861	0.492451	1
SRR27841065.2490659	1095	CM084263.1_rotation_3_offset_10878	91	0.989011	0
SRR27841065.2490659	1095	CM084263.1_rotation_0_offset_0	91	0.989011	0
SRR27841065.2490659	1095	CM084263.1_rotation_2_offset_7252	91	0.989011	0
SRR27841065.2490659	1095	CM084263.1_rotation_1_offset_3626	91	0.989011	0
SRR27841065.2490659	1095	CM084263.1_rotation_3_offset_10878	91	0.989011	0
SRR27841065.2490659	1095	CM084263.1_rotation_1_offset_3626	91	0.989011	0
SRR27841065.2490659	1095	CM084263.1_rotation_0_offset_0	91	0.989011	0
SRR27841065.2490659	1095	CM084263.1_rotation_2_offset_7252	91	0.989011	0
SRR27841065.2490659	1095	CM084263.1_rotation_0_offset_0	93	0.935484	32
SRR27841065.2490659	1095	CM084263.1_rotation_1_offset_3626	87	0.977011	0
SRR27841065.2490659	1095	CM084263.1_rotation_0_offset_0	87	0.977011	0
SRR27841065.2490659	1095	CM084263.1_rotation_2_offset_7252	87	0.977011	0
SRR27841065.2490659	1095	CM084263.1_rotation_3_offset_10878	87	0.977011	0
SRR27841065.2490659	1095	CM084263.1_rotation_0_offset_0	81	0.938272	13
SRR27841065.2498200	1106	CM084263.1_rotation_0_offset_0	91	0.956044	0
SRR27841065.2498200	1106	CM084263.1_rotation_2_offset_7252	91	0.956044	0
SRR27841065.2498200	1106	CM084263.1_rotation_1_offset_3626	91	0.956044	0
SRR27841065.2498200	1106	CM084263.1_rotation_3_offset_10878	91	0.956044	0
SRR27841065.2498200	1106	CM084263.1_rotation_1_offset_3626	91	0.967033	1
SRR27841065.2498200	1106	CM084263.1_rotation_2_offset_7252	91	0.967033	0
SRR27841065.2498200	1106	CM084263.1_rotation_0_offset_0	91	0.967033	0
SRR27841065.2498200	1106	CM084263.1_rotation_3_offset_10878	91	0.967033	0
SRR27841065.2498200	1106	CM084263.1_rotation_2_offset_7252	91	0.945055	0
SRR27841065.2498200	1106	CM084263.1_rotation_3_offset_10878	91	0.945055	0
SRR27841065.2498200	1106	CM084263.1_rotation_0_offset_0	91	0.945055	0
SRR27841065.2498200	1106	CM084263.1_rotation_1_offset_3626	91	0.945055	0
SRR27841065.2498200	1106	CM084263.1_rotation_0_offset_0	92	0.956522	28
SRR27841065.2498200	1106	CM084263.1_rotation_0_offset_0	93	0.881720	0
SRR27841065.2498200	1106	CM084263.1_rotation_3_offset_10878	93	0.881720	0
SRR27841065.2498200	1106	CM084263.1_rotation_2_offset_7252	93	0.881720	0
SRR27841065.2498200	1106	CM084263.1_rotation_1_offset_3626	93	0.881720	0
SRR27841065.2498200	1106	CM084263.1_rotation_0_offset_0	97	0.865979	23
SRR27841065.2498788	710	CM084263.1_rotation_0_offset_0	733	0.896317	0
SRR27841065.2498788	710	CM084263.1_rotation_1_offset_3626	733	0.896317	0
SRR27841065.2498788	710	CM084263.1_rotation_3_offset_10878	733	0.896317	0
SRR27841065.2498788	710	CM084263.1_rotation_2_offset_7252	733	0.896317	0
SRR27841065.2500208	362	CM084263.1_rotation_1_offset_3626	258	0.906977	0
SRR27841065.2500208	362	CM084263.1_rotation_0_offset_0	258	0.906977	0
SRR27841065.2500208	362	CM084263.1_rotation_3_offset_10878	258	0.906977	0
SRR27841065.2500208	362	CM084263.1_rotation_2_offset_7252	258	0.906977	0
SRR27841065.2507051	14983	CM084263.1_rotation_0_offset_0	12186	0.961185	60
SRR27841065.2507051	14983	CM084263.1_rotation_1_offset_3626	10992	0.960244	0
SRR27841065.2507051	14983	CM084263.1_rotation_3_offset_10878	8510	0.965570	0
SRR27841065.2507051	14983	CM084263.1_rotation_2_offset_7252	7343	0.955876	0
SRR27841065.2507051	14983	CM084263.1_rotation_3_offset_10878	235	0.961702	0
SRR27841065.2507051	14983	CM084263.1_rotation_1_offset_3626	235	0.961702	0
SRR27841065.2507051	14983	CM084263.1_rotation_0_offset_0	235	0.961702	0
SRR27841065.2507051	14983	CM084263.1_rotation_2_offset_7252	235	0.961702	0
SRR27841065.2507051	14983	CM084263.1_rotation_2_offset_7252	262	0.770992	0
SRR27841065.2507051	14983	CM084263.1_rotation_0_offset_0	91	1.000000	60
SRR27841065.2507051	14983	CM084263.1_rotation_3_offset_10878	262	0.770992	0
SRR27841065.2507051	14983	CM084263.1_rotation_0_offset_0	262	0.770992	0
SRR27841065.2507051	14983	CM084263.1_rotation_0_offset_0	91	1.000000	57
SRR27841065.2507051	14983	CM084263.1_rotation_1_offset_3626	262	0.770992	0
SRR27841065.2507051	14983	CM084263.1_rotation_0_offset_0	92	0.989130	60
SRR27841065.2507051	14983	CM084263.1_rotation_0_offset_0	91	0.978022	1
SRR27841065.2507051	14983	CM084263.1_rotation_0_offset_0	93	0.967742	1
SRR27841065.2507051	14983	CM084263.1_rotation_2_offset_7252	93	0.967742	0
SRR27841065.2507051	14983	CM084263.1_rotation_1_offset_3626	93	0.967742	0
SRR27841065.2507051	14983	CM084263.1_rotation_3_offset_10878	93	0.967742	0
SRR27841065.2507051	14983	CM084263.1_rotation_1_offset_3626	91	0.956044	0
SRR27841065.2507051	14983	CM084263.1_rotation_2_offset_7252	91	0.956044	0
SRR27841065.2507051	14983	CM084263.1_rotation_0_offset_0	91	0.956044	0
SRR27841065.2507051	14983	CM084263.1_rotation_3_offset_10878	91	0.956044	0
SRR27841065.2507051	14983	CM084263.1_rotation_1_offset_3626	87	0.977011	1
SRR27841065.2507051	14983	CM084263.1_rotation_2_offset_7252	87	0.977011	0
SRR27841065.2507051	14983	CM084263.1_rotation_0_offset_0	87	0.977011	0
SRR27841065.2507051	14983	CM084263.1_rotation_3_offset_10878	87	0.977011	0
SRR27841065.2507051	14983	CM084263.1_rotation_1_offset_3626	89	0.966292	1
SRR27841065.2511375	13960	CM084263.1_rotation_0_offset_0	6555	0.873227	0
SRR27841065.2511375	13960	CM084263.1_rotation_2_offset_7252	6555	0.873227	0
SRR27841065.2511375	13960	CM084263.1_rotation_1_offset_3626	6555	0.873227	0
SRR27841065.2511375	13960	CM084263.1_rotation_3_offset_10878	3699	0.886996	0
SRR27841065.2511375	13960	CM084263.1_rotation_0_offset_0	93	0.946237	16
SRR27841065.2511375	13960	CM084263.1_rotation_0_offset_0	91	0.901099	29
SRR27841065.2511375	13960	CM084263.1_rotation_0_offset_0	70	0.928571	7
SRR27841065.2512856	12437	CM084263.1_rotation_1_offset_3626	12538	0.648269	0
SRR27841065.2512856	12437	CM084263.1_rotation_2_offset_7252	12538	0.648269	0
SRR27841065.2512856	12437	CM084263.1_rotation_0_offset_0	6093	0.980798	0
SRR27841065.2512856	12437	CM084263.1_rotation_3_offset_10878	10093	0.566630	0
SRR27841065.2518057	764	CM084263.1_rotation_2_offset_7252	773	0.962484	0
SRR27841065.2518057	764	CM084263.1_rotation_3_offset_10878	773	0.962484	0
SRR27841065.2518057	764	CM084263.1_rotation_0_offset_0	773	0.962484	0
SRR27841065.2518057	764	CM084263.1_rotation_1_offset_3626	773	0.962484	0
SRR27841065.2527320	420	CM084263.1_rotation_2_offset_7252	366	0.877049	0
SRR27841065.2527320	420	CM084263.1_rotation_0_offset_0	366	0.877049	0
SRR27841065.2527320	420	CM084263.1_rotation_3_offset_10878	366	0.877049	0
SRR27841065.2527320	420	CM084263.1_rotation_1_offset_3626	366	0.877049	0
SRR27841065.2530563	18859	CM084263.1_rotation_0_offset_0	12378	0.935208	60
SRR27841065.2530563	18859	CM084263.1_rotation_1_offset_3626	11063	0.933201	0
SRR27841065.2530563	18859	CM084263.1_rotation_3_offset_10878	8706	0.927406	0
SRR27841065.2530563	18859	CM084263.1_rotation_2_offset_7252	7370	0.933921	0
SRR27841065.2530563	18859	CM084263.1_rotation_2_offset_7252	803	0.960149	0
SRR27841065.2530563	18859	CM084263.1_rotation_1_offset_3626	803	0.960149	0
SRR27841065.2530563	18859	CM084263.1_rotation_3_offset_10878	803	0.960149	0
SRR27841065.2530563	18859	CM084263.1_rotation_0_offset_0	803	0.960149	0
SRR27841065.2530563	18859	CM084263.1_rotation_3_offset_10878	91	1.000000	0
SRR27841065.2530563	18859	CM084263.1_rotation_2_offset_7252	91	1.000000	0
SRR27841065.2530563	18859	CM084263.1_rotation_1_offset_3626	91	1.000000	0
SRR27841065.2530563	18859	CM084263.1_rotation_0_offset_0	91	0.989011	0
SRR27841065.2530563	18859	CM084263.1_rotation_1_offset_3626	91	0.989011	0
SRR27841065.2530563	18859	CM084263.1_rotation_2_offset_7252	91	0.989011	0
SRR27841065.2530563	18859	CM084263.1_rotation_0_offset_0	92	0.978261	41
SRR27841065.2530563	18859	CM084263.1_rotation_0_offset_0	94	0.957447	0
SRR27841065.2530563	18859	CM084263.1_rotation_2_offset_7252	94	0.957447	0
SRR27841065.2530563	18859	CM084263.1_rotation_3_offset_10878	94	0.957447	0
SRR27841065.2530563	18859	CM084263.1_rotation_0_offset_0	91	0.956044	40
SRR27841065.2530563	18859	CM084263.1_rotation_0_offset_0	93	0.956989	56
SRR27841065.2530563	18859	CM084263.1_rotation_0_offset_0	93	0.935484	10
SRR27841065.2530563	18859	CM084263.1_rotation_0_offset_0	91	0.923077	39
SRR27841065.2530563	18859	CM084263.1_rotation_0_offset_0	94	0.914894	26
SRR27841065.2530563	18859	CM084263.1_rotation_0_offset_0	93	0.924731	1
SRR27841065.2530563	18859	CM084263.1_rotation_0_offset_0	96	0.885417	13
SRR27841065.2530563	18859	CM084263.1_rotation_0_offset_0	90	0.911111	13
SRR27841065.2532390	17369	CM084263.1_rotation_2_offset_7252	17491	0.809616	60
SRR27841065.2532390	17369	CM084263.1_rotation_1_offset_3626	13819	0.773573	0
SRR27841065.2532390	17369	CM084263.1_rotation_3_offset_10878	13911	0.765797	0
SRR27841065.2532390	17369	CM084263.1_rotation_0_offset_0	7283	0.976933	0
SRR27841065.2532390	17369	CM084263.1_rotation_0_offset_0	7337	0.964291	0
SRR27841065.2534103	3946	CM084263.1_rotation_2_offset_7252	3989	0.972424	0
SRR27841065.2534103	3946	CM084263.1_rotation_0_offset_0	3989	0.972424	0
SRR27841065.2534103	3946	CM084263.1_rotation_1_offset_3626	3989	0.972424	0
SRR27841065.2534103	3946	CM084263.1_rotation_3_offset_10878	3343	0.976369	0
SRR27841065.2543327	3103	CM084263.1_rotation_0_offset_0	3163	0.942460	0
SRR27841065.2543327	3103	CM084263.1_rotation_2_offset_7252	3163	0.942460	0
SRR27841065.2543327	3103	CM084263.1_rotation_3_offset_10878	3163	0.942460	0
SRR27841065.2543327	3103	CM084263.1_rotation_1_offset_3626	3049	0.942276	0
SRR27841065.2548644	1844	CM084263.1_rotation_3_offset_10878	1875	0.953600	0
SRR27841065.2548644	1844	CM084263.1_rotation_0_offset_0	1875	0.953600	0
SRR27841065.2548644	1844	CM084263.1_rotation_2_offset_7252	1875	0.953600	0
SRR27841065.2548644	1844	CM084263.1_rotation_1_offset_3626	1244	0.957395	0
SRR27841065.2558108	3281	CM084263.1_rotation_2_offset_7252	3292	0.979040	0
SRR27841065.2558108	3281	CM084263.1_rotation_0_offset_0	3292	0.979040	0
SRR27841065.2558108	3281	CM084263.1_rotation_1_offset_3626	3292	0.979040	0
SRR27841065.2558108	3281	CM084263.1_rotation_3_offset_10878	3292	0.979040	0
SRR27841065.2561644	4321	CM084263.1_rotation_3_offset_10878	4365	0.977090	0
SRR27841065.2561644	4321	CM084263.1_rotation_0_offset_0	4365	0.977090	0
SRR27841065.2561644	4321	CM084263.1_rotation_1_offset_3626	4365	0.977090	0
SRR27841065.2561644	4321	CM084263.1_rotation_2_offset_7252	2860	0.976224	0
SRR27841065.2563677	1323	CM084263.1_rotation_2_offset_7252	1332	0.983483	0
SRR27841065.2563677	1323	CM084263.1_rotation_0_offset_0	1332	0.983483	0
SRR27841065.2563677	1323	CM084263.1_rotation_1_offset_3626	1332	0.983483	0
SRR27841065.2563677	1323	CM084263.1_rotation_3_offset_10878	1332	0.983483	0
SRR27841065.2567960	5653	CM084263.1_rotation_2_offset_7252	3055	0.974141	0
SRR27841065.2567960	5653	CM084263.1_rotation_3_offset_10878	3055	0.974141	0
SRR27841065.2567960	5653	CM084263.1_rotation_0_offset_0	3055	0.974141	0
SRR27841065.2567960	5653	CM084263.1_rotation_1_offset_3626	2366	0.978022	0
SRR27841065.2567960	5653	CM084263.1_rotation_2_offset_7252	3093	0.772066	0
SRR27841065.2567960	5653	CM084263.1_rotation_0_offset_0	3093	0.772066	0
SRR27841065.2567960	5653	CM084263.1_rotation_3_offset_10878	3093	0.772066	0
SRR27841065.2567960	5653	CM084263.1_rotation_1_offset_3626	2411	0.769390	0
SRR27841065.2581781	502	CM084263.1_rotation_1_offset_3626	504	0.976190	0
SRR27841065.2581781	502	CM084263.1_rotation_0_offset_0	504	0.976190	0
SRR27841065.2581781	502	CM084263.1_rotation_3_offset_10878	504	0.976190	0
SRR27841065.2581781	502	CM084263.1_rotation_2_offset_7252	504	0.976190	0
SRR27841065.2586319	573	CM084263.1_rotation_3_offset_10878	574	0.986063	0
SRR27841065.2586319	573	CM084263.1_rotation_1_offset_3626	574	0.986063	0
SRR27841065.2586319	573	CM084263.1_rotation_0_offset_0	574	0.986063	0
SRR27841065.2586319	573	CM084263.1_rotation_2_offset_7252	574	0.986063	0
SRR27841065.2587868	11684	CM084263.1_rotation_0_offset_0	11837	0.966461	60
SRR27841065.2587868	11684	CM084263.1_rotation_1_offset_3626	10161	0.966243	0
SRR27841065.2587868	11684	CM084263.1_rotation_3_offset_10878	8996	0.963984	0
SRR27841065.2587868	11684	CM084263.1_rotation_2_offset_7252	6500	0.971692	0
SRR27841065.2592224	771	CM084263.1_rotation_1_offset_3626	780	0.960256	0
SRR27841065.2592224	771	CM084263.1_rotation_3_offset_10878	780	0.960256	0
SRR27841065.2592224	771	CM084263.1_rotation_2_offset_7252	780	0.960256	0
SRR27841065.2592224	771	CM084263.1_rotation_0_offset_0	780	0.960256	0
SRR27841065.2601202	4281	CM084263.1_rotation_1_offset_3626	469	0.379531	0
SRR27841065.2601202	4281	CM084263.1_rotation_3_offset_10878	469	0.379531	0
SRR27841065.2601202	4281	CM084263.1_rotation_2_offset_7252	469	0.379531	0
SRR27841065.2601202	4281	CM084263.1_rotation_1_offset_3626	92	0.945652	0
SRR27841065.2601202	4281	CM084263.1_rotation_3_offset_10878	92	0.945652	0
SRR27841065.2601202	4281	CM084263.1_rotation_2_offset_7252	92	0.945652	0
SRR27841065.2601202	4281	CM084263.1_rotation_0_offset_0	92	0.945652	0
SRR27841065.2601202	4281	CM084263.1_rotation_0_offset_0	82	0.963415	18
SRR27841065.2601202	4281	CM084263.1_rotation_0_offset_0	101	0.861386	0
SRR27841065.2601202	4281	CM084263.1_rotation_0_offset_0	86	0.941860	0
SRR27841065.2601202	4281	CM084263.1_rotation_1_offset_3626	94	0.904255	0
SRR27841065.2601202	4281	CM084263.1_rotation_2_offset_7252	94	0.904255	0
SRR27841065.2601202	4281	CM084263.1_rotation_3_offset_10878	94	0.904255	0
SRR27841065.2601202	4281	CM084263.1_rotation_3_offset_10878	89	0.932584	0
SRR27841065.2601202	4281	CM084263.1_rotation_2_offset_7252	89	0.932584	0
SRR27841065.2601202	4281	CM084263.1_rotation_0_offset_0	89	0.932584	0
SRR27841065.2601202	4281	CM084263.1_rotation_1_offset_3626	89	0.932584	0
SRR27841065.2601202	4281	CM084263.1_rotation_0_offset_0	92	0.902174	0
SRR27841065.2603895	662	CM084263.1_rotation_0_offset_0	680	0.897059	0
SRR27841065.2603895	662	CM084263.1_rotation_2_offset_7252	680	0.897059	0
SRR27841065.2603895	662	CM084263.1_rotation_1_offset_3626	680	0.897059	0
SRR27841065.2603895	662	CM084263.1_rotation_3_offset_10878	680	0.897059	0
SRR27841065.2609443	5736	CM084263.1_rotation_0_offset_0	5770	0.959272	0
SRR27841065.2609443	5736	CM084263.1_rotation_3_offset_10878	5770	0.959272	0
SRR27841065.2609443	5736	CM084263.1_rotation_2_offset_7252	5598	0.959807	0
SRR27841065.2609443	5736	CM084263.1_rotation_1_offset_3626	3826	0.959488	0
SRR27841065.2611656	1456	CM084263.1_rotation_0_offset_0	1488	0.946237	0
SRR27841065.2611656	1456	CM084263.1_rotation_1_offset_3626	1488	0.946237	0
SRR27841065.2611656	1456	CM084263.1_rotation_2_offset_7252	1488	0.946237	0
SRR27841065.2611656	1456	CM084263.1_rotation_3_offset_10878	1488	0.946237	0
SRR27841065.2611872	6888	CM084263.1_rotation_1_offset_3626	6967	0.967848	0
SRR27841065.2611872	6888	CM084263.1_rotation_0_offset_0	6967	0.967848	0
SRR27841065.2611872	6888	CM084263.1_rotation_2_offset_7252	6200	0.967581	0
SRR27841065.2611872	6888	CM084263.1_rotation_3_offset_10878	4414	0.975986	0
SRR27841065.2613165	679	CM084263.1_rotation_2_offset_7252	678	0.992625	0
SRR27841065.2613165	679	CM084263.1_rotation_1_offset_3626	678	0.992625	0
SRR27841065.2613165	679	CM084263.1_rotation_3_offset_10878	678	0.992625	0
SRR27841065.2613165	679	CM084263.1_rotation_0_offset_0	678	0.992625	0
SRR27841065.2614680	618	CM084263.1_rotation_2_offset_7252	622	0.967846	0
SRR27841065.2614680	618	CM084263.1_rotation_1_offset_3626	622	0.967846	0
SRR27841065.2614680	618	CM084263.1_rotation_0_offset_0	622	0.967846	0
SRR27841065.2614680	618	CM084263.1_rotation_3_offset_10878	622	0.967846	0
SRR27841065.2618911	846	CM084263.1_rotation_0_offset_0	854	0.959016	0
SRR27841065.2618911	846	CM084263.1_rotation_1_offset_3626	854	0.959016	0
SRR27841065.2618911	846	CM084263.1_rotation_2_offset_7252	854	0.959016	0
SRR27841065.2618911	846	CM084263.1_rotation_3_offset_10878	854	0.959016	0
SRR27841065.2629005	891	CM084263.1_rotation_2_offset_7252	899	0.969967	0
SRR27841065.2629005	891	CM084263.1_rotation_1_offset_3626	899	0.969967	0
SRR27841065.2629005	891	CM084263.1_rotation_3_offset_10878	899	0.969967	0
SRR27841065.2629005	891	CM084263.1_rotation_0_offset_0	899	0.969967	0
SRR27841065.2640941	1803	CM084263.1_rotation_0_offset_0	1823	0.975315	0
SRR27841065.2640941	1803	CM084263.1_rotation_2_offset_7252	1823	0.975315	0
SRR27841065.2640941	1803	CM084263.1_rotation_3_offset_10878	1823	0.975315	0
SRR27841065.2640941	1803	CM084263.1_rotation_1_offset_3626	1478	0.977673	0
SRR27841065.2643151	4260	CM084263.1_rotation_0_offset_0	2856	0.982143	0
SRR27841065.2643151	4260	CM084263.1_rotation_3_offset_10878	2856	0.982143	0
SRR27841065.2643151	4260	CM084263.1_rotation_2_offset_7252	2856	0.982143	0
SRR27841065.2643151	4260	CM084263.1_rotation_1_offset_3626	2856	0.982143	0
SRR27841065.2643151	4260	CM084263.1_rotation_0_offset_0	91	0.967033	35
SRR27841065.2643151	4260	CM084263.1_rotation_0_offset_0	91	0.967033	44
SRR27841065.2644905	1138	CM084263.1_rotation_0_offset_0	1170	0.950427	0
SRR27841065.2644905	1138	CM084263.1_rotation_3_offset_10878	1170	0.950427	0
SRR27841065.2644905	1138	CM084263.1_rotation_2_offset_7252	1170	0.950427	0
SRR27841065.2644905	1138	CM084263.1_rotation_1_offset_3626	1170	0.950427	0
SRR27841065.2649231	1331	CM084263.1_rotation_1_offset_3626	1380	0.913043	0
SRR27841065.2649231	1331	CM084263.1_rotation_2_offset_7252	1380	0.913043	0
SRR27841065.2649231	1331	CM084263.1_rotation_0_offset_0	1380	0.913043	0
SRR27841065.2649231	1331	CM084263.1_rotation_3_offset_10878	1380	0.913043	0
SRR27841065.2649318	223	CM084263.1_rotation_0_offset_0	218	0.977064	0
SRR27841065.2649318	223	CM084263.1_rotation_3_offset_10878	218	0.977064	0
SRR27841065.2649318	223	CM084263.1_rotation_2_offset_7252	218	0.977064	0
SRR27841065.2649318	223	CM084263.1_rotation_1_offset_3626	139	0.985612	0
SRR27841065.2652820	2587	CM084263.1_rotation_2_offset_7252	91	1.000000	0
SRR27841065.2652820	2587	CM084263.1_rotation_3_offset_10878	91	1.000000	0
SRR27841065.2652820	2587	CM084263.1_rotation_0_offset_0	91	1.000000	0
SRR27841065.2652820	2587	CM084263.1_rotation_1_offset_3626	91	1.000000	0
SRR27841065.2652820	2587	CM084263.1_rotation_2_offset_7252	91	0.989011	0
SRR27841065.2652820	2587	CM084263.1_rotation_1_offset_3626	91	0.989011	0
SRR27841065.2652820	2587	CM084263.1_rotation_0_offset_0	91	0.989011	0
SRR27841065.2652820	2587	CM084263.1_rotation_3_offset_10878	91	0.989011	0
SRR27841065.2652820	2587	CM084263.1_rotation_0_offset_0	92	0.978261	0
SRR27841065.2652820	2587	CM084263.1_rotation_1_offset_3626	92	0.978261	0
SRR27841065.2652820	2587	CM084263.1_rotation_2_offset_7252	92	0.978261	0
SRR27841065.2652820	2587	CM084263.1_rotation_3_offset_10878	92	0.978261	0
SRR27841065.2652820	2587	CM084263.1_rotation_1_offset_3626	89	0.977528	1
SRR27841065.2652820	2587	CM084263.1_rotation_3_offset_10878	89	0.977528	0
SRR27841065.2652820	2587	CM084263.1_rotation_2_offset_7252	89	0.977528	0
SRR27841065.2652820	2587	CM084263.1_rotation_0_offset_0	89	0.977528	0
SRR27841065.2652820	2587	CM084263.1_rotation_1_offset_3626	87	0.977011	1
SRR27841065.2652820	2587	CM084263.1_rotation_0_offset_0	87	0.977011	0
SRR27841065.2652820	2587	CM084263.1_rotation_2_offset_7252	87	0.977011	0
SRR27841065.2652820	2587	CM084263.1_rotation_3_offset_10878	87	0.977011	0
SRR27841065.2652820	2587	CM084263.1_rotation_0_offset_0	87	0.977011	49
SRR27841065.2652820	2587	CM084263.1_rotation_0_offset_0	87	0.977011	48
SRR27841065.2652820	2587	CM084263.1_rotation_0_offset_0	91	0.934066	45
SRR27841065.2652820	2587	CM084263.1_rotation_1_offset_3626	66	1.000000	0
SRR27841065.2652820	2587	CM084263.1_rotation_2_offset_7252	66	1.000000	0
SRR27841065.2652820	2587	CM084263.1_rotation_3_offset_10878	66	1.000000	0
SRR27841065.2660903	874	CM084263.1_rotation_0_offset_0	881	0.968218	0
SRR27841065.2660903	874	CM084263.1_rotation_2_offset_7252	881	0.968218	0
SRR27841065.2660903	874	CM084263.1_rotation_1_offset_3626	881	0.968218	0
SRR27841065.2660903	874	CM084263.1_rotation_3_offset_10878	881	0.968218	0
SRR27841065.2661069	7245	CM084263.1_rotation_0_offset_0	1430	0.985315	0
SRR27841065.2661069	7245	CM084263.1_rotation_3_offset_10878	1430	0.985315	0
SRR27841065.2661069	7245	CM084263.1_rotation_1_offset_3626	1430	0.985315	0
SRR27841065.2661069	7245	CM084263.1_rotation_2_offset_7252	1430	0.985315	0
SRR27841065.2661069	7245	CM084263.1_rotation_3_offset_10878	328	0.972561	0
SRR27841065.2661069	7245	CM084263.1_rotation_0_offset_0	328	0.972561	0
SRR27841065.2661069	7245	CM084263.1_rotation_2_offset_7252	328	0.972561	0
SRR27841065.2661069	7245	CM084263.1_rotation_1_offset_3626	328	0.972561	0
SRR27841065.2661069	7245	CM084263.1_rotation_1_offset_3626	489	0.382413	0
SRR27841065.2661069	7245	CM084263.1_rotation_3_offset_10878	489	0.382413	0
SRR27841065.2661069	7245	CM084263.1_rotation_2_offset_7252	489	0.382413	0
SRR27841065.2661069	7245	CM084263.1_rotation_0_offset_0	91	1.000000	60
SRR27841065.2661069	7245	CM084263.1_rotation_1_offset_3626	91	1.000000	0
SRR27841065.2661069	7245	CM084263.1_rotation_2_offset_7252	91	1.000000	0
SRR27841065.2661069	7245	CM084263.1_rotation_3_offset_10878	91	1.000000	0
SRR27841065.2661069	7245	CM084263.1_rotation_3_offset_10878	89	1.000000	1
SRR27841065.2661069	7245	CM084263.1_rotation_1_offset_3626	89	1.000000	0
SRR27841065.2661069	7245	CM084263.1_rotation_2_offset_7252	89	1.000000	0
SRR27841065.2661069	7245	CM084263.1_rotation_3_offset_10878	91	0.978022	0
SRR27841065.2661069	7245	CM084263.1_rotation_1_offset_3626	91	0.978022	0
SRR27841065.2661069	7245	CM084263.1_rotation_2_offset_7252	91	0.978022	0
SRR27841065.2661069	7245	CM084263.1_rotation_0_offset_0	91	0.978022	22
SRR27841065.2661069	7245	CM084263.1_rotation_2_offset_7252	89	0.977528	1
SRR27841065.2661069	7245	CM084263.1_rotation_3_offset_10878	89	0.977528	0
SRR27841065.2661069	7245	CM084263.1_rotation_1_offset_3626	89	0.977528	0
SRR27841065.2661069	7245	CM084263.1_rotation_2_offset_7252	91	0.956044	1
SRR27841065.2661069	7245	CM084263.1_rotation_1_offset_3626	91	0.956044	0
SRR27841065.2661069	7245	CM084263.1_rotation_3_offset_10878	91	0.956044	0
SRR27841065.2661069	7245	CM084263.1_rotation_0_offset_0	93	0.956989	48
SRR27841065.2661069	7245	CM084263.1_rotation_3_offset_10878	95	0.926316	0
SRR27841065.2661069	7245	CM084263.1_rotation_0_offset_0	95	0.926316	0
SRR27841065.2661455	782	CM084263.1_rotation_3_offset_10878	799	0.911139	0
SRR27841065.2661455	782	CM084263.1_rotation_0_offset_0	799	0.911139	0
SRR27841065.2661455	782	CM084263.1_rotation_1_offset_3626	799	0.911139	0
SRR27841065.2661455	782	CM084263.1_rotation_2_offset_7252	799	0.911139	0
SRR27841065.2662914	2261	CM084263.1_rotation_0_offset_0	2265	0.975717	0
SRR27841065.2662914	2261	CM084263.1_rotation_1_offset_3626	2265	0.975717	0
SRR27841065.2662914	2261	CM084263.1_rotation_3_offset_10878	2265	0.975717	0
SRR27841065.2662914	2261	CM084263.1_rotation_2_offset_7252	2190	0.975342	0
SRR27841065.2666890	2155	CM084263.1_rotation_1_offset_3626	2198	0.962693	0
SRR27841065.2666890	2155	CM084263.1_rotation_3_offset_10878	2198	0.962693	0
SRR27841065.2666890	2155	CM084263.1_rotation_2_offset_7252	2198	0.962693	0
SRR27841065.2666890	2155	CM084263.1_rotation_0_offset_0	2198	0.962693	0
SRR27841065.2667999	1047	CM084263.1_rotation_1_offset_3626	91	1.000000	0
SRR27841065.2667999	1047	CM084263.1_rotation_3_offset_10878	91	1.000000	0
SRR27841065.2667999	1047	CM084263.1_rotation_2_offset_7252	91	1.000000	0
SRR27841065.2667999	1047	CM084263.1_rotation_0_offset_0	91	1.000000	0
SRR27841065.2667999	1047	CM084263.1_rotation_0_offset_0	91	0.989011	45
SRR27841065.2667999	1047	CM084263.1_rotation_3_offset_10878	87	0.977011	1
SRR27841065.2667999	1047	CM084263.1_rotation_1_offset_3626	87	0.977011	0
SRR27841065.2667999	1047	CM084263.1_rotation_2_offset_7252	87	0.977011	0
SRR27841065.2667999	1047	CM084263.1_rotation_0_offset_0	87	0.977011	0
SRR27841065.2667999	1047	CM084263.1_rotation_2_offset_7252	95	0.905263	0
SRR27841065.2667999	1047	CM084263.1_rotation_0_offset_0	95	0.905263	0
SRR27841065.2667999	1047	CM084263.1_rotation_1_offset_3626	95	0.905263	0
SRR27841065.2667999	1047	CM084263.1_rotation_3_offset_10878	95	0.905263	0
SRR27841065.2667999	1047	CM084263.1_rotation_0_offset_0	60	0.950000	1
SRR27841065.2668459	3247	CM084263.1_rotation_3_offset_10878	2637	0.959803	0
SRR27841065.2668459	3247	CM084263.1_rotation_1_offset_3626	2637	0.959803	0
SRR27841065.2668459	3247	CM084263.1_rotation_2_offset_7252	2637	0.959803	0
SRR27841065.2668459	3247	CM084263.1_rotation_0_offset_0	2637	0.959803	0
SRR27841065.2668459	3247	CM084263.1_rotation_2_offset_7252	281	0.843416	0
SRR27841065.2668459	3247	CM084263.1_rotation_3_offset_10878	281	0.843416	0
SRR27841065.2668459	3247	CM084263.1_rotation_0_offset_0	281	0.843416	0
SRR27841065.2668459	3247	CM084263.1_rotation_1_offset_3626	281	0.843416	0
SRR27841065.2673302	6372	CM084263.1_rotation_2_offset_7252	642	0.981308	0
SRR27841065.2673302	6372	CM084263.1_rotation_1_offset_3626	642	0.981308	0
SRR27841065.2673302	6372	CM084263.1_rotation_0_offset_0	642	0.981308	0
SRR27841065.2673302	6372	CM084263.1_rotation_3_offset_10878	642	0.981308	0
SRR27841065.2673302	6372	CM084263.1_rotation_1_offset_3626	189	0.978836	0
SRR27841065.2673302	6372	CM084263.1_rotation_0_offset_0	189	0.978836	0
SRR27841065.2673302	6372	CM084263.1_rotation_3_offset_10878	189	0.978836	0
SRR27841065.2673302	6372	CM084263.1_rotation_2_offset_7252	189	0.978836	0
SRR27841065.2673302	6372	CM084263.1_rotation_2_offset_7252	150	0.866667	1
SRR27841065.2673302	6372	CM084263.1_rotation_1_offset_3626	91	1.000000	0
SRR27841065.2673302	6372	CM084263.1_rotation_3_offset_10878	91	1.000000	0
SRR27841065.2673302	6372	CM084263.1_rotation_1_offset_3626	91	1.000000	0
SRR27841065.2673302	6372	CM084263.1_rotation_2_offset_7252	91	1.000000	0
SRR27841065.2673302	6372	CM084263.1_rotation_1_offset_3626	91	1.000000	0
SRR27841065.2673302	6372	CM084263.1_rotation_2_offset_7252	91	1.000000	0
SRR27841065.2673302	6372	CM084263.1_rotation_2_offset_7252	91	1.000000	0
SRR27841065.2673302	6372	CM084263.1_rotation_2_offset_7252	91	1.000000	0
SRR27841065.2673302	6372	CM084263.1_rotation_3_offset_10878	91	1.000000	0
SRR27841065.2673302	6372	CM084263.1_rotation_3_offset_10878	91	1.000000	0
SRR27841065.2673302	6372	CM084263.1_rotation_1_offset_3626	91	1.000000	0
SRR27841065.2673302	6372	CM084263.1_rotation_3_offset_10878	91	1.000000	0
SRR27841065.2673302	6372	CM084263.1_rotation_2_offset_7252	92	0.989130	0
SRR27841065.2673302	6372	CM084263.1_rotation_1_offset_3626	92	0.989130	0
SRR27841065.2673302	6372	CM084263.1_rotation_3_offset_10878	92	0.989130	0
SRR27841065.2673302	6372	CM084263.1_rotation_2_offset_7252	87	1.000000	0
SRR27841065.2673302	6372	CM084263.1_rotation_3_offset_10878	87	1.000000	0
SRR27841065.2673302	6372	CM084263.1_rotation_1_offset_3626	87	1.000000	0
SRR27841065.2673302	6372	CM084263.1_rotation_0_offset_0	91	0.978022	10
SRR27841065.2673302	6372	CM084263.1_rotation_1_offset_3626	89	0.977528	1
SRR27841065.2673302	6372	CM084263.1_rotation_1_offset_3626	93	0.935484	1
SRR27841065.2673302	6372	CM084263.1_rotation_3_offset_10878	91	0.923077	1
SRR27841065.2679015	2367	CM084263.1_rotation_3_offset_10878	2343	0.981647	0
SRR27841065.2679015	2367	CM084263.1_rotation_2_offset_7252	2343	0.981647	0
SRR27841065.2679015	2367	CM084263.1_rotation_0_offset_0	2343	0.981647	0
SRR27841065.2679015	2367	CM084263.1_rotation_1_offset_3626	2343	0.981647	0
SRR27841065.2680527	1071	CM084263.1_rotation_2_offset_7252	1086	0.968692	0
SRR27841065.2680527	1071	CM084263.1_rotation_3_offset_10878	1086	0.968692	0
SRR27841065.2680527	1071	CM084263.1_rotation_0_offset_0	1086	0.968692	0
SRR27841065.2680527	1071	CM084263.1_rotation_1_offset_3626	1086	0.968692	0
SRR27841065.2683640	2479	CM084263.1_rotation_2_offset_7252	2500	0.979600	0
SRR27841065.2683640	2479	CM084263.1_rotation_0_offset_0	2500	0.979600	0
SRR27841065.2683640	2479	CM084263.1_rotation_3_offset_10878	2500	0.979600	0
SRR27841065.2683640	2479	CM084263.1_rotation_1_offset_3626	1805	0.977839	0
SRR27841065.2687503	1757	CM084263.1_rotation_0_offset_0	1777	0.965110	0
SRR27841065.2687503	1757	CM084263.1_rotation_2_offset_7252	1777	0.965110	0
SRR27841065.2687503	1757	CM084263.1_rotation_1_offset_3626	1777	0.965110	0
SRR27841065.2687503	1757	CM084263.1_rotation_3_offset_10878	1463	0.961039	0
SRR27841065.2689527	1036	CM084263.1_rotation_1_offset_3626	1058	0.944234	0
SRR27841065.2689527	1036	CM084263.1_rotation_3_offset_10878	1058	0.944234	0
SRR27841065.2689527	1036	CM084263.1_rotation_2_offset_7252	1058	0.944234	0
SRR27841065.2689527	1036	CM084263.1_rotation_0_offset_0	1058	0.944234	0
SRR27841065.2690162	862	CM084263.1_rotation_2_offset_7252	868	0.972350	0
SRR27841065.2690162	862	CM084263.1_rotation_1_offset_3626	868	0.972350	0
SRR27841065.2690162	862	CM084263.1_rotation_0_offset_0	868	0.972350	0
SRR27841065.2690162	862	CM084263.1_rotation_3_offset_10878	868	0.972350	0
SRR27841065.2694024	655	CM084263.1_rotation_3_offset_10878	658	0.969605	0
SRR27841065.2694024	655	CM084263.1_rotation_1_offset_3626	658	0.969605	0
SRR27841065.2694024	655	CM084263.1_rotation_0_offset_0	658	0.969605	0
SRR27841065.2694024	655	CM084263.1_rotation_2_offset_7252	658	0.969605	0
SRR27841065.2695674	674	CM084263.1_rotation_2_offset_7252	675	0.982222	0
SRR27841065.2695674	674	CM084263.1_rotation_1_offset_3626	675	0.982222	0
SRR27841065.2695674	674	CM084263.1_rotation_0_offset_0	675	0.982222	0
SRR27841065.2695674	674	CM084263.1_rotation_3_offset_10878	403	0.977667	0
SRR27841065.2699844	16635	CM084263.1_rotation_1_offset_3626	16505	0.706634	60
SRR27841065.2699844	16635	CM084263.1_rotation_2_offset_7252	15611	0.693421	0
SRR27841065.2699844	16635	CM084263.1_rotation_0_offset_0	8653	0.951231	0
SRR27841065.2699844	16635	CM084263.1_rotation_3_offset_10878	11953	0.616163	0
SRR27841065.2699844	16635	CM084263.1_rotation_1_offset_3626	431	0.948956	60
SRR27841065.2712388	4186	CM084263.1_rotation_0_offset_0	4227	0.978472	0
SRR27841065.2712388	4186	CM084263.1_rotation_2_offset_7252	4227	0.978472	0
SRR27841065.2712388	4186	CM084263.1_rotation_3_offset_10878	4227	0.978472	0
SRR27841065.2712388	4186	CM084263.1_rotation_1_offset_3626	2280	0.984649	0
SRR27841065.2717165	1600	CM084263.1_rotation_1_offset_3626	1621	0.954349	0
SRR27841065.2717165	1600	CM084263.1_rotation_0_offset_0	1621	0.954349	0
SRR27841065.2717165	1600	CM084263.1_rotation_3_offset_10878	1621	0.954349	0
SRR27841065.2717165	1600	CM084263.1_rotation_2_offset_7252	1621	0.954349	0
SRR27841065.2718255	1363	CM084263.1_rotation_3_offset_10878	1329	0.905192	0
SRR27841065.2718255	1363	CM084263.1_rotation_0_offset_0	1329	0.905192	0
SRR27841065.2718255	1363	CM084263.1_rotation_2_offset_7252	1329	0.905192	0
SRR27841065.2718255	1363	CM084263.1_rotation_1_offset_3626	877	0.906499	0
SRR27841065.2719244	2164	CM084263.1_rotation_0_offset_0	2191	0.976723	0
SRR27841065.2719244	2164	CM084263.1_rotation_2_offset_7252	2191	0.976723	0
SRR27841065.2719244	2164	CM084263.1_rotation_1_offset_3626	2191	0.976723	0
SRR27841065.2719244	2164	CM084263.1_rotation_3_offset_10878	2191	0.976723	0
SRR27841065.2722785	18738	CM084263.1_rotation_2_offset_7252	91	1.000000	0
SRR27841065.2722785	18738	CM084263.1_rotation_1_offset_3626	91	1.000000	0
SRR27841065.2722785	18738	CM084263.1_rotation_0_offset_0	91	1.000000	0
SRR27841065.2722785	18738	CM084263.1_rotation_3_offset_10878	91	1.000000	0
SRR27841065.2722785	18738	CM084263.1_rotation_2_offset_7252	92	0.989130	0
SRR27841065.2722785	18738	CM084263.1_rotation_1_offset_3626	92	0.989130	0
SRR27841065.2722785	18738	CM084263.1_rotation_0_offset_0	92	0.989130	0
SRR27841065.2722785	18738	CM084263.1_rotation_3_offset_10878	92	0.989130	0
SRR27841065.2722785	18738	CM084263.1_rotation_2_offset_7252	91	0.978022	0
SRR27841065.2722785	18738	CM084263.1_rotation_1_offset_3626	91	0.978022	0
SRR27841065.2722785	18738	CM084263.1_rotation_3_offset_10878	91	0.978022	0
SRR27841065.2722785	18738	CM084263.1_rotation_0_offset_0	91	0.978022	0
SRR27841065.2722785	18738	CM084263.1_rotation_0_offset_0	89	0.977528	0
SRR27841065.2722785	18738	CM084263.1_rotation_2_offset_7252	89	0.977528	0
SRR27841065.2722785	18738	CM084263.1_rotation_1_offset_3626	89	0.977528	0
SRR27841065.2722785	18738	CM084263.1_rotation_2_offset_7252	87	0.988506	0
SRR27841065.2722785	18738	CM084263.1_rotation_1_offset_3626	87	0.988506	0
SRR27841065.2722785	18738	CM084263.1_rotation_3_offset_10878	87	0.988506	0
SRR27841065.2722785	18738	CM084263.1_rotation_3_offset_10878	93	0.935484	1
SRR27841065.2722785	18738	CM084263.1_rotation_3_offset_10878	95	0.915789	0
SRR27841065.2722785	18738	CM084263.1_rotation_1_offset_3626	95	0.915789	0
SRR27841065.2722785	18738	CM084263.1_rotation_2_offset_7252	95	0.915789	0
SRR27841065.2722785	18738	CM084263.1_rotation_1_offset_3626	91	0.956044	0
SRR27841065.2722785	18738	CM084263.1_rotation_1_offset_3626	84	0.988095	1
SRR27841065.2722785	18738	CM084263.1_rotation_3_offset_10878	91	0.956044	0
SRR27841065.2722785	18738	CM084263.1_rotation_2_offset_7252	91	0.956044	0
SRR27841065.2722785	18738	CM084263.1_rotation_1_offset_3626	92	0.956522	1
SRR27841065.2722785	18738	CM084263.1_rotation_0_offset_0	91	0.956044	1
SRR27841065.2722785	18738	CM084263.1_rotation_0_offset_0	92	0.956522	56
SRR27841065.2722785	18738	CM084263.1_rotation_2_offset_7252	92	0.956522	0
SRR27841065.2722785	18738	CM084263.1_rotation_1_offset_3626	92	0.956522	0
SRR27841065.2722785	18738	CM084263.1_rotation_3_offset_10878	92	0.956522	0
SRR27841065.2722785	18738	CM084263.1_rotation_2_offset_7252	95	0.894737	1
SRR27841065.2722785	18738	CM084263.1_rotation_2_offset_7252	100	0.900000	1
SRR27841065.2722785	18738	CM084263.1_rotation_1_offset_3626	91	0.912088	1
SRR27841065.2723086	825	CM084263.1_rotation_0_offset_0	829	0.985525	0
SRR27841065.2723086	825	CM084263.1_rotation_1_offset_3626	829	0.985525	0
SRR27841065.2723086	825	CM084263.1_rotation_2_offset_7252	829	0.985525	0
SRR27841065.2723086	825	CM084263.1_rotation_3_offset_10878	829	0.985525	0
SRR27841065.2726138	795	CM084263.1_rotation_3_offset_10878	87	0.965517	0
SRR27841065.2726138	795	CM084263.1_rotation_2_offset_7252	87	0.965517	0
SRR27841065.2726138	795	CM084263.1_rotation_0_offset_0	87	0.965517	0
SRR27841065.2726138	795	CM084263.1_rotation_1_offset_3626	87	0.965517	0
SRR27841065.2726138	795	CM084263.1_rotation_2_offset_7252	72	0.972222	38
SRR27841065.2726138	795	CM084263.1_rotation_3_offset_10878	72	0.972222	0
SRR27841065.2726138	795	CM084263.1_rotation_1_offset_3626	72	0.972222	0
SRR27841065.2726138	795	CM084263.1_rotation_0_offset_0	72	0.972222	0
SRR27841065.2730306	1217	CM084263.1_rotation_1_offset_3626	1237	0.962005	0
SRR27841065.2730306	1217	CM084263.1_rotation_0_offset_0	1237	0.962005	0
SRR27841065.2730306	1217	CM084263.1_rotation_2_offset_7252	1237	0.962005	0
SRR27841065.2730306	1217	CM084263.1_rotation_3_offset_10878	1237	0.962005	0
SRR27841065.2741527	736	CM084263.1_rotation_1_offset_3626	740	0.959459	0
SRR27841065.2741527	736	CM084263.1_rotation_3_offset_10878	740	0.959459	0
SRR27841065.2741527	736	CM084263.1_rotation_2_offset_7252	740	0.959459	0
SRR27841065.2741527	736	CM084263.1_rotation_0_offset_0	740	0.959459	0
SRR27841065.2742860	2060	CM084263.1_rotation_1_offset_3626	2139	0.889668	0
SRR27841065.2742860	2060	CM084263.1_rotation_2_offset_7252	2139	0.889668	0
SRR27841065.2742860	2060	CM084263.1_rotation_0_offset_0	2139	0.889668	0
SRR27841065.2742860	2060	CM084263.1_rotation_3_offset_10878	1754	0.887685	0
SRR27841065.2743628	12076	CM084263.1_rotation_2_offset_7252	12149	0.629435	0
SRR27841065.2743628	12076	CM084263.1_rotation_1_offset_3626	12149	0.629435	0
SRR27841065.2743628	12076	CM084263.1_rotation_0_offset_0	7170	0.970432	0
SRR27841065.2743628	12076	CM084263.1_rotation_3_offset_10878	8634	0.489576	0
SRR27841065.2743708	42510	CM084263.1_rotation_3_offset_10878	293	0.907850	0
SRR27841065.2743708	42510	CM084263.1_rotation_0_offset_0	293	0.907850	0
SRR27841065.2743708	42510	CM084263.1_rotation_2_offset_7252	293	0.907850	0
SRR27841065.2743708	42510	CM084263.1_rotation_1_offset_3626	293	0.907850	0
SRR27841065.2745109	6186	CM084263.1_rotation_0_offset_0	6250	0.977120	0
SRR27841065.2745109	6186	CM084263.1_rotation_3_offset_10878	6250	0.977120	0
SRR27841065.2745109	6186	CM084263.1_rotation_2_offset_7252	5482	0.978110	0
SRR27841065.2745109	6186	CM084263.1_rotation_1_offset_3626	4411	0.977556	0
SRR27841065.2757505	668	CM084263.1_rotation_2_offset_7252	676	0.936391	0
SRR27841065.2757505	668	CM084263.1_rotation_0_offset_0	676	0.936391	0
SRR27841065.2757505	668	CM084263.1_rotation_1_offset_3626	676	0.936391	0
SRR27841065.2757505	668	CM084263.1_rotation_3_offset_10878	676	0.936391	0
SRR27841065.2759970	484	CM084263.1_rotation_3_offset_10878	91	0.956044	0
SRR27841065.2759970	484	CM084263.1_rotation_2_offset_7252	91	0.956044	0
SRR27841065.2759970	484	CM084263.1_rotation_1_offset_3626	91	0.956044	0
SRR27841065.2759970	484	CM084263.1_rotation_0_offset_0	91	0.956044	0
SRR27841065.2759970	484	CM084263.1_rotation_1_offset_3626	73	0.972603	34
SRR27841065.2759970	484	CM084263.1_rotation_2_offset_7252	73	0.972603	0
SRR27841065.2759970	484	CM084263.1_rotation_0_offset_0	73	0.972603	0
SRR27841065.2759970	484	CM084263.1_rotation_3_offset_10878	73	0.972603	0
SRR27841065.2762823	15122	CM084263.1_rotation_1_offset_3626	5237	0.975940	0
SRR27841065.2762823	15122	CM084263.1_rotation_0_offset_0	5237	0.975940	0
SRR27841065.2762823	15122	CM084263.1_rotation_2_offset_7252	5237	0.975940	0
SRR27841065.2762823	15122	CM084263.1_rotation_3_offset_10878	3644	0.977223	0
SRR27841065.2762823	15122	CM084263.1_rotation_0_offset_0	91	0.978022	48
SRR27841065.2762823	15122	CM084263.1_rotation_0_offset_0	93	0.978495	45
SRR27841065.2762823	15122	CM084263.1_rotation_0_offset_0	91	0.978022	60
SRR27841065.2762823	15122	CM084263.1_rotation_0_offset_0	88	0.988636	45
SRR27841065.2762823	15122	CM084263.1_rotation_0_offset_0	94	0.957447	60
SRR27841065.2762823	15122	CM084263.1_rotation_0_offset_0	91	0.978022	31
SRR27841065.2762823	15122	CM084263.1_rotation_0_offset_0	91	0.978022	45
SRR27841065.2762823	15122	CM084263.1_rotation_0_offset_0	91	0.978022	60
SRR27841065.2762823	15122	CM084263.1_rotation_0_offset_0	91	0.967033	13
SRR27841065.2762823	15122	CM084263.1_rotation_0_offset_0	91	0.967033	0
SRR27841065.2762823	15122	CM084263.1_rotation_2_offset_7252	91	0.967033	0
SRR27841065.2762823	15122	CM084263.1_rotation_1_offset_3626	91	0.967033	0
SRR27841065.2762823	15122	CM084263.1_rotation_3_offset_10878	91	0.967033	0
SRR27841065.2762823	15122	CM084263.1_rotation_0_offset_0	82	0.987805	44
SRR27841065.2762823	15122	CM084263.1_rotation_0_offset_0	92	0.934783	40
SRR27841065.2767608	6220	CM084263.1_rotation_0_offset_0	5568	0.923312	0
SRR27841065.2767608	6220	CM084263.1_rotation_3_offset_10878	5568	0.923312	0
SRR27841065.2767608	6220	CM084263.1_rotation_2_offset_7252	5568	0.923312	0
SRR27841065.2767608	6220	CM084263.1_rotation_1_offset_3626	3647	0.938580	0
SRR27841065.2767608	6220	CM084263.1_rotation_0_offset_0	97	0.835052	11
SRR27841065.2774868	1361	CM084263.1_rotation_3_offset_10878	1388	0.966859	0
SRR27841065.2774868	1361	CM084263.1_rotation_0_offset_0	1388	0.966859	0
SRR27841065.2774868	1361	CM084263.1_rotation_2_offset_7252	1388	0.966859	0
SRR27841065.2774868	1361	CM084263.1_rotation_1_offset_3626	1388	0.966859	0
SRR27841065.2776381	1516	CM084263.1_rotation_2_offset_7252	1493	0.948426	0
SRR27841065.2776381	1516	CM084263.1_rotation_3_offset_10878	1493	0.948426	0
SRR27841065.2776381	1516	CM084263.1_rotation_0_offset_0	1493	0.948426	0
SRR27841065.2776381	1516	CM084263.1_rotation_1_offset_3626	854	0.948478	0
SRR27841065.2790569	1638	CM084263.1_rotation_1_offset_3626	1675	0.962388	0
SRR27841065.2790569	1638	CM084263.1_rotation_0_offset_0	1675	0.962388	0
SRR27841065.2790569	1638	CM084263.1_rotation_3_offset_10878	1675	0.962388	0
SRR27841065.2790569	1638	CM084263.1_rotation_2_offset_7252	1675	0.962388	0
SRR27841065.2793676	1454	CM084263.1_rotation_2_offset_7252	1509	0.863486	0
SRR27841065.2793676	1454	CM084263.1_rotation_0_offset_0	1509	0.863486	0
SRR27841065.2793676	1454	CM084263.1_rotation_1_offset_3626	1509	0.863486	0
SRR27841065.2793676	1454	CM084263.1_rotation_3_offset_10878	1509	0.863486	0
SRR27841065.2799832	594	CM084263.1_rotation_3_offset_10878	605	0.971901	0
SRR27841065.2799832	594	CM084263.1_rotation_2_offset_7252	605	0.971901	0
SRR27841065.2799832	594	CM084263.1_rotation_1_offset_3626	605	0.971901	0
SRR27841065.2799832	594	CM084263.1_rotation_0_offset_0	605	0.971901	0
SRR27841065.2811790	1416	CM084263.1_rotation_1_offset_3626	1424	0.964185	0
SRR27841065.2811790	1416	CM084263.1_rotation_2_offset_7252	1424	0.964185	0
SRR27841065.2811790	1416	CM084263.1_rotation_3_offset_10878	1424	0.964185	0
SRR27841065.2811790	1416	CM084263.1_rotation_0_offset_0	1424	0.964185	0
SRR27841065.2812485	563	CM084263.1_rotation_1_offset_3626	570	0.959649	0
SRR27841065.2812485	563	CM084263.1_rotation_3_offset_10878	570	0.959649	0
SRR27841065.2812485	563	CM084263.1_rotation_0_offset_0	570	0.959649	0
SRR27841065.2812485	563	CM084263.1_rotation_2_offset_7252	570	0.959649	0
SRR27841065.2818646	1754	CM084263.1_rotation_0_offset_0	1899	0.747235	0
SRR27841065.2818646	1754	CM084263.1_rotation_2_offset_7252	1899	0.747235	0
SRR27841065.2818646	1754	CM084263.1_rotation_3_offset_10878	1899	0.747235	0
SRR27841065.2818646	1754	CM084263.1_rotation_1_offset_3626	1772	0.746614	0
SRR27841065.2821986	1872	CM084263.1_rotation_2_offset_7252	1918	0.900938	0
SRR27841065.2821986	1872	CM084263.1_rotation_0_offset_0	1918	0.900938	0
SRR27841065.2821986	1872	CM084263.1_rotation_1_offset_3626	1918	0.900938	0
SRR27841065.2821986	1872	CM084263.1_rotation_3_offset_10878	1918	0.900938	0
SRR27841065.2822221	1613	CM084263.1_rotation_0_offset_0	1628	0.979115	0
SRR27841065.2822221	1613	CM084263.1_rotation_3_offset_10878	1628	0.979115	0
SRR27841065.2822221	1613	CM084263.1_rotation_1_offset_3626	1628	0.979115	0
SRR27841065.2822221	1613	CM084263.1_rotation_2_offset_7252	1344	0.976935	0
SRR27841065.2826189	831	CM084263.1_rotation_1_offset_3626	865	0.846243	0
SRR27841065.2826189	831	CM084263.1_rotation_2_offset_7252	865	0.846243	0
SRR27841065.2826189	831	CM084263.1_rotation_0_offset_0	865	0.846243	0
SRR27841065.2826189	831	CM084263.1_rotation_3_offset_10878	865	0.846243	0
SRR27841065.2829793	559	CM084263.1_rotation_2_offset_7252	545	0.977982	0
SRR27841065.2829793	559	CM084263.1_rotation_1_offset_3626	545	0.977982	0
SRR27841065.2829793	559	CM084263.1_rotation_3_offset_10878	545	0.977982	0
SRR27841065.2829793	559	CM084263.1_rotation_0_offset_0	545	0.977982	0
SRR27841065.2836161	412	CM084263.1_rotation_1_offset_3626	420	0.976190	0
SRR27841065.2836161	412	CM084263.1_rotation_0_offset_0	420	0.976190	0
SRR27841065.2836161	412	CM084263.1_rotation_3_offset_10878	420	0.976190	0
SRR27841065.2836161	412	CM084263.1_rotation_2_offset_7252	420	0.976190	0
SRR27841065.2837844	958	CM084263.1_rotation_2_offset_7252	957	0.970742	0
SRR27841065.2837844	958	CM084263.1_rotation_1_offset_3626	957	0.970742	0
SRR27841065.2837844	958	CM084263.1_rotation_3_offset_10878	957	0.970742	0
SRR27841065.2837844	958	CM084263.1_rotation_0_offset_0	957	0.970742	0
SRR27841065.2841426	5442	CM084263.1_rotation_3_offset_10878	480	0.368750	0
SRR27841065.2841426	5442	CM084263.1_rotation_1_offset_3626	480	0.368750	0
SRR27841065.2841426	5442	CM084263.1_rotation_2_offset_7252	480	0.368750	0
SRR27841065.2841426	5442	CM084263.1_rotation_0_offset_0	93	0.935484	0
SRR27841065.2841426	5442	CM084263.1_rotation_1_offset_3626	93	0.935484	0
SRR27841065.2841426	5442	CM084263.1_rotation_3_offset_10878	93	0.935484	0
SRR27841065.2841426	5442	CM084263.1_rotation_2_offset_7252	93	0.935484	0
SRR27841065.2841426	5442	CM084263.1_rotation_2_offset_7252	93	0.956989	0
SRR27841065.2841426	5442	CM084263.1_rotation_0_offset_0	93	0.956989	0
SRR27841065.2841426	5442	CM084263.1_rotation_1_offset_3626	93	0.956989	0
SRR27841065.2841426	5442	CM084263.1_rotation_3_offset_10878	93	0.956989	0
SRR27841065.2841426	5442	CM084263.1_rotation_1_offset_3626	91	0.967033	0
SRR27841065.2841426	5442	CM084263.1_rotation_0_offset_0	91	0.967033	0
SRR27841065.2841426	5442	CM084263.1_rotation_3_offset_10878	91	0.967033	0
SRR27841065.2841426	5442	CM084263.1_rotation_0_offset_0	89	0.977528	0
SRR27841065.2841426	5442	CM084263.1_rotation_2_offset_7252	91	0.967033	0
SRR27841065.2841426	5442	CM084263.1_rotation_2_offset_7252	89	0.955056	0
SRR27841065.2841426	5442	CM084263.1_rotation_0_offset_0	89	0.955056	0
SRR27841065.2841426	5442	CM084263.1_rotation_3_offset_10878	89	0.955056	0
SRR27841065.2841426	5442	CM084263.1_rotation_1_offset_3626	89	0.955056	0
SRR27841065.2841426	5442	CM084263.1_rotation_1_offset_3626	87	0.931034	0
SRR27841065.2841426	5442	CM084263.1_rotation_0_offset_0	93	0.903226	23
SRR27841065.2841426	5442	CM084263.1_rotation_3_offset_10878	87	0.931034	0
SRR27841065.2841426	5442	CM084263.1_rotation_2_offset_7252	87	0.931034	0
SRR27841065.2841426	5442	CM084263.1_rotation_0_offset_0	87	0.931034	0
SRR27841065.2841426	5442	CM084263.1_rotation_1_offset_3626	90	0.944444	1
SRR27841065.2841426	5442	CM084263.1_rotation_2_offset_7252	91	0.934066	0
SRR27841065.2841426	5442	CM084263.1_rotation_1_offset_3626	91	0.934066	0
SRR27841065.2843999	10037	CM084263.1_rotation_0_offset_0	4319	0.939569	0
SRR27841065.2843999	10037	CM084263.1_rotation_2_offset_7252	4319	0.939569	0
SRR27841065.2843999	10037	CM084263.1_rotation_3_offset_10878	4319	0.939569	0
SRR27841065.2843999	10037	CM084263.1_rotation_1_offset_3626	3645	0.943210	0
SRR27841065.2843999	10037	CM084263.1_rotation_1_offset_3626	91	1.000000	0
SRR27841065.2843999	10037	CM084263.1_rotation_3_offset_10878	91	1.000000	0
SRR27841065.2843999	10037	CM084263.1_rotation_2_offset_7252	91	1.000000	0
SRR27841065.2843999	10037	CM084263.1_rotation_0_offset_0	91	1.000000	0
SRR27841065.2843999	10037	CM084263.1_rotation_3_offset_10878	91	0.989011	0
SRR27841065.2843999	10037	CM084263.1_rotation_2_offset_7252	91	0.989011	0
SRR27841065.2843999	10037	CM084263.1_rotation_1_offset_3626	91	0.989011	0
SRR27841065.2843999	10037	CM084263.1_rotation_0_offset_0	91	0.989011	0
SRR27841065.2843999	10037	CM084263.1_rotation_3_offset_10878	91	0.956044	0
SRR27841065.2843999	10037	CM084263.1_rotation_3_offset_10878	91	0.956044	0
SRR27841065.2843999	10037	CM084263.1_rotation_1_offset_3626	91	0.956044	0
SRR27841065.2843999	10037	CM084263.1_rotation_1_offset_3626	91	0.956044	0
SRR27841065.2843999	10037	CM084263.1_rotation_2_offset_7252	91	0.956044	0
SRR27841065.2843999	10037	CM084263.1_rotation_0_offset_0	91	0.956044	0
SRR27841065.2843999	10037	CM084263.1_rotation_2_offset_7252	91	0.956044	0
SRR27841065.2843999	10037	CM084263.1_rotation_0_offset_0	91	0.956044	0
SRR27841065.2843999	10037	CM084263.1_rotation_0_offset_0	93	0.935484	1
SRR27841065.2843999	10037	CM084263.1_rotation_1_offset_3626	95	0.915789	0
SRR27841065.2843999	10037	CM084263.1_rotation_0_offset_0	95	0.915789	0
SRR27841065.2843999	10037	CM084263.1_rotation_2_offset_7252	95	0.915789	0
SRR27841065.2843999	10037	CM084263.1_rotation_3_offset_10878	95	0.915789	0
SRR27841065.2843999	10037	CM084263.1_rotation_3_offset_10878	92	0.956522	18
SRR27841065.2843999	10037	CM084263.1_rotation_2_offset_7252	76	1.000000	0
SRR27841065.2843999	10037	CM084263.1_rotation_1_offset_3626	76	1.000000	0
SRR27841065.2843999	10037	CM084263.1_rotation_3_offset_10878	76	1.000000	0
SRR27841065.2843999	10037	CM084263.1_rotation_2_offset_7252	87	0.942529	1
SRR27841065.2843999	10037	CM084263.1_rotation_3_offset_10878	89	0.932584	1
SRR27841065.2843999	10037	CM084263.1_rotation_0_offset_0	91	0.923077	1
SRR27841065.2843999	10037	CM084263.1_rotation_0_offset_0	91	0.901099	1
SRR27841065.2850428	10039	CM084263.1_rotation_3_offset_10878	10030	0.939182	0
SRR27841065.2850428	10039	CM084263.1_rotation_0_offset_0	10030	0.939182	0
SRR27841065.2850428	10039	CM084263.1_rotation_2_offset_7252	7331	0.951303	0
SRR27841065.2850428	10039	CM084263.1_rotation_1_offset_3626	6370	0.932653	0
SRR27841065.2856639	2573	CM084263.1_rotation_0_offset_0	2619	0.951890	0
SRR27841065.2856639	2573	CM084263.1_rotation_2_offset_7252	2619	0.951890	0
SRR27841065.2856639	2573	CM084263.1_rotation_3_offset_10878	2619	0.951890	0
SRR27841065.2856639	2573	CM084263.1_rotation_1_offset_3626	2619	0.951890	0
SRR27841065.2858925	748	CM084263.1_rotation_2_offset_7252	760	0.944737	0
SRR27841065.2858925	748	CM084263.1_rotation_0_offset_0	760	0.944737	0
SRR27841065.2858925	748	CM084263.1_rotation_1_offset_3626	760	0.944737	0
SRR27841065.2858925	748	CM084263.1_rotation_3_offset_10878	760	0.944737	0
SRR27841065.2860169	1573	CM084263.1_rotation_1_offset_3626	1586	0.978562	0
SRR27841065.2860169	1573	CM084263.1_rotation_0_offset_0	1586	0.978562	0
SRR27841065.2860169	1573	CM084263.1_rotation_2_offset_7252	1586	0.978562	0
SRR27841065.2860169	1573	CM084263.1_rotation_3_offset_10878	1586	0.978562	0
SRR27841065.2866996	3604	CM084263.1_rotation_1_offset_3626	3680	0.915217	0
SRR27841065.2866996	3604	CM084263.1_rotation_0_offset_0	3680	0.915217	0
SRR27841065.2866996	3604	CM084263.1_rotation_2_offset_7252	3680	0.915217	0
SRR27841065.2866996	3604	CM084263.1_rotation_3_offset_10878	2051	0.924915	0
SRR27841065.2867946	524	CM084263.1_rotation_3_offset_10878	528	0.973485	0
SRR27841065.2867946	524	CM084263.1_rotation_1_offset_3626	528	0.973485	0
SRR27841065.2867946	524	CM084263.1_rotation_0_offset_0	528	0.973485	0
SRR27841065.2867946	524	CM084263.1_rotation_2_offset_7252	528	0.973485	0
SRR27841065.2871836	2298	CM084263.1_rotation_0_offset_0	2307	0.987430	0
SRR27841065.2871836	2298	CM084263.1_rotation_3_offset_10878	2307	0.987430	0
SRR27841065.2871836	2298	CM084263.1_rotation_2_offset_7252	2307	0.987430	0
SRR27841065.2871836	2298	CM084263.1_rotation_1_offset_3626	2307	0.987430	0
SRR27841065.2872060	1922	CM084263.1_rotation_1_offset_3626	1931	0.992750	0
SRR27841065.2872060	1922	CM084263.1_rotation_0_offset_0	1931	0.992750	0
SRR27841065.2872060	1922	CM084263.1_rotation_2_offset_7252	1931	0.992750	0
SRR27841065.2872060	1922	CM084263.1_rotation_3_offset_10878	1931	0.992750	0
SRR27841065.2875878	513	CM084263.1_rotation_2_offset_7252	543	0.869245	0
SRR27841065.2875878	513	CM084263.1_rotation_0_offset_0	543	0.869245	0
SRR27841065.2875878	513	CM084263.1_rotation_3_offset_10878	543	0.869245	0
SRR27841065.2875878	513	CM084263.1_rotation_1_offset_3626	543	0.869245	0
SRR27841065.2877170	5233	CM084263.1_rotation_0_offset_0	5292	0.979214	0
SRR27841065.2877170	5233	CM084263.1_rotation_1_offset_3626	5292	0.979214	0
SRR27841065.2877170	5233	CM084263.1_rotation_3_offset_10878	4782	0.979297	0
SRR27841065.2877170	5233	CM084263.1_rotation_2_offset_7252	4159	0.977639	0
SRR27841065.2877183	1425	CM084263.1_rotation_0_offset_0	1390	0.935252	0
SRR27841065.2877183	1425	CM084263.1_rotation_1_offset_3626	1390	0.935252	0
SRR27841065.2877183	1425	CM084263.1_rotation_3_offset_10878	1390	0.935252	0
SRR27841065.2877183	1425	CM084263.1_rotation_2_offset_7252	1390	0.935252	0
SRR27841065.2885721	559	CM084263.1_rotation_0_offset_0	207	0.985507	0
SRR27841065.2885721	559	CM084263.1_rotation_2_offset_7252	207	0.985507	0
SRR27841065.2885721	559	CM084263.1_rotation_3_offset_10878	207	0.985507	0
SRR27841065.2885721	559	CM084263.1_rotation_1_offset_3626	207	0.985507	0
SRR27841065.2885804	2086	CM084263.1_rotation_3_offset_10878	1391	0.923077	0
SRR27841065.2885804	2086	CM084263.1_rotation_2_offset_7252	1391	0.923077	0
SRR27841065.2885804	2086	CM084263.1_rotation_1_offset_3626	1391	0.923077	0
SRR27841065.2885804	2086	CM084263.1_rotation_0_offset_0	1332	0.935435	0
SRR27841065.2886257	1489	CM084263.1_rotation_3_offset_10878	1498	0.974633	0
SRR27841065.2886257	1489	CM084263.1_rotation_2_offset_7252	1498	0.974633	0
SRR27841065.2886257	1489	CM084263.1_rotation_1_offset_3626	1498	0.974633	0
SRR27841065.2886257	1489	CM084263.1_rotation_0_offset_0	1498	0.974633	0
SRR27841065.2890335	41325	CM084263.1_rotation_2_offset_7252	854	0.970726	0
SRR27841065.2890335	41325	CM084263.1_rotation_3_offset_10878	854	0.970726	0
SRR27841065.2890335	41325	CM084263.1_rotation_1_offset_3626	854	0.970726	0
SRR27841065.2890335	41325	CM084263.1_rotation_0_offset_0	854	0.970726	0
SRR27841065.2896896	7700	CM084263.1_rotation_2_offset_7252	2532	0.928120	0
SRR27841065.2896896	7700	CM084263.1_rotation_0_offset_0	2532	0.928120	0
SRR27841065.2896896	7700	CM084263.1_rotation_1_offset_3626	2532	0.928120	0
SRR27841065.2896896	7700	CM084263.1_rotation_3_offset_10878	2120	0.930189	0
SRR27841065.2908569	1017	CM084263.1_rotation_3_offset_10878	91	0.989011	0
SRR27841065.2908569	1017	CM084263.1_rotation_2_offset_7252	91	0.989011	0
SRR27841065.2908569	1017	CM084263.1_rotation_1_offset_3626	91	0.989011	0
SRR27841065.2908569	1017	CM084263.1_rotation_0_offset_0	91	0.989011	0
SRR27841065.2908569	1017	CM084263.1_rotation_2_offset_7252	87	1.000000	1
SRR27841065.2908569	1017	CM084263.1_rotation_0_offset_0	87	1.000000	0
SRR27841065.2908569	1017	CM084263.1_rotation_1_offset_3626	87	1.000000	0
SRR27841065.2908569	1017	CM084263.1_rotation_3_offset_10878	87	1.000000	0
SRR27841065.2908569	1017	CM084263.1_rotation_1_offset_3626	87	0.942529	0
SRR27841065.2908569	1017	CM084263.1_rotation_3_offset_10878	87	0.942529	0
SRR27841065.2908569	1017	CM084263.1_rotation_2_offset_7252	87	0.942529	0
SRR27841065.2908569	1017	CM084263.1_rotation_0_offset_0	87	0.942529	0
SRR27841065.2908569	1017	CM084263.1_rotation_0_offset_0	87	0.919540	15
SRR27841065.2910974	1127	CM084263.1_rotation_1_offset_3626	1101	0.981835	1
SRR27841065.2910974	1127	CM084263.1_rotation_2_offset_7252	1124	0.980427	0
SRR27841065.2910974	1127	CM084263.1_rotation_3_offset_10878	1124	0.980427	0
SRR27841065.2910974	1127	CM084263.1_rotation_0_offset_0	1124	0.980427	0
SRR27841065.2917968	23563	CM084263.1_rotation_0_offset_0	2685	0.970205	0
SRR27841065.2917968	23563	CM084263.1_rotation_2_offset_7252	2685	0.970205	0
SRR27841065.2917968	23563	CM084263.1_rotation_1_offset_3626	2685	0.970205	0
SRR27841065.2917968	23563	CM084263.1_rotation_3_offset_10878	2685	0.970205	0
SRR27841065.2921844	2180	CM084263.1_rotation_0_offset_0	1555	0.980064	0
SRR27841065.2921844	2180	CM084263.1_rotation_2_offset_7252	1555	0.980064	0
SRR27841065.2921844	2180	CM084263.1_rotation_3_offset_10878	1555	0.980064	0
SRR27841065.2921844	2180	CM084263.1_rotation_1_offset_3626	1167	0.980291	0
SRR27841065.2921844	2180	CM084263.1_rotation_3_offset_10878	702	0.851852	0
SRR27841065.2921844	2180	CM084263.1_rotation_0_offset_0	702	0.851852	0
SRR27841065.2921844	2180	CM084263.1_rotation_1_offset_3626	702	0.851852	0
SRR27841065.2921844	2180	CM084263.1_rotation_2_offset_7252	702	0.851852	0
SRR27841065.2923511	1578	CM084263.1_rotation_0_offset_0	1626	0.927429	0
SRR27841065.2923511	1578	CM084263.1_rotation_2_offset_7252	1626	0.927429	0
SRR27841065.2923511	1578	CM084263.1_rotation_1_offset_3626	1626	0.927429	0
SRR27841065.2923511	1578	CM084263.1_rotation_3_offset_10878	1626	0.927429	0
SRR27841065.2924704	4280	CM084263.1_rotation_0_offset_0	3007	0.984370	0
SRR27841065.2924704	4280	CM084263.1_rotation_1_offset_3626	3007	0.984370	0
SRR27841065.2924704	4280	CM084263.1_rotation_3_offset_10878	3007	0.984370	0
SRR27841065.2924704	4280	CM084263.1_rotation_2_offset_7252	3007	0.984370	0
SRR27841065.2924704	4280	CM084263.1_rotation_3_offset_10878	482	0.371369	0
SRR27841065.2924704	4280	CM084263.1_rotation_1_offset_3626	482	0.371369	0
SRR27841065.2924704	4280	CM084263.1_rotation_2_offset_7252	482	0.371369	0
SRR27841065.2924704	4280	CM084263.1_rotation_0_offset_0	89	0.955056	0
SRR27841065.2924704	4280	CM084263.1_rotation_0_offset_0	87	0.965517	0
SRR27841065.2924704	4280	CM084263.1_rotation_0_offset_0	89	0.932584	20
SRR27841065.2924704	4280	CM084263.1_rotation_2_offset_7252	66	0.969697	0
SRR27841065.2924704	4280	CM084263.1_rotation_1_offset_3626	66	0.969697	0
SRR27841065.2924704	4280	CM084263.1_rotation_3_offset_10878	66	0.969697	0
SRR27841065.2924704	4280	CM084263.1_rotation_0_offset_0	66	0.969697	0
SRR27841065.2936463	17252	CM084263.1_rotation_1_offset_3626	16757	0.789282	60
SRR27841065.2936463	17252	CM084263.1_rotation_2_offset_7252	14663	0.764919	0
SRR27841065.2936463	17252	CM084263.1_rotation_0_offset_0	10208	0.951215	0
SRR27841065.2936463	17252	CM084263.1_rotation_3_offset_10878	10972	0.710354	0
SRR27841065.2936463	17252	CM084263.1_rotation_1_offset_3626	777	0.963964	60
SRR27841065.2944009	1229	CM084263.1_rotation_1_offset_3626	1121	0.975914	1
SRR27841065.2944009	1229	CM084263.1_rotation_2_offset_7252	1244	0.971061	0
SRR27841065.2944009	1229	CM084263.1_rotation_3_offset_10878	1244	0.971061	0
SRR27841065.2944009	1229	CM084263.1_rotation_0_offset_0	1244	0.971061	0
SRR27841065.2945458	901	CM084263.1_rotation_2_offset_7252	87	0.977011	0
SRR27841065.2945458	901	CM084263.1_rotation_1_offset_3626	87	0.977011	0
SRR27841065.2945458	901	CM084263.1_rotation_0_offset_0	87	0.977011	0
SRR27841065.2945458	901	CM084263.1_rotation_3_offset_10878	87	0.977011	0
SRR27841065.2945458	901	CM084263.1_rotation_2_offset_7252	92	0.956522	0
SRR27841065.2945458	901	CM084263.1_rotation_0_offset_0	92	0.956522	0
SRR27841065.2945458	901	CM084263.1_rotation_1_offset_3626	92	0.956522	0
SRR27841065.2945458	901	CM084263.1_rotation_3_offset_10878	92	0.956522	0
SRR27841065.2945458	901	CM084263.1_rotation_3_offset_10878	91	0.912088	36
SRR27841065.2945458	901	CM084263.1_rotation_2_offset_7252	91	0.912088	0
SRR27841065.2945458	901	CM084263.1_rotation_1_offset_3626	91	0.912088	0
SRR27841065.2945458	901	CM084263.1_rotation_0_offset_0	91	0.912088	0
SRR27841065.2946767	38227	CM084263.1_rotation_0_offset_0	14571	0.977901	60
SRR27841065.2946767	38227	CM084263.1_rotation_3_offset_10878	10930	0.977859	0
SRR27841065.2946767	38227	CM084263.1_rotation_1_offset_3626	10944	0.975238	0
SRR27841065.2946767	38227	CM084263.1_rotation_0_offset_0	14862	0.830844	60
SRR27841065.2946767	38227	CM084263.1_rotation_2_offset_7252	7281	0.979536	0
SRR27841065.2946767	38227	CM084263.1_rotation_3_offset_10878	11158	0.831242	0
SRR27841065.2946767	38227	CM084263.1_rotation_1_offset_3626	11159	0.824536	0
SRR27841065.2946767	38227	CM084263.1_rotation_2_offset_7252	7350	0.834014	0
SRR27841065.2946767	38227	CM084263.1_rotation_2_offset_7252	494	0.382591	0
SRR27841065.2946767	38227	CM084263.1_rotation_1_offset_3626	494	0.382591	0
SRR27841065.2946767	38227	CM084263.1_rotation_3_offset_10878	494	0.382591	0
SRR27841065.2946767	38227	CM084263.1_rotation_0_offset_0	91	1.000000	60
SRR27841065.2946767	38227	CM084263.1_rotation_0_offset_0	91	1.000000	60
SRR27841065.2946767	38227	CM084263.1_rotation_0_offset_0	92	0.989130	0
SRR27841065.2946767	38227	CM084263.1_rotation_0_offset_0	92	0.989130	60
SRR27841065.2946767	38227	CM084263.1_rotation_3_offset_10878	92	0.989130	0
SRR27841065.2946767	38227	CM084263.1_rotation_1_offset_3626	92	0.989130	0
SRR27841065.2946767	38227	CM084263.1_rotation_2_offset_7252	92	0.989130	0
SRR27841065.2946767	38227	CM084263.1_rotation_0_offset_0	91	0.978022	50
SRR27841065.2946767	38227	CM084263.1_rotation_0_offset_0	91	0.956044	57
SRR27841065.2946767	38227	CM084263.1_rotation_0_offset_0	95	0.915789	0
SRR27841065.2946767	38227	CM084263.1_rotation_1_offset_3626	95	0.915789	0
SRR27841065.2946767	38227	CM084263.1_rotation_3_offset_10878	95	0.915789	0
SRR27841065.2946767	38227	CM084263.1_rotation_2_offset_7252	95	0.915789	0
SRR27841065.2946767	38227	CM084263.1_rotation_0_offset_0	92	0.967391	0
SRR27841065.2946767	38227	CM084263.1_rotation_0_offset_0	92	0.956522	50
SRR27841065.2946767	38227	CM084263.1_rotation_0_offset_0	86	0.976744	60
SRR27841065.2946767	38227	CM084263.1_rotation_0_offset_0	94	0.936170	37
SRR27841065.2946767	38227	CM084263.1_rotation_1_offset_3626	91	0.945055	1
SRR27841065.2946767	38227	CM084263.1_rotation_0_offset_0	91	0.934066	28
SRR27841065.2946767	38227	CM084263.1_rotation_0_offset_0	77	0.987013	54
SRR27841065.2946767	38227	CM084263.1_rotation_0_offset_0	94	0.925532	22
SRR27841065.2946767	38227	CM084263.1_rotation_0_offset_0	72	0.972222	1
SRR27841065.2946767	38227	CM084263.1_rotation_0_offset_0	85	0.847059	28
SRR27841065.2946767	38227	CM084263.1_rotation_0_offset_0	66	0.969697	0
SRR27841065.2946767	38227	CM084263.1_rotation_0_offset_0	91	0.868132	8
SRR27841065.2947401	2487	CM084263.1_rotation_1_offset_3626	2506	0.984836	0
SRR27841065.2947401	2487	CM084263.1_rotation_2_offset_7252	2506	0.984836	0
SRR27841065.2947401	2487	CM084263.1_rotation_0_offset_0	2506	0.984836	0
SRR27841065.2947401	2487	CM084263.1_rotation_3_offset_10878	1913	0.984841	0
SRR27841065.2954118	13310	CM084263.1_rotation_0_offset_0	10234	0.963553	0
SRR27841065.2954118	13310	CM084263.1_rotation_1_offset_3626	10234	0.963553	0
SRR27841065.2954118	13310	CM084263.1_rotation_2_offset_7252	7335	0.963190	0
SRR27841065.2954118	13310	CM084263.1_rotation_3_offset_10878	6559	0.969050	0
SRR27841065.2954118	13310	CM084263.1_rotation_0_offset_0	91	0.989011	60
SRR27841065.2954118	13310	CM084263.1_rotation_0_offset_0	91	0.989011	49
SRR27841065.2954118	13310	CM084263.1_rotation_0_offset_0	93	0.978495	60
SRR27841065.2954118	13310	CM084263.1_rotation_0_offset_0	91	0.989011	45
SRR27841065.2954118	13310	CM084263.1_rotation_0_offset_0	94	0.946809	46
SRR27841065.2954118	13310	CM084263.1_rotation_0_offset_0	89	0.921348	21
SRR27841065.2954801	827	CM084263.1_rotation_1_offset_3626	835	0.976048	0
SRR27841065.2954801	827	CM084263.1_rotation_2_offset_7252	835	0.976048	0
SRR27841065.2954801	827	CM084263.1_rotation_3_offset_10878	835	0.976048	0
SRR27841065.2954801	827	CM084263.1_rotation_0_offset_0	835	0.976048	0
SRR27841065.2956315	757	CM084263.1_rotation_0_offset_0	768	0.975260	0
SRR27841065.2956315	757	CM084263.1_rotation_1_offset_3626	768	0.975260	0
SRR27841065.2956315	757	CM084263.1_rotation_3_offset_10878	768	0.975260	0
SRR27841065.2956315	757	CM084263.1_rotation_2_offset_7252	486	0.969136	0
SRR27841065.2960198	1339	CM084263.1_rotation_2_offset_7252	1351	0.973353	0
SRR27841065.2960198	1339	CM084263.1_rotation_0_offset_0	1351	0.973353	0
SRR27841065.2960198	1339	CM084263.1_rotation_1_offset_3626	1351	0.973353	0
SRR27841065.2960198	1339	CM084263.1_rotation_3_offset_10878	1351	0.973353	0
SRR27841065.2962687	829	CM084263.1_rotation_1_offset_3626	838	0.977327	0
SRR27841065.2962687	829	CM084263.1_rotation_0_offset_0	838	0.977327	0
SRR27841065.2962687	829	CM084263.1_rotation_3_offset_10878	838	0.977327	0
SRR27841065.2962687	829	CM084263.1_rotation_2_offset_7252	838	0.977327	0
SRR27841065.2972980	2580	CM084263.1_rotation_1_offset_3626	91	0.989011	0
SRR27841065.2972980	2580	CM084263.1_rotation_3_offset_10878	91	0.989011	0
SRR27841065.2972980	2580	CM084263.1_rotation_1_offset_3626	91	0.989011	0
SRR27841065.2972980	2580	CM084263.1_rotation_0_offset_0	91	0.989011	0
SRR27841065.2972980	2580	CM084263.1_rotation_2_offset_7252	91	0.989011	0
SRR27841065.2972980	2580	CM084263.1_rotation_1_offset_3626	91	0.989011	0
SRR27841065.2972980	2580	CM084263.1_rotation_3_offset_10878	91	0.989011	0
SRR27841065.2972980	2580	CM084263.1_rotation_0_offset_0	91	0.989011	0
SRR27841065.2972980	2580	CM084263.1_rotation_0_offset_0	91	0.989011	0
SRR27841065.2972980	2580	CM084263.1_rotation_3_offset_10878	91	0.989011	0
SRR27841065.2972980	2580	CM084263.1_rotation_2_offset_7252	91	0.989011	0
SRR27841065.2972980	2580	CM084263.1_rotation_2_offset_7252	91	0.989011	0
SRR27841065.2972980	2580	CM084263.1_rotation_3_offset_10878	91	0.967033	0
SRR27841065.2972980	2580	CM084263.1_rotation_1_offset_3626	91	0.967033	0
SRR27841065.2972980	2580	CM084263.1_rotation_0_offset_0	91	0.967033	0
SRR27841065.2972980	2580	CM084263.1_rotation_2_offset_7252	91	0.967033	0
SRR27841065.2972980	2580	CM084263.1_rotation_2_offset_7252	95	0.915789	1
SRR27841065.2972980	2580	CM084263.1_rotation_0_offset_0	95	0.915789	0
SRR27841065.2972980	2580	CM084263.1_rotation_1_offset_3626	95	0.915789	0
SRR27841065.2972980	2580	CM084263.1_rotation_3_offset_10878	95	0.915789	0
SRR27841065.2972980	2580	CM084263.1_rotation_0_offset_0	87	0.965517	26
SRR27841065.2972980	2580	CM084263.1_rotation_3_offset_10878	87	0.965517	0
SRR27841065.2972980	2580	CM084263.1_rotation_2_offset_7252	87	0.965517	0
SRR27841065.2972980	2580	CM084263.1_rotation_1_offset_3626	87	0.965517	0
SRR27841065.2972980	2580	CM084263.1_rotation_0_offset_0	77	0.974026	23
SRR27841065.2972980	2580	CM084263.1_rotation_0_offset_0	77	0.974026	23
SRR27841065.2973571	950	CM084263.1_rotation_0_offset_0	909	0.954895	0
SRR27841065.2973571	950	CM084263.1_rotation_1_offset_3626	909	0.954895	0
SRR27841065.2973571	950	CM084263.1_rotation_2_offset_7252	909	0.954895	0
SRR27841065.2973571	950	CM084263.1_rotation_3_offset_10878	909	0.954895	0
SRR27841065.2976912	1041	CM084263.1_rotation_0_offset_0	1047	0.956065	0
SRR27841065.2976912	1041	CM084263.1_rotation_2_offset_7252	1047	0.956065	0
SRR27841065.2976912	1041	CM084263.1_rotation_1_offset_3626	1047	0.956065	0
SRR27841065.2976912	1041	CM084263.1_rotation_3_offset_10878	1047	0.956065	0
SRR27841065.2977312	2069	CM084263.1_rotation_1_offset_3626	2096	0.969943	0
SRR27841065.2977312	2069	CM084263.1_rotation_0_offset_0	2096	0.969943	0
SRR27841065.2977312	2069	CM084263.1_rotation_3_offset_10878	2096	0.969943	0
SRR27841065.2977312	2069	CM084263.1_rotation_2_offset_7252	2078	0.969682	0
SRR27841065.2977684	4991	CM084263.1_rotation_0_offset_0	5106	0.940854	0
SRR27841065.2977684	4991	CM084263.1_rotation_1_offset_3626	5106	0.940854	0
SRR27841065.2977684	4991	CM084263.1_rotation_3_offset_10878	5106	0.940854	0
SRR27841065.2977684	4991	CM084263.1_rotation_2_offset_7252	3232	0.935025	0
SRR27841065.2980064	17790	CM084263.1_rotation_2_offset_7252	17862	0.746053	60
SRR27841065.2980064	17790	CM084263.1_rotation_3_offset_10878	14899	0.700517	0
SRR27841065.2980064	17790	CM084263.1_rotation_1_offset_3626	14522	0.691985	0
SRR27841065.2980064	17790	CM084263.1_rotation_0_offset_0	6987	0.977959	0
SRR27841065.2980064	17790	CM084263.1_rotation_0_offset_0	6624	0.978714	0
SRR27841065.2986398	817	CM084263.1_rotation_0_offset_0	840	0.925000	0
SRR27841065.2986398	817	CM084263.1_rotation_2_offset_7252	840	0.925000	0
SRR27841065.2986398	817	CM084263.1_rotation_1_offset_3626	840	0.925000	0
SRR27841065.2986398	817	CM084263.1_rotation_3_offset_10878	840	0.925000	0
SRR27841065.2987037	1437	CM084263.1_rotation_1_offset_3626	1442	0.988904	0
SRR27841065.2987037	1437	CM084263.1_rotation_2_offset_7252	1442	0.988904	0
SRR27841065.2987037	1437	CM084263.1_rotation_3_offset_10878	1442	0.988904	0
SRR27841065.2987037	1437	CM084263.1_rotation_0_offset_0	1442	0.988904	0
SRR27841065.2990820	736	CM084263.1_rotation_3_offset_10878	756	0.949735	0
SRR27841065.2990820	736	CM084263.1_rotation_0_offset_0	756	0.949735	0
SRR27841065.2990820	736	CM084263.1_rotation_2_offset_7252	756	0.949735	0
SRR27841065.2990820	736	CM084263.1_rotation_1_offset_3626	756	0.949735	0
SRR27841065.2992363	569	CM084263.1_rotation_0_offset_0	571	0.950963	0
SRR27841065.2992363	569	CM084263.1_rotation_3_offset_10878	571	0.950963	0
SRR27841065.2992363	569	CM084263.1_rotation_2_offset_7252	571	0.950963	0
SRR27841065.2992363	569	CM084263.1_rotation_1_offset_3626	571	0.950963	0
SRR27841065.2995040	1693	CM084263.1_rotation_2_offset_7252	942	0.912951	0
SRR27841065.2995040	1693	CM084263.1_rotation_0_offset_0	942	0.912951	0
SRR27841065.2995040	1693	CM084263.1_rotation_3_offset_10878	942	0.912951	0
SRR27841065.2995040	1693	CM084263.1_rotation_1_offset_3626	942	0.912951	0
SRR27841065.2995040	1693	CM084263.1_rotation_2_offset_7252	884	0.770362	0
SRR27841065.2995040	1693	CM084263.1_rotation_0_offset_0	884	0.770362	0
SRR27841065.2995040	1693	CM084263.1_rotation_1_offset_3626	884	0.770362	0
SRR27841065.2995040	1693	CM084263.1_rotation_3_offset_10878	884	0.770362	0
SRR27841065.2999180	1096	CM084263.1_rotation_2_offset_7252	1101	0.976385	0
SRR27841065.2999180	1096	CM084263.1_rotation_3_offset_10878	1101	0.976385	0
SRR27841065.2999180	1096	CM084263.1_rotation_0_offset_0	1101	0.976385	0
SRR27841065.2999180	1096	CM084263.1_rotation_1_offset_3626	879	0.972696	0
SRR27841065.3001811	511	CM084263.1_rotation_3_offset_10878	520	0.967308	0
SRR27841065.3001811	511	CM084263.1_rotation_0_offset_0	520	0.967308	0
SRR27841065.3001811	511	CM084263.1_rotation_1_offset_3626	520	0.967308	0
SRR27841065.3001811	511	CM084263.1_rotation_2_offset_7252	520	0.967308	0
SRR27841065.3010265	5073	CM084263.1_rotation_1_offset_3626	3965	0.958386	0
SRR27841065.3010265	5073	CM084263.1_rotation_2_offset_7252	3965	0.958386	0
SRR27841065.3010265	5073	CM084263.1_rotation_0_offset_0	3958	0.958565	0
SRR27841065.3010265	5073	CM084263.1_rotation_3_offset_10878	3670	0.959673	0
SRR27841065.3012255	25257	CM084263.1_rotation_3_offset_10878	8859	0.974828	0
SRR27841065.3012255	25257	CM084263.1_rotation_0_offset_0	8859	0.974828	0
SRR27841065.3012255	25257	CM084263.1_rotation_2_offset_7252	6442	0.975629	0
SRR27841065.3012255	25257	CM084263.1_rotation_1_offset_3626	6063	0.975755	0
SRR27841065.3015363	580	CM084263.1_rotation_2_offset_7252	157	0.968153	0
SRR27841065.3015363	580	CM084263.1_rotation_0_offset_0	157	0.968153	0
SRR27841065.3015363	580	CM084263.1_rotation_3_offset_10878	157	0.968153	0
SRR27841065.3015363	580	CM084263.1_rotation_1_offset_3626	157	0.968153	0
SRR27841065.3015363	580	CM084263.1_rotation_2_offset_7252	81	1.000000	0
SRR27841065.3015363	580	CM084263.1_rotation_0_offset_0	81	1.000000	0
SRR27841065.3015363	580	CM084263.1_rotation_3_offset_10878	81	1.000000	0
SRR27841065.3015363	580	CM084263.1_rotation_1_offset_3626	81	1.000000	0
SRR27841065.3030424	973	CM084263.1_rotation_3_offset_10878	581	0.953528	0
SRR27841065.3030424	973	CM084263.1_rotation_2_offset_7252	581	0.953528	0
SRR27841065.3030424	973	CM084263.1_rotation_1_offset_3626	581	0.953528	0
SRR27841065.3030424	973	CM084263.1_rotation_0_offset_0	581	0.953528	0
SRR27841065.3030424	973	CM084263.1_rotation_3_offset_10878	484	0.708678	0
SRR27841065.3030424	973	CM084263.1_rotation_1_offset_3626	484	0.708678	0
SRR27841065.3030424	973	CM084263.1_rotation_0_offset_0	484	0.708678	0
SRR27841065.3030424	973	CM084263.1_rotation_2_offset_7252	484	0.708678	0
SRR27841065.3031012	3751	CM084263.1_rotation_0_offset_0	493	0.989858	0
SRR27841065.3031012	3751	CM084263.1_rotation_2_offset_7252	493	0.989858	0
SRR27841065.3031012	3751	CM084263.1_rotation_1_offset_3626	493	0.989858	0
SRR27841065.3031012	3751	CM084263.1_rotation_3_offset_10878	493	0.989858	0
SRR27841065.3031012	3751	CM084263.1_rotation_0_offset_0	91	1.000000	60
SRR27841065.3031012	3751	CM084263.1_rotation_0_offset_0	91	1.000000	60
SRR27841065.3031012	3751	CM084263.1_rotation_0_offset_0	91	1.000000	60
SRR27841065.3031012	3751	CM084263.1_rotation_0_offset_0	91	1.000000	60
SRR27841065.3031012	3751	CM084263.1_rotation_0_offset_0	91	1.000000	60
SRR27841065.3031012	3751	CM084263.1_rotation_0_offset_0	91	0.956044	43
SRR27841065.3031251	3890	CM084263.1_rotation_2_offset_7252	3942	0.956367	0
SRR27841065.3031251	3890	CM084263.1_rotation_1_offset_3626	3942	0.956367	0
SRR27841065.3031251	3890	CM084263.1_rotation_0_offset_0	3942	0.956367	0
SRR27841065.3031251	3890	CM084263.1_rotation_3_offset_10878	3306	0.959468	0
SRR27841065.3034864	3228	CM084263.1_rotation_0_offset_0	3250	0.970462	0
SRR27841065.3034864	3228	CM084263.1_rotation_3_offset_10878	3250	0.970462	0
SRR27841065.3034864	3228	CM084263.1_rotation_1_offset_3626	3250	0.970462	0
SRR27841065.3034864	3228	CM084263.1_rotation_2_offset_7252	1576	0.984772	0
SRR27841065.3037507	9966	CM084263.1_rotation_2_offset_7252	10087	0.557648	0
SRR27841065.3037507	9966	CM084263.1_rotation_1_offset_3626	10087	0.557648	0
SRR27841065.3037507	9966	CM084263.1_rotation_0_offset_0	4878	0.954490	0
SRR27841065.3037507	9966	CM084263.1_rotation_3_offset_10878	8875	0.503549	0
SRR27841065.3037833	4853	CM084263.1_rotation_3_offset_10878	4016	0.974353	0
SRR27841065.3037833	4853	CM084263.1_rotation_2_offset_7252	4016	0.974353	0
SRR27841065.3037833	4853	CM084263.1_rotation_0_offset_0	4016	0.974353	0
SRR27841065.3037833	4853	CM084263.1_rotation_1_offset_3626	2608	0.978528	0
SRR27841065.3038525	16825	CM084263.1_rotation_2_offset_7252	16995	0.710562	60
SRR27841065.3038525	16825	CM084263.1_rotation_3_offset_10878	14687	0.685232	0
SRR27841065.3038525	16825	CM084263.1_rotation_1_offset_3626	13274	0.672970	0
SRR27841065.3038525	16825	CM084263.1_rotation_0_offset_0	6725	0.894126	0
SRR27841065.3038525	16825	CM084263.1_rotation_2_offset_7252	685	0.925547	60
SRR27841065.3041044	4950	CM084263.1_rotation_0_offset_0	5029	0.960032	0
SRR27841065.3041044	4950	CM084263.1_rotation_2_offset_7252	5029	0.960032	0
SRR27841065.3041044	4950	CM084263.1_rotation_1_offset_3626	5029	0.960032	0
SRR27841065.3041044	4950	CM084263.1_rotation_3_offset_10878	3482	0.960942	0
SRR27841065.3043119	2964	CM084263.1_rotation_2_offset_7252	2993	0.977280	0
SRR27841065.3043119	2964	CM084263.1_rotation_3_offset_10878	2993	0.977280	0
SRR27841065.3043119	2964	CM084263.1_rotation_0_offset_0	2993	0.977280	0
SRR27841065.3043119	2964	CM084263.1_rotation_1_offset_3626	2877	0.977059	0
SRR27841065.3045731	1941	CM084263.1_rotation_2_offset_7252	289	0.865052	0
SRR27841065.3045731	1941	CM084263.1_rotation_1_offset_3626	289	0.865052	0
SRR27841065.3045731	1941	CM084263.1_rotation_3_offset_10878	289	0.865052	0
SRR27841065.3045731	1941	CM084263.1_rotation_0_offset_0	237	0.911392	0
SRR27841065.3045731	1941	CM084263.1_rotation_2_offset_7252	91	0.989011	0
SRR27841065.3045731	1941	CM084263.1_rotation_3_offset_10878	91	0.989011	0
SRR27841065.3045731	1941	CM084263.1_rotation_0_offset_0	91	0.989011	0
SRR27841065.3045731	1941	CM084263.1_rotation_1_offset_3626	91	0.989011	0
SRR27841065.3045731	1941	CM084263.1_rotation_2_offset_7252	89	0.966292	0
SRR27841065.3045731	1941	CM084263.1_rotation_3_offset_10878	89	0.966292	0
SRR27841065.3045731	1941	CM084263.1_rotation_0_offset_0	89	0.966292	0
SRR27841065.3045731	1941	CM084263.1_rotation_1_offset_3626	89	0.966292	0
SRR27841065.3045731	1941	CM084263.1_rotation_0_offset_0	91	0.934066	24
SRR27841065.3045731	1941	CM084263.1_rotation_0_offset_0	72	0.902778	10
SRR27841065.3047571	18620	CM084263.1_rotation_3_offset_10878	18241	0.748753	60
SRR27841065.3047571	18620	CM084263.1_rotation_2_offset_7252	15680	0.712755	0
SRR27841065.3047571	18620	CM084263.1_rotation_0_offset_0	10388	0.972661	0
SRR27841065.3047571	18620	CM084263.1_rotation_1_offset_3626	12027	0.632909	0
SRR27841065.3047571	18620	CM084263.1_rotation_1_offset_3626	6760	0.973669	0
SRR27841065.3047571	18620	CM084263.1_rotation_3_offset_10878	546	0.981685	60
